rx_time_iso,Time - Seconds,DPS368 - Pres (hPa),DPS368 - Temp (C),DPS368 - Alt ASL (m),MotorDriver - Motor Position,MotorDriver - Motor Angle,MotorDriver - Motor Velocity,MotorDriver - Battery Voltage
2026-03-03T13:43:24.514,5.282,1026.197,16.257,-107.173,-0.000,0.0,0.016,22.873
2026-03-03T13:43:25.007,5.774,1026.221,16.258,-107.375,-0.000,0.0,0.016,22.857
2026-03-03T13:43:25.519,6.274,1026.191,16.266,-107.128,-0.000,0.0,0.001,22.862
2026-03-03T13:43:26.007,6.774,1026.228,16.273,-107.433,-0.000,0.0,0.045,22.851
2026-03-03T13:43:26.523,7.274,1026.097,16.274,-106.352,-0.000,0.0,0.013,22.862
2026-03-03T13:43:27.007,7.774,1026.147,16.276,-106.761,-0.000,0.0,-0.001,22.876
2026-03-03T13:43:27.509,8.275,1026.187,16.269,-107.092,-0.000,0.0,-0.002,22.876
2026-03-03T13:43:28.007,8.775,1026.190,16.278,-107.115,-0.000,0.0,-0.005,22.864
2026-03-03T13:43:28.508,9.275,1026.178,16.277,-107.022,-0.000,0.0,-0.023,22.876
2026-03-03T13:43:29.007,9.775,1026.287,16.289,-107.914,-0.000,0.0,0.004,22.848
2026-03-03T13:43:29.508,10.275,1026.228,16.298,-107.430,-0.000,0.0,-0.012,22.869
2026-03-03T13:43:30.007,10.775,1026.214,16.291,-107.317,-0.000,0.0,0.015,22.848
2026-03-03T13:43:30.507,11.275,1026.292,16.285,-107.957,-0.000,0.0,0.022,22.871
2026-03-03T13:43:31.009,11.775,1026.318,16.302,-108.177,-0.000,0.0,-0.009,22.867
2026-03-03T13:43:31.508,12.275,1026.494,16.305,-109.621,-0.000,0.0,0.001,22.860
2026-03-03T13:43:32.027,12.775,1026.551,16.290,-110.093,-0.000,0.0,0.011,22.864
2026-03-03T13:43:32.507,13.275,1026.577,16.298,-110.306,-0.000,0.0,-0.011,22.853
2026-03-03T13:43:33.008,13.775,1026.663,16.308,-111.010,-0.000,0.0,0.020,22.860
2026-03-03T13:43:33.507,14.275,1026.808,16.305,-112.204,-0.000,0.0,0.010,22.855
2026-03-03T13:43:34.008,14.775,1026.877,16.308,-112.774,-0.000,0.0,0.008,22.857
2026-03-03T13:43:34.507,15.275,1026.925,16.320,-113.174,-0.000,0.0,0.013,22.862
2026-03-03T13:43:35.014,15.780,1026.953,16.314,-113.399,-0.000,0.0,-0.003,22.873
2026-03-03T13:43:35.508,16.276,1027.016,16.317,-113.915,-0.000,0.0,0.001,22.876
2026-03-03T13:43:36.009,16.776,1027.007,16.327,-113.847,-0.000,0.0,0.004,22.855
2026-03-03T13:43:36.517,17.276,1027.076,16.319,-114.414,-0.000,0.0,0.007,22.862
2026-03-03T13:43:37.008,17.776,1027.120,16.305,-114.778,-0.000,0.0,0.003,22.851
2026-03-03T13:43:37.525,18.276,1027.150,16.330,-115.021,-0.000,0.0,0.008,22.864
2026-03-03T13:43:38.008,18.776,1027.177,16.328,-115.241,-0.000,0.0,0.019,22.860
2026-03-03T13:43:38.509,19.276,1027.191,16.333,-115.360,-0.000,0.0,0.025,22.867
2026-03-03T13:43:39.008,19.776,1027.193,16.321,-115.374,-0.000,0.0,0.021,22.867
2026-03-03T13:43:39.509,20.276,1027.159,16.334,-115.093,-0.000,0.0,0.032,22.864
2026-03-03T13:43:40.009,20.776,1027.206,16.342,-115.482,-0.000,0.0,0.021,22.869
2026-03-03T13:43:40.508,21.276,1027.161,16.343,-115.109,-0.000,0.0,0.017,22.887
2026-03-03T13:43:41.008,21.776,1027.181,16.334,-115.276,-0.000,0.0,0.006,22.876
2026-03-03T13:43:41.509,22.276,1027.196,16.351,-115.398,-0.000,0.0,-0.004,22.887
2026-03-03T13:43:42.024,22.776,1027.232,16.347,-115.693,-0.000,0.0,-0.023,22.848
2026-03-03T13:43:42.508,23.276,1027.190,16.342,-115.353,-0.000,0.0,-0.034,22.864
2026-03-03T13:43:43.008,23.776,1027.223,16.353,-115.621,-0.000,0.0,-0.020,22.871
2026-03-03T13:43:43.508,24.276,1027.255,16.349,-115.887,-0.000,0.0,-0.019,22.855
2026-03-03T13:43:44.008,24.776,1027.259,16.362,-115.921,-0.000,0.0,0.003,22.869
2026-03-03T13:43:44.508,25.276,1027.252,16.367,-115.864,-0.000,0.0,-0.021,22.864
2026-03-03T13:43:45.009,25.776,1027.265,16.359,-115.971,-0.000,0.0,-0.013,22.862
2026-03-03T13:43:45.508,26.276,1027.262,16.352,-115.942,-0.000,0.0,0.019,22.855
2026-03-03T13:43:46.008,26.776,1027.247,16.362,-115.821,-0.000,0.0,-0.022,22.867
2026-03-03T13:43:46.508,27.276,1027.253,16.365,-115.869,-0.000,0.0,-0.010,22.851
2026-03-03T13:43:47.008,27.776,1027.254,16.368,-115.880,-0.000,0.0,0.005,22.867
2026-03-03T13:43:47.512,28.276,1027.249,16.384,-115.839,-0.000,0.0,0.001,22.862
2026-03-03T13:43:48.009,28.776,1027.260,16.378,-115.926,-0.000,0.0,-0.015,22.885
2026-03-03T13:43:48.525,29.276,1027.255,16.397,-115.888,-0.000,0.0,0.035,22.855
2026-03-03T13:43:49.008,29.776,1027.262,16.398,-115.942,-0.000,0.0,-0.025,22.873
2026-03-03T13:43:49.509,30.276,1027.245,16.392,-115.808,-0.000,0.0,0.011,22.853
2026-03-03T13:43:50.008,30.776,1027.244,16.394,-115.794,-0.000,0.0,0.003,22.855
2026-03-03T13:43:50.511,31.279,1027.229,16.401,-115.669,-0.000,0.0,0.006,22.867
2026-03-03T13:43:51.014,31.782,1027.217,16.407,-115.575,-0.000,0.0,0.021,22.864
2026-03-03T13:43:51.516,32.284,1027.245,16.394,-115.801,-0.000,0.0,0.031,22.871
2026-03-03T13:43:52.019,32.788,1027.219,16.414,-115.587,-0.000,0.0,0.007,22.876
2026-03-03T13:43:52.523,33.291,1027.192,16.415,-115.366,-0.000,0.0,0.007,22.851
2026-03-03T13:43:53.025,33.794,1027.202,16.411,-115.447,-0.000,0.0,0.012,22.876
2026-03-03T13:43:53.529,34.297,1027.202,16.410,-115.446,-0.000,0.0,-0.010,22.871
2026-03-03T13:43:54.031,34.800,1027.191,16.425,-115.360,-0.000,0.0,-0.013,22.857
2026-03-03T13:43:54.535,35.303,1027.179,16.423,-115.258,-0.000,0.0,-0.011,22.873
2026-03-03T13:43:55.043,35.806,1027.179,16.420,-115.263,-0.000,0.0,-0.001,22.864
2026-03-03T13:43:55.541,36.309,1027.170,16.433,-115.190,-0.000,0.0,-0.002,22.857
2026-03-03T13:43:56.063,36.812,1027.159,16.425,-115.092,-0.000,0.0,-0.018,22.851
2026-03-03T13:43:56.546,37.315,1027.155,16.436,-115.062,-0.000,0.0,0.026,22.860
2026-03-03T13:43:57.050,37.817,1027.148,16.427,-115.009,-0.000,0.0,0.013,22.867
2026-03-03T13:43:57.553,38.320,1027.140,16.431,-114.943,-0.000,0.0,0.023,22.876
2026-03-03T13:43:58.056,38.824,1027.143,16.452,-114.961,-0.000,0.0,-0.022,22.873
2026-03-03T13:43:58.558,39.327,1027.145,16.455,-114.978,-0.000,0.0,-0.003,22.860
2026-03-03T13:43:59.063,39.829,1027.131,16.453,-114.868,-0.000,0.0,0.006,22.860
2026-03-03T13:43:59.564,40.333,1027.121,16.458,-114.782,-0.000,0.0,-0.004,22.873
2026-03-03T13:44:00.068,40.836,1027.121,16.461,-114.784,-0.000,0.0,-0.014,22.846
2026-03-03T13:44:00.571,41.339,1027.110,16.462,-114.693,-0.000,0.0,-0.029,22.857
2026-03-03T13:44:01.074,41.841,1027.112,16.477,-114.706,-0.000,0.0,0.006,22.855
2026-03-03T13:44:01.576,42.345,1027.105,16.472,-114.654,-0.000,0.0,0.021,22.878
2026-03-03T13:44:02.079,42.848,1027.097,16.482,-114.587,-0.000,0.0,0.032,22.873
2026-03-03T13:44:02.584,43.352,1027.084,16.475,-114.481,-0.000,0.0,-0.004,22.855
2026-03-03T13:44:03.080,43.847,1027.080,16.490,-114.449,-0.000,0.0,-0.003,22.864
2026-03-03T13:44:03.605,44.347,1027.075,16.492,-114.404,-0.000,0.0,0.015,22.857
2026-03-03T13:44:04.079,44.847,1027.071,16.499,-114.371,-0.000,0.0,-0.031,22.862
2026-03-03T13:44:04.580,45.347,1027.064,16.489,-114.317,-0.000,0.0,-0.014,22.871
2026-03-03T13:44:05.078,45.847,1027.065,16.499,-114.326,-0.000,0.0,0.001,22.857
2026-03-03T13:44:05.580,46.347,1027.063,16.508,-114.310,-0.000,0.0,0.007,22.885
2026-03-03T13:44:06.078,46.847,1027.056,16.502,-114.251,-0.000,0.0,-0.001,22.857
2026-03-03T13:44:06.580,47.347,1027.060,16.487,-114.285,-0.000,0.0,0.006,22.857
2026-03-03T13:44:07.078,47.847,1027.054,16.494,-114.229,-0.000,0.0,0.002,22.860
2026-03-03T13:44:07.579,48.347,1027.052,16.503,-114.213,-0.000,0.0,0.014,22.862
2026-03-03T13:44:08.085,48.847,1027.050,16.509,-114.195,-0.000,0.0,0.007,22.871
2026-03-03T13:44:08.579,49.347,1027.052,16.521,-114.212,-0.000,0.0,0.009,22.851
2026-03-03T13:44:09.089,49.847,1027.052,16.519,-114.211,-0.000,0.0,0.015,22.867
2026-03-03T13:44:09.578,50.347,1027.047,16.506,-114.170,-0.000,0.0,-0.002,22.846
2026-03-03T13:44:10.078,50.847,1027.050,16.510,-114.196,-0.000,0.0,0.018,22.878
2026-03-03T13:44:10.578,51.347,1027.046,16.519,-114.165,-0.000,0.0,0.010,22.862
2026-03-03T13:44:11.080,51.847,1027.045,16.523,-114.161,-0.000,0.0,0.005,22.878
2026-03-03T13:44:11.579,52.347,1027.041,16.509,-114.126,-0.000,0.0,-0.006,22.851
2026-03-03T13:44:12.079,52.847,1027.045,16.525,-114.155,-0.000,0.0,-0.003,22.864
2026-03-03T13:44:12.578,53.347,1027.042,16.532,-114.131,-0.000,0.0,0.045,22.871
2026-03-03T13:44:13.078,53.847,1027.040,16.530,-114.113,-0.000,0.0,0.013,22.864
2026-03-03T13:44:13.578,54.347,1027.038,16.547,-114.097,-0.000,0.0,-0.008,22.869
2026-03-03T13:44:14.079,54.847,1027.018,16.534,-113.932,-0.000,0.0,0.008,22.873
2026-03-03T13:44:14.606,55.347,1026.935,16.547,-113.254,-0.000,0.0,0.018,22.880
2026-03-03T13:44:15.079,55.847,1026.931,16.552,-113.221,-0.000,0.0,0.008,22.857
2026-03-03T13:44:15.580,56.347,1026.968,16.553,-113.520,-0.000,0.0,0.022,22.867
2026-03-03T13:44:16.079,56.847,1026.970,16.559,-113.540,-0.000,0.0,-0.046,22.867
2026-03-03T13:44:16.578,57.347,1026.971,16.556,-113.552,-0.000,0.0,0.015,22.869
2026-03-03T13:44:17.078,57.847,1026.978,16.565,-113.606,-0.000,0.0,-0.012,22.857
2026-03-03T13:44:17.580,58.347,1027.000,16.557,-113.790,-0.000,0.0,0.016,22.860
2026-03-03T13:44:18.079,58.847,1027.058,16.574,-114.264,-0.000,0.0,-0.007,22.857
2026-03-03T13:44:18.581,59.348,1027.071,16.572,-114.370,-0.000,0.0,-0.029,22.851
2026-03-03T13:44:19.084,59.852,1027.037,16.572,-114.094,-0.000,0.0,-0.002,22.864
2026-03-03T13:44:19.588,60.355,1026.998,16.575,-113.767,-0.000,0.0,0.003,22.860
2026-03-03T13:44:20.098,60.858,1026.904,16.562,-112.999,-0.000,0.0,-0.002,22.839
2026-03-03T13:44:20.594,61.361,1026.910,16.578,-113.049,-0.000,0.0,0.028,22.864
2026-03-03T13:44:21.121,61.864,1026.943,16.589,-113.319,-0.000,0.0,0.040,22.869
2026-03-03T13:44:21.599,62.367,1026.940,16.584,-113.292,-0.000,0.0,-0.011,22.871
2026-03-03T13:44:22.103,62.870,1026.940,16.594,-113.293,-0.000,0.0,-0.015,22.864
2026-03-03T13:44:22.604,63.373,1026.950,16.586,-113.378,-0.000,0.0,-0.009,22.873
2026-03-03T13:44:23.107,63.876,1026.974,16.584,-113.575,0.002,0.0,-0.014,22.871
2026-03-03T13:44:23.611,64.379,1026.967,16.601,-113.513,0.002,0.0,0.018,22.867
2026-03-03T13:44:24.115,64.884,1026.975,16.593,-113.582,0.002,0.0,-0.005,22.862
2026-03-03T13:44:24.610,65.379,1026.976,16.606,-113.594,0.002,0.0,0.014,22.860
2026-03-03T13:44:25.111,65.879,1026.982,16.611,-113.636,0.002,0.0,0.022,22.869
2026-03-03T13:44:25.616,66.379,1026.981,16.616,-113.632,0.002,0.0,0.019,22.860
2026-03-03T13:44:26.111,66.879,1026.982,16.617,-113.641,0.002,0.0,-0.017,22.869
2026-03-03T13:44:26.611,67.379,1026.998,16.619,-113.773,0.002,0.0,-0.015,22.873
2026-03-03T13:44:27.110,67.879,1027.007,16.618,-113.849,0.002,0.0,0.033,22.857
2026-03-03T13:44:27.611,68.379,1027.004,16.612,-113.821,0.002,0.0,0.008,22.862
2026-03-03T13:44:28.109,68.879,1027.010,16.622,-113.874,0.002,0.0,0.016,22.878
2026-03-03T13:44:28.611,69.379,1027.005,16.617,-113.825,0.002,0.0,0.018,22.880
2026-03-03T13:44:29.110,69.879,1026.999,16.626,-113.778,0.002,0.0,-0.012,22.871
2026-03-03T13:44:29.611,70.379,1026.992,16.624,-113.723,0.002,0.0,0.020,22.878
2026-03-03T13:44:30.110,70.879,1026.985,16.640,-113.667,0.002,0.0,-0.001,22.855
2026-03-03T13:44:30.611,71.379,1026.997,16.632,-113.760,0.002,0.0,0.006,22.862
2026-03-03T13:44:31.114,71.879,1026.997,16.632,-113.759,0.002,0.0,0.018,22.867
2026-03-03T13:44:31.609,72.379,1027.002,16.632,-113.807,0.002,0.0,0.022,22.873
2026-03-03T13:44:32.129,72.879,1026.993,16.638,-113.726,0.002,0.0,0.010,22.887
2026-03-03T13:44:32.610,73.379,1026.979,16.646,-113.612,0.002,0.0,-0.016,22.869
2026-03-03T13:44:33.111,73.879,1026.977,16.638,-113.597,0.002,0.0,-0.008,22.857
2026-03-03T13:44:33.610,74.379,1026.987,16.634,-113.678,0.002,0.0,0.023,22.862
2026-03-03T13:44:34.112,74.879,1026.990,16.646,-113.703,0.002,0.0,0.022,22.851
2026-03-03T13:44:34.610,75.379,1026.990,16.646,-113.703,0.002,0.0,0.019,22.862
2026-03-03T13:44:35.115,75.883,1026.994,16.654,-113.740,0.002,0.0,-0.017,22.857
2026-03-03T13:44:35.618,76.387,1026.996,16.648,-113.751,0.002,0.0,0.034,22.857
2026-03-03T13:44:36.124,76.892,1027.003,16.656,-113.812,0.002,0.0,0.021,22.857
2026-03-03T13:44:36.630,77.387,1027.017,16.646,-113.925,0.002,0.0,0.020,22.855
2026-03-03T13:44:37.119,77.887,1027.034,16.657,-114.064,0.002,0.0,0.018,22.860
2026-03-03T13:44:37.620,78.387,1027.038,16.659,-114.097,0.002,0.0,0.001,22.869
2026-03-03T13:44:38.120,78.887,1027.034,16.670,-114.067,0.002,0.0,-0.016,22.855
2026-03-03T13:44:38.644,79.387,1027.023,16.669,-113.974,0.002,0.0,-0.006,22.873
2026-03-03T13:44:39.121,79.887,1027.037,16.676,-114.089,0.002,0.0,0.012,22.860
2026-03-03T13:44:39.620,80.387,1027.035,16.665,-114.079,0.002,0.0,-0.005,22.860
2026-03-03T13:44:40.118,80.887,1027.031,16.669,-114.044,0.002,0.0,-0.038,22.855
2026-03-03T13:44:40.619,81.387,1027.036,16.680,-114.083,0.002,0.0,-0.000,22.869
2026-03-03T13:44:41.118,81.887,1027.033,16.667,-114.057,0.002,0.0,0.003,22.864
2026-03-03T13:44:41.618,82.387,1027.038,16.690,-114.099,0.002,0.0,0.012,22.855
2026-03-03T13:44:42.122,82.887,1027.033,16.680,-114.061,0.002,0.0,0.031,22.860
2026-03-03T13:44:42.618,83.387,1027.032,16.679,-114.053,0.002,0.0,0.002,22.862
2026-03-03T13:44:43.132,83.887,1027.034,16.701,-114.071,0.002,0.0,-0.009,22.860
2026-03-03T13:44:43.620,84.387,1027.035,16.692,-114.078,0.002,0.0,-0.001,22.857
2026-03-03T13:44:44.120,84.887,1027.035,16.691,-114.077,0.002,0.0,-0.011,22.871
2026-03-03T13:44:44.618,85.387,1027.036,16.708,-114.084,0.002,0.0,-0.002,22.839
2026-03-03T13:44:45.119,85.887,1027.035,16.696,-114.074,0.002,0.0,-0.007,22.876
2026-03-03T13:44:45.618,86.387,1027.036,16.699,-114.083,0.002,0.0,0.006,22.869
2026-03-03T13:44:46.119,86.887,1027.037,16.693,-114.094,0.002,0.0,-0.008,22.869
2026-03-03T13:44:46.618,87.387,1027.037,16.708,-114.091,0.002,0.0,-0.020,22.873
2026-03-03T13:44:47.121,87.890,1027.035,16.704,-114.073,0.002,0.0,-0.008,22.857
2026-03-03T13:44:47.626,88.395,1027.035,16.706,-114.074,0.002,0.0,-0.013,22.864
2026-03-03T13:44:48.123,88.890,1027.034,16.709,-114.069,0.002,0.0,-0.014,22.851
2026-03-03T13:44:48.634,89.390,1027.037,16.720,-114.094,0.002,0.0,-0.009,22.857
2026-03-03T13:44:49.121,89.890,1027.034,16.713,-114.065,0.002,0.0,-0.042,22.857
2026-03-03T13:44:49.633,90.390,1027.035,16.728,-114.077,0.002,0.0,-0.001,22.860
2026-03-03T13:44:50.122,90.890,1027.033,16.718,-114.062,0.002,0.0,-0.012,22.862
2026-03-03T13:44:50.622,91.390,1027.035,16.728,-114.077,0.002,0.0,0.001,22.851
2026-03-03T13:44:51.121,91.890,1027.036,16.737,-114.084,0.002,0.0,-0.027,22.848
2026-03-03T13:44:51.621,92.390,1027.035,16.725,-114.074,0.002,0.0,0.006,22.869
2026-03-03T13:44:52.121,92.890,1027.034,16.740,-114.071,0.002,0.0,0.011,22.864
2026-03-03T13:44:52.621,93.390,1027.036,16.741,-114.081,0.002,0.0,0.001,22.869
2026-03-03T13:44:53.120,93.890,1027.032,16.727,-114.054,0.002,0.0,-0.036,22.864
2026-03-03T13:44:53.622,94.390,1027.033,16.737,-114.062,0.002,0.0,0.001,22.871
2026-03-03T13:44:54.121,94.890,1027.036,16.753,-114.083,0.002,0.0,-0.004,22.853
2026-03-03T13:44:54.620,95.390,1027.034,16.741,-114.065,0.002,0.0,-0.020,22.869
2026-03-03T13:44:55.129,95.890,1027.034,16.745,-114.068,0.002,0.0,-0.022,22.864
2026-03-03T13:44:55.622,96.390,1027.034,16.756,-114.070,0.002,0.0,0.003,22.869
2026-03-03T13:44:56.140,96.890,1027.035,16.739,-114.078,0.002,0.0,-0.021,22.869
2026-03-03T13:44:56.621,97.390,1027.036,16.741,-114.088,0.002,0.0,0.025,22.867
2026-03-03T13:44:57.122,97.890,1027.034,16.746,-114.069,0.002,0.0,0.009,22.860
2026-03-03T13:44:57.620,98.390,1027.032,16.742,-114.051,0.002,0.0,0.018,22.871
2026-03-03T13:44:58.122,98.890,1027.033,16.750,-114.057,0.002,0.0,-0.032,22.862
2026-03-03T13:44:58.623,99.393,1027.034,16.761,-114.066,0.002,0.0,0.005,22.862
2026-03-03T13:44:59.123,99.892,1027.034,16.750,-114.065,0.002,0.0,0.027,22.878
2026-03-03T13:44:59.622,100.392,1027.034,16.767,-114.064,0.002,0.0,0.012,22.860
2026-03-03T13:45:00.122,100.892,1027.033,16.758,-114.056,0.002,0.0,0.001,22.846
2026-03-03T13:45:00.627,101.392,1027.036,16.764,-114.084,0.002,0.0,0.010,22.869
2026-03-03T13:45:01.124,101.892,1027.031,16.752,-114.044,0.002,0.0,-0.016,22.864
2026-03-03T13:45:01.625,102.392,1027.034,16.770,-114.066,0.002,0.0,0.012,22.848
2026-03-03T13:45:02.123,102.892,1027.036,16.778,-114.080,0.002,0.0,-0.035,22.878
2026-03-03T13:45:02.622,103.392,1027.035,16.779,-114.073,0.002,0.0,0.008,22.862
2026-03-03T13:45:03.123,103.892,1027.034,16.773,-114.068,0.002,0.0,-0.008,22.862
2026-03-03T13:45:03.623,104.392,1027.032,16.765,-114.054,0.002,0.0,-0.015,22.860
2026-03-03T13:45:04.122,104.892,1027.032,16.772,-114.052,0.002,0.0,0.015,22.867
2026-03-03T13:45:04.623,105.392,1027.033,16.778,-114.057,0.002,0.0,-0.015,22.880
2026-03-03T13:45:05.122,105.892,1027.035,16.788,-114.073,0.002,0.0,-0.002,22.855
2026-03-03T13:45:05.623,106.392,1027.035,16.795,-114.078,0.002,0.0,-0.005,22.862
2026-03-03T13:45:06.128,106.892,1027.035,16.794,-114.078,0.002,0.0,-0.032,22.848
2026-03-03T13:45:06.622,107.392,1027.037,16.796,-114.095,0.002,0.0,-0.026,22.855
2026-03-03T13:45:07.125,107.892,1027.037,16.797,-114.096,0.002,0.0,0.003,22.862
2026-03-03T13:45:07.622,108.392,1027.035,16.799,-114.074,0.002,0.0,0.022,22.857
2026-03-03T13:45:08.123,108.892,1027.037,16.797,-114.096,0.002,0.0,-0.031,22.848
2026-03-03T13:45:08.622,109.392,1027.039,16.805,-114.110,0.002,0.0,0.027,22.848
2026-03-03T13:45:09.125,109.893,1027.038,16.806,-114.103,0.002,0.0,0.016,22.871
2026-03-03T13:45:09.628,110.398,1027.039,16.818,-114.105,0.002,0.0,0.009,22.857
2026-03-03T13:45:10.124,110.893,1027.038,16.820,-114.099,0.002,0.0,0.005,22.835
2026-03-03T13:45:10.629,111.393,1027.038,16.814,-114.102,0.002,0.0,0.011,22.864
2026-03-03T13:45:11.125,111.893,1027.036,16.803,-114.086,0.002,0.0,-0.011,22.860
2026-03-03T13:45:11.633,112.393,1027.034,16.797,-114.065,0.002,0.0,-0.032,22.864
2026-03-03T13:45:12.123,112.893,1027.035,16.807,-114.073,0.002,0.0,0.031,22.869
2026-03-03T13:45:12.624,113.393,1027.010,16.818,-113.867,0.002,0.0,0.008,22.876
2026-03-03T13:45:13.123,113.893,1026.985,16.821,-113.663,0.002,0.0,0.031,22.846
2026-03-03T13:45:13.624,114.393,1026.986,16.830,-113.671,0.002,0.0,-0.015,22.883
2026-03-03T13:45:14.123,114.893,1027.005,16.828,-113.830,0.002,0.0,-0.018,22.857
2026-03-03T13:45:14.623,115.393,1027.011,16.836,-113.882,0.002,0.0,-0.015,22.853
2026-03-03T13:45:15.123,115.893,1027.009,16.825,-113.865,0.002,0.0,0.014,22.848
2026-03-03T13:45:15.624,116.393,1027.005,16.823,-113.833,0.002,0.0,0.001,22.855
2026-03-03T13:45:16.126,116.893,1027.007,16.815,-113.849,0.002,0.0,-0.075,22.860
2026-03-03T13:45:16.624,117.393,1027.009,16.823,-113.864,0.002,0.0,0.022,22.885
2026-03-03T13:45:17.124,117.893,1027.013,16.830,-113.892,0.002,0.0,-0.036,22.871
2026-03-03T13:45:17.623,118.393,1027.012,16.827,-113.890,0.002,0.0,0.033,22.862
2026-03-03T13:45:18.124,118.893,1027.010,16.844,-113.866,0.002,0.0,-0.004,22.855
2026-03-03T13:45:18.623,119.393,1027.008,16.840,-113.855,0.002,0.0,0.047,22.869
2026-03-03T13:45:19.124,119.893,1027.003,16.842,-113.812,0.002,0.0,-0.001,22.862
2026-03-03T13:45:19.623,120.393,1027.005,16.842,-113.826,0.002,0.0,-0.025,22.860
2026-03-03T13:45:20.124,120.893,1027.006,16.844,-113.835,0.002,0.0,0.031,22.864
2026-03-03T13:45:20.631,121.396,1027.006,16.851,-113.841,0.002,0.0,-0.005,22.848
2026-03-03T13:45:21.132,121.900,1027.003,16.839,-113.809,0.002,0.0,0.020,22.871
2026-03-03T13:45:21.650,122.396,1027.007,16.854,-113.844,0.002,0.0,-0.004,22.869
2026-03-03T13:45:22.127,122.896,1027.009,16.849,-113.862,0.002,0.0,0.020,22.855
2026-03-03T13:45:22.627,123.396,1027.007,16.851,-113.849,0.002,0.0,-0.062,22.867
2026-03-03T13:45:23.126,123.896,1027.007,16.848,-113.847,0.002,0.0,-0.026,22.860
2026-03-03T13:45:23.627,124.396,1027.006,16.848,-113.839,0.002,0.0,0.021,22.860
2026-03-03T13:45:24.126,124.896,1027.006,16.860,-113.841,0.002,0.0,0.004,22.867
2026-03-03T13:45:24.626,125.396,1027.009,16.869,-113.864,0.002,0.0,0.010,22.844
2026-03-03T13:45:25.126,125.896,1027.005,16.857,-113.832,0.002,0.0,0.020,22.873
2026-03-03T13:45:25.626,126.396,1027.008,16.860,-113.856,0.002,0.0,0.053,22.871
2026-03-03T13:45:26.137,126.896,1027.012,16.876,-113.885,0.002,0.0,0.060,22.873
2026-03-03T13:45:26.626,127.396,1027.022,16.873,-113.966,0.002,0.0,-0.008,22.867
2026-03-03T13:45:27.127,127.896,1027.033,16.871,-114.057,0.002,0.0,-0.008,22.867
2026-03-03T13:45:27.627,128.397,1027.028,16.868,-114.017,0.002,0.0,-0.015,22.867
2026-03-03T13:45:28.128,128.897,1027.016,16.867,-113.915,0.002,0.0,0.003,22.857
2026-03-03T13:45:28.627,129.397,1027.020,16.867,-113.954,0.002,0.0,-0.045,22.862
2026-03-03T13:45:29.128,129.897,1027.018,16.876,-113.938,0.002,0.0,-0.002,22.857
2026-03-03T13:45:29.627,130.397,1027.017,16.861,-113.926,0.002,0.0,-0.037,22.862
2026-03-03T13:45:30.127,130.897,1027.024,16.880,-113.987,0.002,0.0,0.004,22.857
2026-03-03T13:45:30.642,131.397,1027.020,16.881,-113.950,0.002,0.0,-0.015,22.867
2026-03-03T13:45:31.128,131.897,1027.016,16.886,-113.916,0.002,0.0,0.000,22.841
2026-03-03T13:45:31.628,132.397,1027.016,16.894,-113.915,0.002,0.0,-0.009,22.848
2026-03-03T13:45:32.132,132.902,1027.012,16.889,-113.887,0.002,0.0,-0.008,22.862
2026-03-03T13:45:32.629,133.397,1027.008,16.889,-113.856,0.002,0.0,0.025,22.873
2026-03-03T13:45:33.127,133.897,1027.005,16.891,-113.828,0.002,0.0,0.012,22.844
2026-03-03T13:45:33.627,134.397,1027.007,16.898,-113.842,0.002,0.0,0.007,22.857
2026-03-03T13:45:34.127,134.897,1027.006,16.904,-113.839,0.002,0.0,0.021,22.867
2026-03-03T13:45:34.627,135.397,1027.005,16.900,-113.828,0.002,0.0,0.022,22.855
2026-03-03T13:45:35.128,135.897,1027.005,16.896,-113.833,0.002,0.0,-0.011,22.876
2026-03-03T13:45:35.628,136.397,1027.008,16.905,-113.855,0.002,0.0,0.006,22.869
2026-03-03T13:45:36.143,136.897,1026.970,16.899,-113.543,13.915,36.6,-45.571,22.807
2026-03-03T13:45:36.627,137.397,1026.991,16.911,-113.715,32.868,79.7,-2.382,22.828
2026-03-03T13:45:37.128,137.897,1026.997,16.914,-113.763,33.017,80.0,-0.066,22.832
2026-03-03T13:45:37.628,138.397,1026.996,16.919,-113.752,33.033,80.0,-0.064,22.839
2026-03-03T13:45:38.128,138.897,1026.992,16.900,-113.720,33.040,80.0,0.007,22.839
2026-03-03T13:45:38.627,139.397,1026.993,16.905,-113.733,33.044,80.0,-0.021,22.841
2026-03-03T13:45:39.127,139.897,1026.994,16.906,-113.741,33.050,80.0,-0.047,22.848
2026-03-03T13:45:39.626,140.397,1026.994,16.919,-113.735,33.050,80.0,-0.012,22.848
2026-03-03T13:45:40.126,140.897,1026.996,16.917,-113.758,33.050,80.0,0.012,22.844
2026-03-03T13:45:40.636,141.397,1027.002,16.921,-113.807,33.050,80.0,0.006,22.862
2026-03-03T13:45:41.128,141.897,1027.001,16.921,-113.799,33.050,80.0,-0.022,22.853
2026-03-03T13:45:41.628,142.397,1026.994,16.926,-113.741,33.050,80.0,0.041,22.853
2026-03-03T13:45:42.127,142.897,1026.997,16.922,-113.762,33.050,80.0,-0.004,22.860
2026-03-03T13:45:42.631,143.402,1026.994,16.930,-113.738,33.050,80.0,0.031,22.848
2026-03-03T13:45:43.127,143.897,1026.993,16.930,-113.730,33.050,80.0,0.021,22.851
2026-03-03T13:45:43.628,144.397,1027.005,16.934,-113.825,33.050,80.0,0.019,22.851
2026-03-03T13:45:44.127,144.897,1027.002,16.939,-113.807,33.050,80.0,0.018,22.862
2026-03-03T13:45:44.627,145.397,1027.006,16.943,-113.841,33.050,80.0,-0.035,22.855
2026-03-03T13:45:45.132,145.897,1027.008,16.937,-113.852,33.050,80.0,-0.016,22.857
2026-03-03T13:45:45.628,146.397,1027.005,16.942,-113.832,33.049,80.0,0.016,22.867
2026-03-03T13:45:46.142,146.897,1027.003,16.950,-113.809,33.049,80.0,0.005,22.860
2026-03-03T13:45:46.627,147.397,1027.005,16.950,-113.831,33.049,80.0,0.023,22.855
2026-03-03T13:45:47.127,147.897,1027.005,16.943,-113.825,33.049,80.0,0.011,22.855
2026-03-03T13:45:47.626,148.397,1027.010,16.951,-113.870,33.048,80.0,-0.003,22.871
2026-03-03T13:45:48.127,148.897,1027.014,16.947,-113.904,33.048,80.0,0.028,22.867
2026-03-03T13:45:48.627,149.397,1027.006,16.942,-113.840,33.047,80.0,-0.008,22.862
2026-03-03T13:45:49.127,149.897,1027.006,16.957,-113.837,33.046,80.0,0.000,22.862
2026-03-03T13:45:49.627,150.397,1027.013,16.930,-113.891,33.046,80.0,-0.006,22.851
2026-03-03T13:45:50.128,150.897,1027.015,16.938,-113.912,33.045,80.0,0.003,22.873
2026-03-03T13:45:50.638,151.397,1027.018,16.942,-113.938,33.045,80.0,-0.017,22.851
2026-03-03T13:45:51.128,151.897,1027.012,16.947,-113.890,33.045,80.0,-0.051,22.864
2026-03-03T13:45:51.628,152.397,1027.013,16.948,-113.898,33.045,80.0,0.038,22.860
2026-03-03T13:45:52.126,152.897,1027.013,16.949,-113.892,33.044,80.0,-0.016,22.862
2026-03-03T13:45:52.629,153.397,1027.007,16.950,-113.847,33.044,80.0,0.022,22.860
2026-03-03T13:45:53.132,153.902,1027.000,16.954,-113.788,33.044,80.0,0.004,22.862
2026-03-03T13:45:53.628,154.397,1026.988,16.944,-113.688,33.044,80.0,0.014,22.857
2026-03-03T13:45:54.127,154.897,1026.995,16.959,-113.746,33.044,80.0,0.027,22.844
2026-03-03T13:45:54.628,155.397,1027.002,16.965,-113.805,33.044,80.0,0.031,22.846
2026-03-03T13:45:55.127,155.897,1027.010,16.958,-113.869,33.044,80.0,0.004,22.862
2026-03-03T13:45:55.627,156.397,1027.016,16.952,-113.917,33.044,80.0,-0.004,22.860
2026-03-03T13:45:56.133,156.897,1027.012,16.964,-113.888,33.044,80.0,0.006,22.867
2026-03-03T13:45:56.628,157.397,1027.010,16.960,-113.871,33.044,80.0,0.006,22.857
2026-03-03T13:45:57.147,157.897,1027.013,16.959,-113.892,33.044,80.0,0.020,22.853
2026-03-03T13:45:57.628,158.397,1027.010,16.965,-113.867,33.044,80.0,-0.040,22.860
2026-03-03T13:45:58.127,158.897,1027.011,16.960,-113.878,33.044,80.0,0.022,22.864
2026-03-03T13:45:58.626,159.397,1027.004,16.954,-113.819,33.044,80.0,0.003,22.855
2026-03-03T13:45:59.128,159.897,1026.996,16.963,-113.758,33.044,80.0,-0.005,22.853
2026-03-03T13:45:59.626,160.397,1027.001,16.981,-113.795,33.044,80.0,-0.015,22.857
2026-03-03T13:46:00.127,160.897,1026.999,16.976,-113.775,33.044,80.0,-0.026,22.846
2026-03-03T13:46:00.632,161.397,1026.999,16.982,-113.781,33.044,80.0,-0.002,22.864
2026-03-03T13:46:01.128,161.897,1027.002,16.973,-113.805,33.044,80.0,0.017,22.855
2026-03-03T13:46:01.635,162.397,1027.005,16.976,-113.830,33.044,80.0,-0.050,22.855
2026-03-03T13:46:02.127,162.897,1027.004,16.981,-113.819,33.044,80.0,-0.007,22.844
2026-03-03T13:46:02.628,163.397,1026.995,16.963,-113.742,33.044,80.0,-0.007,22.860
2026-03-03T13:46:03.126,163.897,1026.995,16.967,-113.745,33.044,80.0,-0.001,22.846
2026-03-03T13:46:03.634,164.402,1026.998,16.979,-113.770,33.044,80.0,-0.006,22.871
2026-03-03T13:46:04.126,164.897,1027.001,16.985,-113.798,33.044,80.0,0.011,22.862
2026-03-03T13:46:04.626,165.397,1026.999,16.992,-113.781,33.044,80.0,0.003,22.860
2026-03-03T13:46:05.126,165.897,1027.005,16.989,-113.826,33.044,80.0,0.034,22.851
2026-03-03T13:46:05.628,166.397,1027.001,16.983,-113.797,33.044,80.0,-0.006,22.867
2026-03-03T13:46:06.138,166.897,1026.998,16.981,-113.772,33.045,80.0,0.021,22.853
2026-03-03T13:46:06.628,167.397,1026.999,16.983,-113.782,33.045,80.0,0.005,22.841
2026-03-03T13:46:07.132,167.897,1027.002,16.994,-113.807,33.045,80.0,0.005,22.851
2026-03-03T13:46:07.627,168.397,1027.000,16.992,-113.789,33.045,80.0,0.002,22.851
2026-03-03T13:46:08.127,168.897,1027.004,16.991,-113.819,33.045,80.0,-0.009,22.853
2026-03-03T13:46:08.627,169.397,1026.999,16.991,-113.780,33.045,80.0,-0.027,22.860
2026-03-03T13:46:09.128,169.897,1027.001,16.998,-113.794,33.045,80.0,-0.016,22.860
2026-03-03T13:46:09.627,170.397,1027.003,17.004,-113.814,33.045,80.0,-0.009,22.848
2026-03-03T13:46:10.128,170.897,1027.001,17.001,-113.796,33.045,80.0,-0.003,22.862
2026-03-03T13:46:10.626,171.397,1026.998,16.999,-113.771,33.045,80.0,0.020,22.851
2026-03-03T13:46:11.127,171.897,1027.006,17.001,-113.835,33.045,80.0,-0.039,22.855
2026-03-03T13:46:11.628,172.397,1026.999,17.000,-113.780,33.045,80.0,-0.016,22.844
2026-03-03T13:46:12.127,172.897,1027.005,16.997,-113.832,33.045,80.0,0.047,22.844
2026-03-03T13:46:12.633,173.397,1027.002,17.011,-113.805,33.045,80.0,-0.002,22.853
2026-03-03T13:46:13.126,173.897,1027.001,17.011,-113.797,33.045,80.0,0.013,22.853
2026-03-03T13:46:13.626,174.397,1027.001,17.000,-113.795,33.046,80.0,-0.017,22.857
2026-03-03T13:46:14.132,174.902,1027.000,16.993,-113.790,33.046,80.0,0.008,22.848
2026-03-03T13:46:14.627,175.397,1027.001,17.014,-113.799,33.046,80.0,-0.002,22.846
2026-03-03T13:46:15.126,175.897,1027.005,17.010,-113.828,33.046,80.0,-0.019,22.880
2026-03-03T13:46:15.626,176.397,1027.000,17.006,-113.785,33.046,80.0,-0.025,22.862
2026-03-03T13:46:16.127,176.897,1027.002,17.006,-113.801,33.046,80.0,0.032,22.846
2026-03-03T13:46:16.627,177.397,1027.003,17.000,-113.812,33.046,80.0,0.014,22.839
2026-03-03T13:46:17.133,177.897,1027.005,17.026,-113.833,33.046,80.0,0.031,22.855
2026-03-03T13:46:17.626,178.397,1027.002,17.012,-113.807,33.046,80.0,0.007,22.837
2026-03-03T13:46:18.127,178.897,1027.004,17.011,-113.821,33.046,80.0,0.023,22.855
2026-03-03T13:46:18.626,179.397,1027.007,17.018,-113.849,33.046,80.0,-0.003,22.844
2026-03-03T13:46:19.128,179.897,1027.008,17.021,-113.851,33.046,80.0,-0.005,22.855
2026-03-03T13:46:19.626,180.397,1027.006,17.024,-113.839,33.047,80.0,0.023,22.883
2026-03-03T13:46:20.129,180.897,1027.007,17.037,-113.842,33.047,80.0,0.009,22.835
2026-03-03T13:46:20.626,181.397,1027.009,17.033,-113.862,33.047,80.0,0.003,22.851
2026-03-03T13:46:21.128,181.897,1027.006,17.020,-113.835,33.047,80.0,-0.011,22.862
2026-03-03T13:46:21.629,182.397,1027.005,17.028,-113.826,33.047,80.0,-0.011,22.855
2026-03-03T13:46:22.127,182.897,1027.005,17.020,-113.828,33.047,80.0,0.000,22.851
2026-03-03T13:46:22.627,183.397,1027.009,17.030,-113.859,33.047,80.0,0.009,22.860
2026-03-03T13:46:23.126,183.897,1027.013,17.042,-113.891,33.047,80.0,0.011,22.873
2026-03-03T13:46:23.626,184.397,1027.009,17.043,-113.862,33.047,80.0,-0.040,22.857
2026-03-03T13:46:24.126,184.897,1027.013,17.045,-113.893,33.047,80.0,0.008,22.851
2026-03-03T13:46:24.631,185.402,1027.012,17.041,-113.883,33.047,80.0,0.029,22.853
2026-03-03T13:46:25.126,185.897,1027.009,17.030,-113.859,33.047,80.0,0.022,22.855
2026-03-03T13:46:25.627,186.397,1027.010,17.039,-113.873,33.047,80.0,0.002,22.851
2026-03-03T13:46:26.128,186.897,1027.010,17.041,-113.868,33.047,80.0,0.021,22.855
2026-03-03T13:46:26.626,187.397,1027.010,17.038,-113.872,33.047,80.0,0.027,22.855
2026-03-03T13:46:27.127,187.897,1027.011,17.049,-113.881,33.047,80.0,0.033,22.851
2026-03-03T13:46:27.626,188.397,1027.006,17.054,-113.840,33.047,80.0,0.008,22.839
2026-03-03T13:46:28.126,188.897,1027.011,17.050,-113.875,33.047,80.0,0.018,22.871
2026-03-03T13:46:28.626,189.397,1027.009,17.061,-113.861,33.047,80.0,-0.033,22.864
2026-03-03T13:46:29.126,189.897,1027.011,17.056,-113.880,33.047,80.0,-0.005,22.862
2026-03-03T13:46:29.626,190.397,1027.015,17.054,-113.909,33.047,80.0,-0.004,22.855
2026-03-03T13:46:30.127,190.897,1027.014,17.052,-113.899,33.047,80.0,-0.024,22.855
2026-03-03T13:46:30.650,191.397,1027.012,17.049,-113.890,33.047,80.0,-0.030,22.871
2026-03-03T13:46:31.128,191.897,1027.010,17.053,-113.870,33.047,80.0,-0.001,22.864
2026-03-03T13:46:31.627,192.397,1027.011,17.050,-113.875,33.047,80.0,0.014,22.853
2026-03-03T13:46:32.126,192.897,1027.011,17.054,-113.878,33.047,80.0,-0.018,22.862
2026-03-03T13:46:32.626,193.397,1027.010,17.059,-113.867,33.046,80.0,-0.003,22.876
2026-03-03T13:46:33.126,193.897,1027.009,17.061,-113.862,33.046,80.0,0.014,22.857
2026-03-03T13:46:33.628,194.397,1027.008,17.074,-113.856,33.046,80.0,-0.000,22.851
2026-03-03T13:46:34.126,194.897,1027.006,17.053,-113.839,33.046,80.0,-0.004,22.864
2026-03-03T13:46:34.626,195.397,1027.006,17.049,-113.836,33.046,80.0,-0.019,22.851
2026-03-03T13:46:35.137,195.902,1027.010,17.066,-113.866,33.046,80.0,0.009,22.862
2026-03-03T13:46:35.626,196.397,1027.008,17.058,-113.851,33.046,80.0,-0.031,22.867
2026-03-03T13:46:36.128,196.897,1027.010,17.066,-113.873,33.046,80.0,0.055,22.869
2026-03-03T13:46:36.626,197.397,1027.008,17.062,-113.854,33.046,80.0,-0.018,22.871
2026-03-03T13:46:37.126,197.897,1027.009,17.062,-113.862,33.046,80.0,-0.024,22.862
2026-03-03T13:46:37.626,198.397,1027.011,17.080,-113.877,33.045,80.0,0.028,22.848
2026-03-03T13:46:38.126,198.897,1027.012,17.087,-113.883,33.045,80.0,-0.009,22.871
2026-03-03T13:46:38.626,199.397,1027.011,17.075,-113.880,33.045,80.0,-0.013,22.853
2026-03-03T13:46:39.127,199.897,1027.007,17.081,-113.847,33.045,80.0,0.019,22.848
2026-03-03T13:46:39.640,200.397,1027.008,17.080,-113.855,33.045,80.0,0.018,22.880
2026-03-03T13:46:40.126,200.897,1027.008,17.077,-113.852,33.045,80.0,-0.026,22.869
2026-03-03T13:46:40.627,201.397,1027.010,17.095,-113.874,33.045,80.0,-0.042,22.844
2026-03-03T13:46:41.126,201.897,1027.006,17.077,-113.837,33.045,80.0,-0.031,22.864
2026-03-03T13:46:41.627,202.397,1027.006,17.080,-113.839,33.045,80.0,0.015,22.869
2026-03-03T13:46:42.126,202.897,1027.011,17.080,-113.877,33.045,80.0,-0.016,22.846
2026-03-03T13:46:42.627,203.397,1027.010,17.084,-113.872,33.045,80.0,0.030,22.883
2026-03-03T13:46:43.129,203.897,1027.009,17.082,-113.864,33.045,80.0,0.007,22.862
2026-03-03T13:46:43.626,204.397,1027.008,17.083,-113.856,33.045,80.0,-0.021,22.869
2026-03-03T13:46:44.143,204.897,1027.013,17.086,-113.897,33.045,80.0,-0.005,22.873
2026-03-03T13:46:44.627,205.397,1027.010,17.089,-113.869,33.045,80.0,-0.002,22.860
2026-03-03T13:46:45.153,205.897,1027.008,17.092,-113.856,33.045,80.0,-0.016,22.851
2026-03-03T13:46:45.632,206.402,1027.009,17.086,-113.859,33.045,80.0,0.016,22.889
2026-03-03T13:46:46.127,206.897,1027.007,17.084,-113.842,33.045,80.0,0.012,22.855
2026-03-03T13:46:46.627,207.397,1027.010,17.097,-113.868,33.045,80.0,0.013,22.857
2026-03-03T13:46:47.126,207.897,1027.010,17.101,-113.872,33.045,80.0,-0.020,22.855
2026-03-03T13:46:47.626,208.397,1027.014,17.107,-113.899,33.045,80.0,-0.003,22.841
2026-03-03T13:46:48.125,208.897,1027.008,17.104,-113.851,33.045,80.0,0.011,22.867
2026-03-03T13:46:48.626,209.397,1027.006,17.091,-113.840,33.045,80.0,-0.012,22.853
2026-03-03T13:46:49.127,209.897,1027.009,17.101,-113.864,33.045,80.0,0.026,22.860
2026-03-03T13:46:49.626,210.397,1027.006,17.103,-113.835,33.045,80.0,0.015,22.873
2026-03-03T13:46:50.126,210.897,1027.007,17.102,-113.842,33.045,80.0,0.016,22.871
2026-03-03T13:46:50.639,211.397,1027.002,17.110,-113.802,33.045,80.0,0.008,22.871
2026-03-03T13:46:51.128,211.897,1027.001,17.098,-113.799,33.045,80.0,-0.015,22.855
2026-03-03T13:46:51.627,212.397,1027.009,17.123,-113.859,33.045,80.0,0.008,22.839
2026-03-03T13:46:52.126,212.897,1027.005,17.099,-113.832,33.045,80.0,-0.048,22.851
2026-03-03T13:46:52.626,213.397,1027.005,17.118,-113.832,33.045,80.0,0.029,22.851
2026-03-03T13:46:53.125,213.897,1027.004,17.104,-113.821,33.045,80.0,-0.020,22.844
2026-03-03T13:46:53.626,214.397,1027.009,17.116,-113.860,33.045,80.0,0.012,22.853
2026-03-03T13:46:54.125,214.897,1027.011,17.110,-113.879,33.045,80.0,-0.060,22.851
2026-03-03T13:46:54.627,215.397,1027.007,17.114,-113.844,33.045,80.0,0.012,22.880
2026-03-03T13:46:55.132,215.897,1027.009,17.122,-113.858,33.045,80.0,0.008,22.862
2026-03-03T13:46:55.627,216.397,1027.010,17.120,-113.871,33.045,80.0,-0.028,22.851
2026-03-03T13:46:56.144,216.902,1027.004,17.115,-113.822,33.045,80.0,-0.013,22.871
2026-03-03T13:46:56.627,217.397,1027.011,17.131,-113.880,33.045,80.0,0.017,22.857
2026-03-03T13:46:57.127,217.897,1027.010,17.125,-113.868,33.045,80.0,0.005,22.846
2026-03-03T13:46:57.625,218.397,1027.012,17.121,-113.888,33.045,80.0,-0.007,22.860
2026-03-03T13:46:58.126,218.897,1027.014,17.130,-113.903,33.045,80.0,-0.016,22.855
2026-03-03T13:46:58.626,219.397,1027.014,17.129,-113.902,33.045,80.0,0.007,22.857
2026-03-03T13:46:59.126,219.897,1027.014,17.131,-113.903,33.045,80.0,-0.029,22.844
2026-03-03T13:46:59.629,220.397,1027.014,17.134,-113.899,33.045,80.0,-0.006,22.851
2026-03-03T13:47:00.126,220.897,1027.025,17.129,-113.993,33.045,80.0,-0.010,22.846
2026-03-03T13:47:00.639,221.397,1027.030,17.131,-114.033,33.045,80.0,-0.028,22.864
2026-03-03T13:47:01.126,221.897,1027.019,17.129,-113.940,33.045,80.0,0.006,22.848
2026-03-03T13:47:01.627,222.397,1027.016,17.135,-113.922,33.045,80.0,0.010,22.848
2026-03-03T13:47:02.126,222.897,1027.018,17.141,-113.935,33.045,80.0,0.019,22.853
2026-03-03T13:47:02.626,223.397,1027.016,17.141,-113.919,33.045,80.0,-0.031,22.837
2026-03-03T13:47:03.125,223.897,1027.014,17.138,-113.902,33.045,80.0,-0.025,22.855
2026-03-03T13:47:03.627,224.397,1027.014,17.129,-113.901,33.045,80.0,0.002,22.830
2026-03-03T13:47:04.135,224.897,1027.017,17.143,-113.929,33.045,80.0,-0.020,22.855
2026-03-03T13:47:04.627,225.397,1027.015,17.139,-113.910,33.045,80.0,0.014,22.860
2026-03-03T13:47:05.148,225.897,1027.014,17.143,-113.906,33.045,80.0,0.040,22.855
2026-03-03T13:47:05.626,226.397,1027.015,17.140,-113.912,33.045,80.0,0.014,22.860
2026-03-03T13:47:06.127,226.897,1027.017,17.137,-113.924,33.045,80.0,0.013,22.862
2026-03-03T13:47:06.630,227.402,1027.015,17.150,-113.912,33.045,80.0,0.017,22.869
2026-03-03T13:47:07.126,227.897,1027.013,17.150,-113.896,33.045,80.0,-0.012,22.864
2026-03-03T13:47:07.626,228.397,1027.015,17.146,-113.908,33.046,80.0,0.044,22.860
2026-03-03T13:47:08.125,228.897,1027.016,17.141,-113.919,33.046,80.0,-0.024,22.832
2026-03-03T13:47:08.629,229.397,1027.011,17.142,-113.882,33.046,80.0,-0.020,22.860
2026-03-03T13:47:09.126,229.897,1027.017,17.139,-113.925,33.046,80.0,-0.029,22.844
2026-03-03T13:47:09.648,230.397,1027.018,17.138,-113.932,33.045,80.0,-0.000,22.857
2026-03-03T13:47:10.126,230.897,1027.014,17.143,-113.906,33.046,80.0,-0.040,22.862
2026-03-03T13:47:10.625,231.397,1027.016,17.137,-113.923,33.045,80.0,0.029,22.848
2026-03-03T13:47:11.125,231.897,1027.019,17.148,-113.940,33.045,80.0,0.015,22.830
2026-03-03T13:47:11.626,232.397,1027.016,17.145,-113.922,33.045,80.0,0.012,22.864
2026-03-03T13:47:12.127,232.897,1027.019,17.151,-113.942,33.046,80.0,-0.013,22.857
2026-03-03T13:47:12.627,233.397,1027.017,17.156,-113.931,33.046,80.0,-0.035,22.851
2026-03-03T13:47:13.130,233.897,1027.016,17.145,-113.922,33.046,80.0,-0.033,22.841
2026-03-03T13:47:13.625,234.397,1027.022,17.155,-113.968,33.045,80.0,0.024,22.871
2026-03-03T13:47:14.126,234.897,1027.018,17.150,-113.935,33.046,80.0,-0.024,22.862
2026-03-03T13:47:14.625,235.397,1027.021,17.164,-113.961,33.045,80.0,0.010,22.846
2026-03-03T13:47:15.127,235.897,1027.018,17.168,-113.933,33.046,80.0,-0.028,22.848
2026-03-03T13:47:15.625,236.397,1027.018,17.170,-113.935,33.046,80.0,-0.008,22.841
2026-03-03T13:47:16.127,236.897,1027.021,17.166,-113.963,33.046,80.0,0.006,22.851
2026-03-03T13:47:16.629,237.397,1027.020,17.171,-113.951,33.046,80.0,-0.004,22.862
2026-03-03T13:47:17.131,237.902,1027.017,17.157,-113.924,33.046,80.0,0.020,22.851
2026-03-03T13:47:17.634,238.397,1027.018,17.174,-113.939,33.046,80.0,-0.032,22.862
2026-03-03T13:47:18.127,238.897,1027.018,17.176,-113.933,33.046,80.0,0.033,22.864
2026-03-03T13:47:18.625,239.397,1027.016,17.159,-113.919,33.046,80.0,0.010,22.853
2026-03-03T13:47:19.125,239.897,1027.017,17.170,-113.928,33.046,80.0,0.023,22.857
2026-03-03T13:47:19.625,240.397,1027.017,17.170,-113.928,33.046,80.0,-0.007,22.869
2026-03-03T13:47:20.125,240.897,1027.016,17.174,-113.923,33.046,80.0,0.006,22.860
2026-03-03T13:47:20.626,241.397,1027.019,17.173,-113.945,33.046,80.0,0.025,22.841
2026-03-03T13:47:21.125,241.897,1027.016,17.172,-113.922,33.046,80.0,-0.002,22.853
2026-03-03T13:47:21.627,242.397,1027.014,17.184,-113.901,33.046,80.0,-0.013,22.841
2026-03-03T13:47:22.133,242.897,1027.018,17.166,-113.932,33.046,80.0,0.057,22.867
2026-03-03T13:47:22.627,243.397,1027.016,17.168,-113.919,33.046,80.0,-0.020,22.855
2026-03-03T13:47:23.126,243.897,1027.020,17.172,-113.952,33.046,80.0,-0.000,22.862
2026-03-03T13:47:23.625,244.397,1027.019,17.180,-113.944,33.046,80.0,0.020,22.837
2026-03-03T13:47:24.126,244.897,1027.019,17.177,-113.941,33.046,80.0,0.014,22.860
2026-03-03T13:47:24.625,245.397,1027.014,17.183,-113.901,33.046,80.0,0.033,22.853
2026-03-03T13:47:25.126,245.897,1027.016,17.186,-113.918,33.046,80.0,-0.010,22.855
2026-03-03T13:47:25.625,246.397,1027.015,17.177,-113.911,33.046,80.0,-0.008,22.855
2026-03-03T13:47:26.125,246.897,1027.015,17.189,-113.913,33.046,80.0,-0.043,22.864
2026-03-03T13:47:26.625,247.397,1027.017,17.191,-113.930,33.046,80.0,-0.022,22.853
2026-03-03T13:47:27.127,247.897,1027.018,17.185,-113.932,33.046,80.0,-0.002,22.860
2026-03-03T13:47:27.631,248.402,1027.019,17.189,-113.944,33.046,80.0,-0.014,22.860
2026-03-03T13:47:28.126,248.897,1027.017,17.193,-113.931,33.046,80.0,-0.009,22.860
2026-03-03T13:47:28.626,249.397,1027.019,17.188,-113.943,33.046,80.0,-0.025,22.841
2026-03-03T13:47:29.125,249.897,1027.016,17.191,-113.915,33.046,80.0,0.003,22.835
2026-03-03T13:47:29.626,250.397,1027.016,17.195,-113.918,33.046,80.0,-0.050,22.844
2026-03-03T13:47:30.125,250.897,1027.017,17.187,-113.927,33.046,80.0,-0.035,22.862
2026-03-03T13:47:30.626,251.397,1027.022,17.218,-113.967,33.046,80.0,0.009,22.853
2026-03-03T13:47:31.125,251.897,1027.021,17.203,-113.962,33.046,80.0,-0.035,22.855
2026-03-03T13:47:31.625,252.397,1027.017,17.195,-113.926,33.046,80.0,-0.023,22.837
2026-03-03T13:47:32.131,252.897,1027.016,17.201,-113.923,33.046,80.0,-0.018,22.864
2026-03-03T13:47:32.626,253.397,1027.020,17.199,-113.951,33.046,80.0,0.035,22.853
2026-03-03T13:47:33.126,253.897,1027.028,17.200,-114.021,33.046,80.0,-0.024,22.837
2026-03-03T13:47:33.625,254.397,1027.024,17.194,-113.986,33.046,80.0,0.029,22.860
2026-03-03T13:47:34.127,254.897,1027.019,17.211,-113.946,33.046,80.0,-0.007,22.862
2026-03-03T13:47:34.625,255.397,1027.019,17.210,-113.945,33.046,80.0,-0.001,22.867
2026-03-03T13:47:35.126,255.897,1027.016,17.203,-113.917,33.046,80.0,-0.027,22.855
2026-03-03T13:47:35.625,256.397,1027.014,17.194,-113.901,33.046,80.0,0.013,22.860
2026-03-03T13:47:36.127,256.897,1027.015,17.202,-113.909,33.046,80.0,-0.008,22.860
2026-03-03T13:47:36.625,257.397,1027.016,17.213,-113.917,33.046,80.0,0.006,22.857
2026-03-03T13:47:37.127,257.897,1027.016,17.217,-113.920,33.046,80.0,-0.030,22.853
2026-03-03T13:47:37.640,258.397,1027.019,17.216,-113.943,33.046,80.0,0.011,22.860
2026-03-03T13:47:38.129,258.901,1027.013,17.211,-113.893,33.046,80.0,0.015,22.857
2026-03-03T13:47:38.635,259.406,1027.022,17.222,-113.970,33.046,80.0,-0.031,22.862
2026-03-03T13:47:39.129,259.901,1027.021,17.220,-113.961,33.046,80.0,0.022,22.864
2026-03-03T13:47:39.629,260.401,1027.018,17.218,-113.936,33.046,80.0,0.032,22.857
2026-03-03T13:47:40.130,260.901,1027.018,17.220,-113.938,33.046,80.0,0.004,22.851
2026-03-03T13:47:40.630,261.401,1027.015,17.218,-113.913,33.046,80.0,-0.001,22.848
2026-03-03T13:47:41.128,261.901,1027.016,17.225,-113.920,33.046,80.0,-0.026,22.864
2026-03-03T13:47:41.629,262.401,1027.015,17.221,-113.909,33.046,80.0,-0.011,22.857
2026-03-03T13:47:42.134,262.901,1027.017,17.229,-113.931,33.046,80.0,-0.007,22.869
2026-03-03T13:47:42.629,263.401,1027.019,17.231,-113.940,33.046,80.0,0.011,22.857
2026-03-03T13:47:43.130,263.901,1027.020,17.240,-113.954,33.046,80.0,-0.006,22.851
2026-03-03T13:47:43.629,264.401,1027.016,17.230,-113.916,33.046,80.0,0.009,22.844
2026-03-03T13:47:44.130,264.901,1027.017,17.223,-113.925,33.046,80.0,-0.035,22.841
2026-03-03T13:47:44.629,265.401,1027.018,17.231,-113.932,33.046,80.0,-0.057,22.846
2026-03-03T13:47:45.130,265.901,1027.017,17.247,-113.930,33.046,80.0,-0.030,22.857
2026-03-03T13:47:45.629,266.401,1027.016,17.237,-113.922,33.046,80.0,0.034,22.860
2026-03-03T13:47:46.130,266.901,1027.018,17.223,-113.933,33.046,80.0,0.002,22.846
2026-03-03T13:47:46.634,267.401,1027.016,17.236,-113.920,33.046,80.0,-0.007,22.857
2026-03-03T13:47:47.130,267.901,1027.019,17.246,-113.944,33.046,80.0,-0.015,22.862
2026-03-03T13:47:47.630,268.401,1027.016,17.245,-113.920,33.046,80.0,0.059,22.855
2026-03-03T13:47:48.129,268.901,1027.018,17.240,-113.939,33.046,80.0,-0.004,22.869
2026-03-03T13:47:48.629,269.401,1027.017,17.254,-113.928,33.046,80.0,-0.012,22.853
2026-03-03T13:47:49.134,269.906,1027.017,17.253,-113.927,33.046,80.0,-0.021,22.862
2026-03-03T13:47:49.629,270.401,1027.021,17.241,-113.956,33.046,80.0,-0.008,22.848
2026-03-03T13:47:50.129,270.901,1027.023,17.246,-113.974,33.046,80.0,-0.001,22.855
2026-03-03T13:47:50.631,271.401,1027.018,17.257,-113.938,33.046,80.0,0.009,22.851
2026-03-03T13:47:51.130,271.901,1027.018,17.253,-113.935,33.046,80.0,-0.026,22.860
2026-03-03T13:47:51.630,272.401,1027.004,17.255,-113.822,33.046,80.0,-0.013,22.848
2026-03-03T13:47:52.138,272.901,1027.012,17.272,-113.889,33.046,80.0,-0.006,22.855
2026-03-03T13:47:52.629,273.401,1027.013,17.256,-113.892,33.046,80.0,0.015,22.855
2026-03-03T13:47:53.131,273.901,1027.014,17.259,-113.902,33.046,80.0,0.041,22.876
2026-03-03T13:47:53.630,274.401,1027.014,17.260,-113.903,33.046,80.0,0.018,22.860
2026-03-03T13:47:54.129,274.901,1027.016,17.258,-113.916,33.046,80.0,-0.015,22.851
2026-03-03T13:47:54.629,275.401,1027.017,17.265,-113.929,33.046,80.0,-0.000,22.846
2026-03-03T13:47:55.129,275.901,1027.017,17.265,-113.929,33.046,80.0,0.002,22.855
2026-03-03T13:47:55.629,276.401,1027.012,17.265,-113.883,33.046,80.0,0.040,22.860
2026-03-03T13:47:56.130,276.901,1027.013,17.262,-113.897,33.046,80.0,0.005,22.848
2026-03-03T13:47:56.628,277.401,1027.014,17.266,-113.899,33.046,80.0,-0.043,22.851
2026-03-03T13:47:57.131,277.901,1027.014,17.256,-113.899,33.046,80.0,-0.011,22.853
2026-03-03T13:47:57.638,278.401,1027.017,17.271,-113.927,33.046,80.0,-0.014,22.841
2026-03-03T13:47:58.129,278.901,1027.023,17.276,-113.976,33.046,80.0,0.009,22.846
2026-03-03T13:47:58.652,279.401,1027.019,17.278,-113.940,33.046,80.0,-0.009,22.869
2026-03-03T13:47:59.132,279.903,1027.018,17.273,-113.936,33.046,80.0,0.006,22.857
2026-03-03T13:47:59.637,280.408,1027.016,17.271,-113.919,33.046,80.0,-0.005,22.867
2026-03-03T13:48:00.130,280.903,1027.014,17.267,-113.900,33.046,80.0,0.036,22.848
2026-03-03T13:48:00.633,281.403,1027.010,17.276,-113.870,33.046,80.0,0.012,22.855
2026-03-03T13:48:01.131,281.903,1027.014,17.272,-113.904,33.046,80.0,-0.020,22.841
2026-03-03T13:48:01.632,282.403,1027.013,17.275,-113.892,33.046,80.0,0.014,22.848
2026-03-03T13:48:02.142,282.903,1027.016,17.275,-113.915,33.046,80.0,0.004,22.851
2026-03-03T13:48:02.633,283.403,1027.014,17.276,-113.900,33.046,80.0,-0.019,22.839
2026-03-03T13:48:03.132,283.903,1027.012,17.265,-113.884,33.046,80.0,-0.005,22.848
2026-03-03T13:48:03.630,284.403,1027.011,17.259,-113.879,33.046,80.0,0.025,22.853
2026-03-03T13:48:04.131,284.903,1027.015,17.273,-113.913,33.046,80.0,-0.002,22.853
2026-03-03T13:48:04.630,285.403,1027.016,17.278,-113.917,33.046,80.0,-0.024,22.862
2026-03-03T13:48:05.132,285.903,1027.015,17.267,-113.908,33.046,80.0,-0.017,22.851
2026-03-03T13:48:05.630,286.403,1027.017,17.272,-113.928,33.046,80.0,-0.008,22.862
2026-03-03T13:48:06.132,286.903,1027.014,17.265,-113.906,33.046,80.0,-0.002,22.832
2026-03-03T13:48:06.631,287.403,1027.018,17.268,-113.939,33.046,80.0,-0.008,22.853
2026-03-03T13:48:07.132,287.903,1027.019,17.287,-113.940,33.046,80.0,0.026,22.841
2026-03-03T13:48:07.635,288.403,1027.017,17.269,-113.925,33.046,80.0,-0.019,22.853
2026-03-03T13:48:08.131,288.903,1027.019,17.268,-113.947,33.046,80.0,-0.032,22.844
2026-03-03T13:48:08.638,289.403,1027.018,17.273,-113.936,33.046,80.0,0.011,22.857
2026-03-03T13:48:09.131,289.903,1027.018,17.282,-113.936,33.046,80.0,-0.006,22.857
2026-03-03T13:48:09.632,290.403,1027.018,17.276,-113.938,33.046,80.0,-0.048,22.839
2026-03-03T13:48:10.135,290.908,1027.020,17.286,-113.954,33.046,80.0,-0.005,22.851
2026-03-03T13:48:10.630,291.403,1027.018,17.283,-113.936,33.046,80.0,-0.000,22.862
2026-03-03T13:48:11.131,291.903,1027.022,17.289,-113.965,33.046,80.0,-0.024,22.862
2026-03-03T13:48:11.631,292.403,1027.019,17.273,-113.944,33.046,80.0,0.013,22.862
2026-03-03T13:48:12.139,292.903,1027.023,17.288,-113.979,33.046,80.0,0.010,22.853
2026-03-03T13:48:12.631,293.403,1027.028,17.289,-114.019,33.046,80.0,0.040,22.851
2026-03-03T13:48:13.132,293.903,1027.023,17.294,-113.976,33.046,80.0,0.009,22.860
2026-03-03T13:48:13.630,294.403,1027.020,17.296,-113.955,33.046,80.0,0.024,22.857
2026-03-03T13:48:14.132,294.903,1027.020,17.299,-113.949,33.046,80.0,-0.009,22.837
2026-03-03T13:48:14.640,295.403,1027.019,17.303,-113.945,33.046,80.0,0.004,22.853
2026-03-03T13:48:15.132,295.903,1027.025,17.297,-113.994,33.046,80.0,0.012,22.841
2026-03-03T13:48:15.650,296.403,1027.028,17.311,-114.021,33.046,80.0,-0.004,22.867
2026-03-03T13:48:16.132,296.903,1027.029,17.301,-114.029,33.046,80.0,0.010,22.857
2026-03-03T13:48:16.632,297.403,1027.032,17.307,-114.049,33.046,80.0,0.008,22.855
2026-03-03T13:48:17.130,297.903,1027.026,17.307,-114.002,33.046,80.0,-0.011,22.864
2026-03-03T13:48:17.632,298.403,1027.022,17.312,-113.968,33.046,80.0,-0.012,22.848
2026-03-03T13:48:18.130,298.903,1027.017,17.308,-113.927,33.046,80.0,-0.015,22.851
2026-03-03T13:48:18.632,299.403,1027.017,17.317,-113.926,33.046,80.0,0.027,22.876
2026-03-03T13:48:19.131,299.903,1027.018,17.312,-113.937,33.046,80.0,0.029,22.846
2026-03-03T13:48:19.631,300.403,1027.019,17.308,-113.942,33.046,80.0,-0.024,22.851
2026-03-03T13:48:20.140,300.903,1027.022,17.326,-113.972,33.046,80.0,-0.016,22.857
2026-03-03T13:48:20.636,301.408,1027.014,17.316,-113.903,33.046,80.0,-0.005,22.846
2026-03-03T13:48:21.143,301.903,1027.017,17.313,-113.931,33.046,80.0,-0.005,22.867
2026-03-03T13:48:21.631,302.403,1027.017,17.318,-113.927,33.046,80.0,-0.007,22.848
2026-03-03T13:48:22.131,302.903,1027.021,17.330,-113.960,33.046,80.0,-0.012,22.853
2026-03-03T13:48:22.630,303.403,1027.017,17.320,-113.928,33.046,80.0,-0.015,22.848
2026-03-03T13:48:23.131,303.903,1027.017,17.322,-113.931,33.046,80.0,0.028,22.846
2026-03-03T13:48:23.630,304.403,1027.021,17.332,-113.961,33.046,80.0,0.005,22.851
2026-03-03T13:48:24.131,304.903,1027.025,17.329,-113.990,33.046,80.0,-0.010,22.853
2026-03-03T13:48:24.630,305.403,1027.023,17.340,-113.976,33.046,80.0,-0.008,22.853
2026-03-03T13:48:25.131,305.903,1027.019,17.338,-113.944,33.046,80.0,0.017,22.860
2026-03-03T13:48:25.635,306.403,1027.020,17.323,-113.954,33.046,80.0,-0.013,22.857
2026-03-03T13:48:26.131,306.903,1027.021,17.340,-113.960,33.046,80.0,-0.040,22.867
2026-03-03T13:48:26.643,307.403,1027.020,17.331,-113.952,33.046,80.0,0.013,22.848
2026-03-03T13:48:27.131,307.903,1027.022,17.338,-113.966,33.046,80.0,0.017,22.855
2026-03-03T13:48:27.629,308.403,1027.019,17.339,-113.944,33.046,80.0,0.006,22.846
2026-03-03T13:48:28.132,308.903,1027.021,17.344,-113.963,33.046,80.0,0.018,22.844
2026-03-03T13:48:28.630,309.403,1027.022,17.348,-113.967,33.046,80.0,0.045,22.835
2026-03-03T13:48:29.130,309.903,1027.021,17.350,-113.961,33.046,80.0,-0.020,22.846
2026-03-03T13:48:29.632,310.403,1027.021,17.344,-113.963,33.046,80.0,-0.030,22.853
2026-03-03T13:48:30.130,310.903,1027.022,17.340,-113.968,33.046,80.0,0.009,22.848
2026-03-03T13:48:30.631,311.403,1027.021,17.348,-113.960,33.046,80.0,-0.009,22.853
2026-03-03T13:48:31.140,311.908,1027.021,17.344,-113.956,33.046,80.0,-0.040,22.857
2026-03-03T13:48:31.631,312.403,1027.024,17.348,-113.983,33.046,80.0,0.002,22.841
2026-03-03T13:48:32.143,312.903,1027.021,17.350,-113.961,33.046,80.0,-0.004,22.857
2026-03-03T13:48:32.632,313.403,1027.020,17.348,-113.951,33.046,80.0,0.009,22.864
2026-03-03T13:48:33.130,313.903,1027.021,17.362,-113.956,33.046,80.0,0.047,22.871
2026-03-03T13:48:33.630,314.403,1027.021,17.351,-113.962,33.046,80.0,-0.008,22.855
2026-03-03T13:48:34.130,314.903,1027.021,17.358,-113.960,33.046,80.0,-0.012,22.860
2026-03-03T13:48:34.630,315.403,1027.019,17.352,-113.947,33.046,80.0,-0.016,22.846
2026-03-03T13:48:35.131,315.903,1027.022,17.368,-113.968,33.046,80.0,0.010,22.855
2026-03-03T13:48:35.630,316.403,1027.022,17.356,-113.966,33.046,80.0,-0.049,22.857
2026-03-03T13:48:36.130,316.903,1027.023,17.368,-113.976,33.046,80.0,-0.009,22.860
2026-03-03T13:48:36.633,317.403,1027.022,17.380,-113.970,33.046,80.0,-0.011,22.851
2026-03-03T13:48:37.131,317.903,1027.019,17.370,-113.947,33.046,80.0,0.015,22.846
2026-03-03T13:48:37.650,318.403,1027.024,17.380,-113.985,33.046,80.0,-0.010,22.864
2026-03-03T13:48:38.130,318.903,1027.020,17.364,-113.949,33.046,80.0,0.019,22.873
2026-03-03T13:48:38.632,319.403,1027.021,17.368,-113.960,33.046,80.0,-0.013,22.846
2026-03-03T13:48:39.130,319.903,1027.024,17.369,-113.984,33.046,80.0,0.007,22.848
2026-03-03T13:48:39.631,320.403,1027.018,17.371,-113.932,33.046,80.0,0.023,22.857
2026-03-03T13:48:40.130,320.903,1027.024,17.380,-113.985,33.046,80.0,0.000,22.860
2026-03-03T13:48:40.630,321.403,1027.020,17.358,-113.952,33.046,80.0,0.020,22.860
2026-03-03T13:48:41.130,321.903,1027.020,17.372,-113.948,33.046,80.0,-0.009,22.862
2026-03-03T13:48:41.636,322.408,1027.016,17.368,-113.915,33.046,80.0,0.031,22.848
2026-03-03T13:48:42.130,322.903,1027.023,17.376,-113.975,33.046,80.0,-0.008,22.867
2026-03-03T13:48:42.631,323.403,1027.019,17.376,-113.944,33.046,80.0,0.000,22.867
2026-03-03T13:48:43.138,323.903,1027.018,17.371,-113.932,33.046,80.0,0.036,22.848
2026-03-03T13:48:43.630,324.403,1027.021,17.387,-113.961,33.046,80.0,-0.008,22.853
2026-03-03T13:48:44.131,324.903,1027.018,17.365,-113.935,33.046,80.0,0.018,22.862
2026-03-03T13:48:44.631,325.403,1027.016,17.379,-113.923,33.046,80.0,-0.010,22.860
2026-03-03T13:48:45.131,325.903,1027.019,17.372,-113.941,33.046,80.0,-0.001,22.873
2026-03-03T13:48:45.630,326.403,1027.019,17.379,-113.947,33.046,80.0,0.033,22.841
2026-03-03T13:48:46.130,326.903,1027.016,17.384,-113.920,33.046,80.0,0.010,22.837
2026-03-03T13:48:46.629,327.403,1027.019,17.385,-113.944,33.046,80.0,0.003,22.853
2026-03-03T13:48:47.132,327.903,1027.014,17.381,-113.902,33.046,80.0,-0.016,22.841
2026-03-03T13:48:47.630,328.403,1027.013,17.375,-113.898,33.046,80.0,0.041,22.862
2026-03-03T13:48:48.131,328.903,1027.011,17.373,-113.881,33.046,80.0,-0.002,22.844
2026-03-03T13:48:48.636,329.403,1027.012,17.376,-113.883,33.046,80.0,0.031,22.841
2026-03-03T13:48:49.132,329.903,1027.013,17.375,-113.897,33.046,80.0,0.018,22.853
2026-03-03T13:48:49.653,330.403,1027.015,17.385,-113.913,33.046,80.0,-0.004,22.851
2026-03-03T13:48:50.130,330.903,1027.015,17.397,-113.908,33.046,80.0,-0.026,22.864
2026-03-03T13:48:50.631,331.403,1027.015,17.389,-113.909,33.046,80.0,0.001,22.832
2026-03-03T13:48:51.131,331.903,1027.014,17.391,-113.903,33.046,80.0,-0.016,22.860
2026-03-03T13:48:51.632,332.403,1027.013,17.398,-113.894,33.046,80.0,-0.002,22.853
2026-03-03T13:48:52.135,332.908,1027.014,17.386,-113.899,33.046,80.0,-0.039,22.848
2026-03-03T13:48:52.630,333.403,1027.014,17.391,-113.903,33.046,80.0,-0.001,22.857
2026-03-03T13:48:53.130,333.903,1027.014,17.399,-113.902,33.046,80.0,0.017,22.853
2026-03-03T13:48:53.631,334.403,1027.013,17.399,-113.894,33.046,80.0,-0.003,22.848
2026-03-03T13:48:54.132,334.903,1027.015,17.407,-113.908,33.046,80.0,-0.046,22.848
2026-03-03T13:48:54.631,335.403,1027.014,17.405,-113.906,33.046,80.0,0.010,22.857
2026-03-03T13:48:55.141,335.903,1027.016,17.397,-113.915,33.045,80.0,0.043,22.839
2026-03-03T13:48:55.631,336.403,1027.014,17.393,-113.904,33.046,80.0,-0.017,22.835
2026-03-03T13:48:56.131,336.903,1027.015,17.409,-113.910,33.046,80.0,-0.028,22.835
2026-03-03T13:48:56.630,337.403,1027.017,17.413,-113.929,33.046,80.0,-0.044,22.851
2026-03-03T13:48:57.131,337.903,1027.015,17.420,-113.912,33.045,80.0,0.003,22.871
2026-03-03T13:48:57.630,338.403,1027.016,17.405,-113.922,33.045,80.0,0.010,22.857
2026-03-03T13:48:58.131,338.903,1027.015,17.408,-113.910,33.046,80.0,0.012,22.844
2026-03-03T13:48:58.630,339.403,1027.016,17.411,-113.920,33.045,80.0,0.017,22.860
2026-03-03T13:48:59.131,339.903,1027.017,17.411,-113.927,33.045,80.0,0.010,22.871
2026-03-03T13:48:59.639,340.403,1027.010,17.399,-113.871,33.045,80.0,0.021,22.873
2026-03-03T13:49:00.131,340.903,1027.014,17.404,-113.906,33.045,80.0,0.033,22.855
2026-03-03T13:49:00.631,341.403,1027.007,17.396,-113.846,33.045,80.0,-0.019,22.844
2026-03-03T13:49:01.130,341.903,1027.008,17.404,-113.852,33.045,80.0,-0.005,22.846
2026-03-03T13:49:01.630,342.403,1027.012,17.415,-113.884,33.045,80.0,0.007,22.853
2026-03-03T13:49:02.130,342.903,1027.009,17.407,-113.863,33.045,80.0,0.011,22.851
2026-03-03T13:49:02.635,343.408,1027.011,17.400,-113.880,33.045,80.0,-0.015,22.851
2026-03-03T13:49:03.129,343.903,1027.015,17.414,-113.914,33.045,80.0,-0.005,22.876
2026-03-03T13:49:03.631,344.403,1027.013,17.420,-113.896,33.045,80.0,-0.011,22.853
2026-03-03T13:49:04.133,344.903,1027.010,17.410,-113.872,33.045,80.0,0.013,22.869
2026-03-03T13:49:04.631,345.403,1027.009,17.406,-113.862,33.045,80.0,0.030,22.848
2026-03-03T13:49:05.146,345.903,1027.009,17.414,-113.861,33.045,80.0,0.010,22.860
2026-03-03T13:49:05.629,346.403,1027.010,17.416,-113.870,33.045,80.0,0.022,22.844
2026-03-03T13:49:06.131,346.903,1027.013,17.427,-113.894,33.045,80.0,0.018,22.855
2026-03-03T13:49:06.630,347.403,1027.010,17.420,-113.873,33.045,80.0,0.033,22.848
2026-03-03T13:49:07.131,347.903,1027.008,17.431,-113.852,33.045,80.0,-0.005,22.839
2026-03-03T13:49:07.629,348.403,1027.009,17.413,-113.860,33.045,80.0,0.027,22.853
2026-03-03T13:49:08.132,348.903,1027.010,17.418,-113.872,33.045,80.0,-0.017,22.848
2026-03-03T13:49:08.633,349.403,1027.010,17.413,-113.867,33.045,80.0,0.016,22.851
2026-03-03T13:49:09.130,349.903,1027.010,17.424,-113.869,33.045,80.0,0.042,22.846
2026-03-03T13:49:09.641,350.403,1027.011,17.427,-113.879,33.045,80.0,-0.027,22.857
2026-03-03T13:49:10.130,350.903,1027.011,17.430,-113.881,33.045,80.0,0.013,22.869
2026-03-03T13:49:10.631,351.403,1027.012,17.433,-113.884,33.045,80.0,-0.024,22.857
2026-03-03T13:49:11.129,351.903,1027.009,17.425,-113.862,33.045,80.0,-0.003,22.839
2026-03-03T13:49:11.631,352.403,1027.012,17.434,-113.885,33.045,80.0,-0.061,22.855
2026-03-03T13:49:12.129,352.903,1027.010,17.432,-113.868,33.045,80.0,-0.045,22.853
2026-03-03T13:49:12.631,353.403,1027.011,17.441,-113.876,33.045,80.0,-0.061,22.853
2026-03-03T13:49:13.141,353.908,1027.010,17.431,-113.867,33.045,80.0,-0.008,22.855
2026-03-03T13:49:13.630,354.403,1027.009,17.425,-113.862,33.045,80.0,0.001,22.855
2026-03-03T13:49:14.150,354.903,1027.010,17.432,-113.868,33.045,80.0,0.019,22.851
2026-03-03T13:49:14.629,355.403,1027.011,17.433,-113.876,33.045,80.0,0.004,22.853
2026-03-03T13:49:15.131,355.903,1027.011,17.448,-113.881,33.045,80.0,0.033,22.855
2026-03-03T13:49:15.629,356.403,1027.008,17.437,-113.857,33.045,80.0,-0.015,22.855
2026-03-03T13:49:16.131,356.903,1027.008,17.438,-113.850,33.045,80.0,-0.012,22.841
2026-03-03T13:49:16.629,357.403,1027.008,17.433,-113.853,33.045,80.0,-0.018,22.855
2026-03-03T13:49:17.130,357.903,1027.008,17.428,-113.857,33.045,80.0,-0.024,22.851
2026-03-03T13:49:17.649,358.403,1027.008,17.441,-113.853,33.045,80.0,-0.000,22.855
2026-03-03T13:49:18.130,358.903,1027.003,17.434,-113.816,33.045,80.0,0.003,22.851
2026-03-03T13:49:18.629,359.403,1027.003,17.441,-113.814,33.045,80.0,0.003,22.846
2026-03-03T13:49:19.130,359.903,1027.004,17.440,-113.821,33.045,80.0,-0.024,22.841
2026-03-03T13:49:19.630,360.403,1027.006,17.446,-113.834,33.045,80.0,-0.043,22.846
2026-03-03T13:49:20.130,360.903,1027.006,17.451,-113.837,33.045,80.0,0.005,22.848
2026-03-03T13:49:20.630,361.403,1027.003,17.453,-113.816,33.045,80.0,-0.000,22.869
2026-03-03T13:49:21.130,361.903,1027.003,17.454,-113.810,33.045,80.0,-0.003,22.860
2026-03-03T13:49:21.630,362.403,1027.001,17.458,-113.797,33.045,80.0,-0.029,22.846
2026-03-03T13:49:22.133,362.903,1027.004,17.444,-113.824,33.045,80.0,0.014,22.855
2026-03-03T13:49:22.630,363.403,1027.002,17.448,-113.804,33.045,80.0,-0.007,22.837
2026-03-03T13:49:23.139,363.903,1027.004,17.461,-113.823,33.045,80.0,0.017,22.848
2026-03-03T13:49:23.636,364.408,1027.003,17.453,-113.809,33.045,80.0,-0.020,22.841
2026-03-03T13:49:24.130,364.903,1027.003,17.457,-113.812,33.045,80.0,0.008,22.848
2026-03-03T13:49:24.629,365.403,1027.004,17.456,-113.819,33.045,80.0,-0.028,22.871
2026-03-03T13:49:25.130,365.903,1027.005,17.449,-113.828,33.045,80.0,0.003,22.841
2026-03-03T13:49:25.630,366.403,1027.002,17.445,-113.802,33.045,80.0,-0.015,22.846
2026-03-03T13:49:26.129,366.903,1027.000,17.451,-113.791,33.045,80.0,-0.059,22.837
2026-03-03T13:49:26.629,367.403,1027.003,17.449,-113.814,33.045,80.0,0.043,22.851
2026-03-03T13:49:27.130,367.903,1027.004,17.462,-113.824,33.045,80.0,0.011,22.860
2026-03-03T13:49:27.634,368.403,1027.004,17.465,-113.818,33.046,80.0,-0.024,22.873
2026-03-03T13:49:28.130,368.903,1026.999,17.454,-113.778,33.045,80.0,-0.026,22.853
2026-03-03T13:49:28.639,369.403,1027.000,17.461,-113.784,33.045,80.0,0.046,22.846
2026-03-03T13:49:29.130,369.903,1026.999,17.455,-113.779,33.045,80.0,0.018,22.841
2026-03-03T13:49:29.629,370.403,1027.001,17.468,-113.797,33.045,80.0,-0.030,22.860
2026-03-03T13:49:30.129,370.903,1026.999,17.462,-113.777,33.045,80.0,-0.027,22.848
2026-03-03T13:49:30.631,371.403,1026.997,17.467,-113.766,33.045,80.0,-0.008,22.846
2026-03-03T13:49:31.130,371.903,1026.997,17.465,-113.764,33.045,80.0,0.000,22.860
2026-03-03T13:49:31.630,372.403,1026.996,17.474,-113.756,33.046,80.0,-0.005,22.853
2026-03-03T13:49:32.136,372.903,1026.996,17.469,-113.752,33.045,80.0,-0.000,22.851
2026-03-03T13:49:32.629,373.403,1027.000,17.470,-113.784,33.046,80.0,-0.006,22.837
2026-03-03T13:49:33.130,373.903,1027.000,17.481,-113.785,30.212,75.8,44.802,22.595
2026-03-03T13:49:33.629,374.403,1027.010,17.475,-113.872,7.779,15.3,39.815,23.175
2026-03-03T13:49:34.134,374.908,1027.005,17.470,-113.830,5.996,10.0,0.120,22.864
2026-03-03T13:49:34.629,375.403,1027.010,17.471,-113.869,5.984,10.0,0.015,22.848
2026-03-03T13:49:35.130,375.903,1027.031,17.474,-114.041,5.983,10.0,0.002,22.839
2026-03-03T13:49:35.629,376.403,1027.041,17.471,-114.122,5.982,10.0,0.003,22.841
2026-03-03T13:49:36.130,376.903,1027.039,17.473,-114.108,0.109,0.0,0.194,22.821
2026-03-03T13:49:36.631,377.403,1027.027,17.472,-114.008,0.048,0.0,0.021,22.816
2026-03-03T13:49:37.130,377.903,1027.028,17.485,-114.019,0.019,0.0,0.002,22.819
2026-03-03T13:49:37.644,378.403,1027.029,17.486,-114.028,0.009,0.0,0.016,22.830
2026-03-03T13:49:38.129,378.903,1027.029,17.477,-114.028,0.005,0.0,0.015,22.823
2026-03-03T13:49:38.629,379.403,1027.030,17.481,-114.031,-0.005,0.0,-0.068,22.816
2026-03-03T13:49:39.129,379.903,1027.031,17.492,-114.041,-0.005,0.0,0.005,22.807
2026-03-03T13:49:39.629,380.403,1027.029,17.498,-114.030,-0.005,0.0,0.007,22.812
2026-03-03T13:49:40.129,380.903,1027.027,17.478,-114.012,-0.005,0.0,0.016,22.832
2026-03-03T13:49:40.630,381.403,1027.026,17.484,-114.002,-0.005,0.0,0.041,22.825
2026-03-03T13:49:41.129,381.903,1027.028,17.494,-114.019,-0.005,0.0,-0.024,22.823
2026-03-03T13:49:41.630,382.403,1027.028,17.499,-114.016,-0.005,0.0,-0.017,22.814
2026-03-03T13:49:42.131,382.903,1027.028,17.492,-114.017,-0.005,0.0,-0.002,22.814
2026-03-03T13:49:42.629,383.403,1027.025,17.488,-113.990,-0.005,0.0,0.021,22.825
2026-03-03T13:49:43.129,383.903,1027.028,17.498,-114.022,-0.005,0.0,0.041,22.819
2026-03-03T13:49:43.629,384.403,1027.026,17.494,-114.003,-0.005,0.0,-0.007,22.844
2026-03-03T13:49:44.129,384.903,1027.024,17.479,-113.983,-0.005,0.0,-0.015,22.844
2026-03-03T13:49:44.634,385.408,1027.026,17.502,-114.002,-0.004,0.0,0.018,22.848
2026-03-03T13:49:45.129,385.903,1027.028,17.508,-114.014,-0.004,0.0,0.012,22.835
2026-03-03T13:49:45.629,386.403,1027.024,17.493,-113.987,-0.004,0.0,-0.027,22.821
2026-03-03T13:49:46.129,386.903,1027.027,17.491,-114.008,-0.004,0.0,0.027,22.851
2026-03-03T13:49:46.636,387.403,1027.023,17.498,-113.975,-0.004,0.0,0.018,22.837
2026-03-03T13:49:47.130,387.903,1027.023,17.482,-113.977,-0.004,0.0,-0.016,22.846
2026-03-03T13:49:47.635,388.403,1027.022,17.492,-113.971,-0.004,0.0,-0.020,22.830
2026-03-03T13:49:48.129,388.903,1027.023,17.500,-113.977,-0.004,0.0,0.021,22.855
2026-03-03T13:49:48.630,389.403,1027.022,17.494,-113.965,-0.004,0.0,0.021,22.832
2026-03-03T13:49:49.129,389.903,1027.022,17.488,-113.967,-0.004,0.0,-0.015,22.837
2026-03-03T13:49:49.630,390.403,1027.022,17.495,-113.965,-0.004,0.0,0.005,22.837
2026-03-03T13:49:50.129,390.903,1027.025,17.500,-113.992,-0.004,0.0,-0.001,22.862
2026-03-03T13:49:50.630,391.403,1027.022,17.500,-113.970,-0.003,0.0,0.011,22.846
2026-03-03T13:49:51.134,391.903,1027.023,17.499,-113.976,-0.003,0.0,-0.026,22.835
2026-03-03T13:49:51.631,392.403,1027.021,17.505,-113.958,-0.003,0.0,0.031,22.841
2026-03-03T13:49:52.133,392.903,1027.021,17.498,-113.960,-0.003,0.0,0.020,22.855
2026-03-03T13:49:52.630,393.403,1027.018,17.509,-113.938,-0.003,0.0,0.002,22.846
2026-03-03T13:49:53.148,393.903,1027.019,17.496,-113.944,-0.003,0.0,0.026,22.839
2026-03-03T13:49:53.629,394.403,1027.021,17.503,-113.957,-0.003,0.0,-0.025,22.846
2026-03-03T13:49:54.132,394.903,1027.016,17.507,-113.922,-0.003,0.0,-0.011,22.832
2026-03-03T13:49:54.629,395.403,1027.019,17.501,-113.940,-0.003,0.0,0.002,22.846
2026-03-03T13:49:55.133,395.908,1027.020,17.508,-113.953,-0.003,0.0,-0.003,22.835
2026-03-03T13:49:55.629,396.403,1027.019,17.511,-113.940,-0.003,0.0,0.028,22.860
2026-03-03T13:49:56.131,396.903,1027.019,17.515,-113.943,-0.002,0.0,-0.038,22.867
2026-03-03T13:49:56.632,397.403,1027.015,17.507,-113.914,-0.002,0.0,-0.009,22.823
2026-03-03T13:49:57.129,397.903,1027.017,17.499,-113.931,-0.002,0.0,0.020,22.839
2026-03-03T13:49:57.632,398.403,1027.017,17.516,-113.929,-0.001,0.0,0.006,22.851
2026-03-03T13:49:58.130,398.903,1027.017,17.509,-113.924,-0.001,0.0,0.018,22.851
2026-03-03T13:49:58.630,399.403,1027.017,17.509,-113.931,-0.001,0.0,-0.061,22.830
2026-03-03T13:49:59.129,399.903,1027.017,17.516,-113.929,-0.001,0.0,0.003,22.862
2026-03-03T13:49:59.628,400.403,1027.016,17.519,-113.916,-0.001,0.0,-0.006,22.832
2026-03-03T13:50:00.129,400.903,1027.015,17.512,-113.910,-0.001,0.0,-0.033,22.855
2026-03-03T13:50:00.628,401.403,1027.015,17.510,-113.909,-0.001,0.0,0.005,22.851
2026-03-03T13:50:01.129,401.903,1027.016,17.512,-113.918,-0.001,0.0,0.001,22.846
2026-03-03T13:50:01.629,402.403,1027.012,17.517,-113.885,-0.001,0.0,0.017,22.848
