Time_ms_,GPSPosX,GPSPosY,GPSPosZ,IMUAccelX,IMUAccelY,IMUAccelZ,BarAltitude,BarAltitude2
764.829,0.062,0.002,-0.049,0.158,0.007,-9.797,-0.1,-0.092
764.929,0.059,-0.006,-0.05,0.158,0.093,-9.74,-0.082,0
765.029,0.056,-0.005,-0.05,0.151,0.172,-9.74,-0.015,0.117
765.129,0.064,-0.004,-0.054,0.294,0.115,-9.776,0,-0.376
765.229,0.05,-0.003,-0.05,0.266,0.136,-9.69,0.006,-0.359
765.329,0.057,-0.003,-0.032,0.201,0.144,-9.754,-0.039,-0.184
765.429,0.053,-0.002,-0.02,0.101,-0.05,-9.79,0.05,0.192
765.529,0.038,-0.01,-0.004,0.208,0.129,-9.711,0.249,0.142
765.629,0.044,-0.01,0.012,0.259,0.065,-9.762,0.114,-0.117
765.729,0.04,-0.011,0.022,0.101,0.251,-9.711,0.067,0.359
765.829,0.036,-0.012,0.035,0.208,0.172,-9.762,0.152,-0.125
765.929,0.031,-0.012,0.04,0.237,0.057,-9.754,0.146,0.334
766.029,0.027,-0.012,0.05,0.115,-0.007,-9.762,0.138,-0.35
766.129,0.032,-0.021,0.071,0.129,0.151,-9.776,0.253,-0.059
766.229,0.018,-0.012,0.077,0.165,0.23,-9.639,0.169,0.125
766.329,0.026,-0.012,0.076,0.151,0.215,-9.754,0.12,0.292
766.429,0.022,-0.012,0.079,0.151,0.136,-9.711,0.14,0.125
766.529,0.032,-0.01,0.079,0.201,0.129,-9.718,0.076,-0.326
766.629,0.019,-0.009,0.078,0.18,0.014,-9.769,0.005,0.409
766.729,0.017,-0.016,0.081,0.086,0.101,-9.74,-0.087,-0.251
766.829,0.027,-0.014,0.082,0.251,0.057,-9.711,-0.091,0.259
766.929,0.026,-0.013,0.076,0.266,0.122,-9.762,-0.116,-0.175
767.029,0.024,-0.012,0.066,0.151,0.072,-9.833,-0.001,0.05
767.129,0.034,-0.01,0.048,0.215,0.136,-9.747,-0.084,-0.05
767.229,0.033,-0.01,0.039,0.165,-0.014,-9.711,-0.12,-0.251
767.329,0.021,-0.009,0.032,0.122,0.086,-9.704,-0.116,-0.2
767.429,0.02,-0.008,0.027,0.158,0.065,-9.855,-0.224,-0.342
767.529,0.017,-0.008,0.029,0.309,0.23,-9.668,-0.142,0.134
767.629,0.016,-0.008,0.036,0.18,0.165,-9.783,-0.244,0.176
767.729,0.003,-0.007,0.044,0.251,0.136,-9.783,-0.128,0.067
767.829,0.001,-0.006,0.047,0.115,0.115,-9.74,-0.236,0.192
767.929,-0.001,-0.005,0.055,0.136,0.072,-9.704,-0.21,0.234
768.029,-0.014,-0.004,0.065,0.18,0.201,-9.647,-0.309,0.025
768.129,-0.017,-0.004,0.064,0.129,0.194,-9.69,-0.184,0.017
768.229,-0.02,-0.003,0.065,0.294,0.151,-9.733,0.028,0.125
768.329,-0.021,-0.003,0.073,0.187,0.165,-9.718,-0.073,0.075
768.429,-0.033,-0.002,0.079,0.215,0.144,-9.776,-0.078,0.109
768.529,-0.033,-0.001,0.077,0.165,0.122,-9.754,-0.082,0.142
768.629,-0.046,0.009,0.084,0.172,0.165,-9.711,-0.068,-0.259
768.729,-0.046,0.009,0.073,0.144,0.136,-9.826,-0.047,0.05
768.829,-0.044,0.009,0.071,0.086,0.129,-9.762,0.08,-0.275
768.929,-0.054,0.009,0.067,0.187,0.158,-9.639,0.03,0.025
769.029,-0.052,0.009,0.063,0.108,0.151,-9.769,-0.064,-0.309
769.129,-0.049,0.009,0.062,0.115,0.201,-9.762,0.034,-0.067
769.229,-0.057,0.009,0.056,0.23,0.144,-9.747,0.041,-0.1
769.329,-0.054,0.009,0.049,0.208,0.122,-9.682,0.111,-0.033
769.429,-0.051,0.009,0.047,0.223,0.093,-9.754,0.07,-1.152
769.529,-0.048,0,0.045,0.223,0.172,-9.697,0.08,0.434
769.629,-0.043,0.008,0.038,0.115,0.093,-9.747,0.141,-0.601
769.729,-0.051,-0.002,0.043,0.122,0.144,-9.769,-0.03,-0.267
769.829,-0.048,-0.003,0.036,0.172,0.136,-9.747,-0.082,-0.134
769.929,-0.043,-0.003,0.038,0.086,0.201,-9.647,0.19,0.635
770.029,-0.051,-0.004,0.04,0.23,0.23,-9.797,0.118,0.167
770.129,-0.048,-0.005,0.036,0.079,0.079,-9.711,0.069,0.175
770.229,-0.043,-0.006,0.037,0.187,0.093,-9.783,0.025,-0.225
770.329,-0.039,-0.007,0.041,0.165,0.079,-9.747,0.312,0.359
770.429,-0.047,-0.008,0.039,0.244,0.108,-9.797,0.434,0.718
770.529,-0.032,-0.008,0.038,0.165,0.101,-9.647,0.467,0.092
770.629,-0.03,-0.016,0.04,0.23,0.072,-9.754,0.211,0.534
770.729,-0.027,-0.016,0.046,0.151,0.108,-9.783,0.386,0.058
770.829,-0.023,-0.015,0.049,0.208,0.266,-9.675,0.358,0.209
770.929,-0.021,-0.014,0.054,0.022,0.086,-9.783,0.349,0.234
771.029,-0.018,-0.013,0.056,0.208,0.208,-9.776,0.226,0.526
771.129,-0.014,-0.003,0.06,0.05,0.136,-9.726,0.206,0.175
771.229,-0.001,-0.003,0.068,0.201,0.115,-9.776,0.21,-0.217
771.329,0.001,-0.002,0.067,0.122,0.215,-9.675,0.187,0.593
771.429,0.004,-0.001,0.07,0.014,0.108,-9.675,0.056,0.017
771.529,0.007,-0.001,0.072,0.294,0.086,-9.762,-0.103,0.325
771.629,0.009,0.001,0.081,0.172,0.036,-9.833,-0.106,-0.517
771.729,0.01,0.002,0.077,0.151,0.158,-9.733,-0.224,-0.192
771.829,0.011,0.003,0.086,0.259,0.093,-9.697,-0.3,-0.793
771.929,0.012,0.003,0.094,0.18,0.151,-9.769,-0.413,-0.326
772.029,0.012,0.004,0.093,0.208,0.158,-9.769,-0.423,-0.943
772.129,0.012,0.004,0.101,0.187,0.05,-9.747,-0.427,-0.442
772.229,0.011,0.004,0.108,0.129,0.101,-9.776,-0.431,-0.609
772.329,0.021,0.004,0.107,0.101,0.151,-9.711,-0.422,-0.551
772.429,0.019,0.004,0.095,0.309,0.079,-9.762,-0.385,0.158
772.529,0.029,0.004,0.086,0.244,0.129,-9.776,-0.353,0.284
772.629,0.039,0.003,0.074,0.273,0.187,-9.647,-0.303,-0.392
772.729,0.038,0.003,0.064,0.101,0.086,-9.726,-0.277,-0.15
772.829,0.048,0.002,0.049,0.237,0.086,-9.769,-0.276,-0.251
772.929,0.047,0.001,0.058,0.108,0.043,-9.733,-0.252,0.284
773.029,0.046,0.009,0.072,0.201,0.101,-9.776,-0.198,0.075
773.129,0.044,0.009,0.078,0.215,0.086,-9.826,-0.171,0.033
773.229,0.044,0.009,0.079,0.144,0.151,-9.69,-0.184,-0.117
773.329,0.043,0.009,0.079,0.151,0.086,-9.711,-0.142,0.81
773.429,0.042,0.017,0.086,0.122,0.136,-9.726,-0.094,-0.209
773.529,0.04,0.017,0.101,0.072,0.18,-9.726,-0.025,-0.05
773.629,0.037,0.017,0.103,0.208,0.172,-9.697,0.021,0.776
773.729,0.033,0.017,0.109,0.215,0.172,-9.711,0.039,0.609
773.829,0.029,0.017,0.13,0.129,0.007,-9.826,0.327,0.317
773.929,0.024,0.017,0.123,0.201,0.072,-9.733,0.091,0.601
774.029,0.02,0.016,0.132,0.129,0.201,-9.769,0.055,0.526
774.129,0.016,0.016,0.133,0.115,0.122,-9.776,0.089,-0.242
774.229,0.011,0.015,0.141,0.215,0.144,-9.776,0.128,0.242
774.329,0.008,0.014,0.146,0.165,0.057,-9.762,0.127,-0.017
774.429,0.004,0.012,0.14,0.208,0.136,-9.769,0.064,-0.109
774.529,0.002,0.01,0.136,0.144,0.115,-9.711,0.146,-0.2
774.629,-0.01,0.009,0.131,0.158,0.144,-9.733,0.135,-0.201
774.729,-0.011,0.007,0.118,0.23,0.086,-9.733,0.105,-0.409
774.829,-0.011,0.005,0.111,0.266,0.18,-9.718,0.052,-0.609
774.929,-0.011,0.003,0.104,0.208,0.151,-9.704,0.023,0.208
775.029,-0.011,0.003,0.089,0.122,0.136,-9.697,0.062,-0.008
775.129,-0.011,0.002,0.079,0.223,0.115,-9.754,0.062,-0.492
775.229,-0.011,0.01,0.06,0.136,0.108,-9.726,-0.035,-0.125
775.329,-0.022,0.009,0.047,0.208,0.244,-9.704,0.099,-0.159
775.429,-0.022,0.009,0.044,0.172,0.101,-9.632,-0.028,-0.109
775.529,-0.022,0.009,0.037,0.201,0.043,-9.726,-0.049,-0.276
775.629,-0.021,0.009,0.04,0.187,0.237,-9.69,0.084,0.384
775.729,-0.031,0.017,0.036,0.122,0.122,-9.647,0.072,-0.042
775.829,-0.03,0.017,0.034,0.201,0.172,-9.769,0.119,-0.059
775.929,-0.029,0.017,0.035,0.165,0.036,-9.733,-0.095,-0.543
776.029,-0.028,0.017,0.042,0.172,0.122,-9.754,-0.148,-0.175
776.129,-0.027,0.026,0.039,0.194,0.115,-9.733,-0.058,0.167
776.229,-0.037,0.025,0.043,0.28,0.194,-9.797,-0.051,-0.401
776.329,-0.034,0.024,0.052,0.244,0.172,-9.69,-0.052,0.276
776.429,-0.032,0.023,0.058,0.129,0.093,-9.754,-0.146,-0.576
776.529,-0.03,0.022,0.067,0.201,0.136,-9.726,-0.051,0.409
776.629,-0.04,0.022,0.071,0.057,0.093,-9.69,-0.077,-0.91
776.729,-0.038,0.02,0.086,0.108,0.151,-9.74,-0.119,-0.442
776.829,-0.036,0.027,0.092,0.129,0.086,-9.747,-0.112,-0.484
776.929,-0.033,0.025,0.087,0.172,0.18,-9.718,-0.073,-0.059
777.029,-0.031,0.023,0.088,0.151,0.201,-9.711,-0.122,-0.017
777.129,-0.04,0.021,0.094,0.158,0.129,-9.74,-0.104,-0.225
777.229,-0.037,0.028,0.097,0.165,0.151,-9.697,-0.044,-0.084
777.329,-0.034,0.026,0.095,0.115,0.151,-9.697,-0.033,0.15
777.429,-0.032,0.024,0.097,0.158,0.194,-9.762,-0.069,-0.108
777.529,-0.03,0.031,0.099,0.259,0.057,-9.797,-0.059,-0.568
777.629,-0.038,0.029,0.103,0.237,0.151,-9.776,-0.063,-0.008
777.729,-0.047,0.037,0.11,0.201,0.065,-9.776,-0.065,-0.134
777.829,-0.044,0.044,0.111,0.165,0.151,-9.69,-0.081,0.234
777.929,-0.042,0.042,0.105,0.259,0.115,-9.747,0.05,-0.651
778.029,-0.051,0.041,0.107,0.208,0.115,-9.769,-0.011,0.25
778.129,-0.048,0.048,0.111,0.208,0.101,-9.718,-0.006,0.034
778.229,-0.046,0.047,0.104,0.18,0.108,-9.69,0.025,0
778.329,-0.054,0.054,0.103,0.129,0.029,-9.769,0.092,0.51
778.429,-0.063,0.052,0.095,0.151,0.172,-9.733,0.059,0.384
778.529,-0.061,0.049,0.086,0.244,0.108,-9.704,-0.024,0.15
778.629,-0.059,0.047,0.085,0.115,0.194,-9.733,0.015,0.083
778.729,-0.067,0.052,0.086,0.251,0.129,-9.747,0.021,0.501
778.829,-0.063,0.048,0.083,0.215,0.086,-9.668,0.1,-0.2
778.929,-0.06,0.054,0.079,0.093,0.05,-9.769,0.122,0.468
779.029,-0.067,0.05,0.077,1.156,13.748,-17.411,0.065,0.793
779.129,-0.063,0.046,0.076,2.916,-0.215,-44.246,0.248,0.459
779.229,-0.071,0.06,0.024,-2.241,0.718,-45.446,0.866,0.718
779.329,-0.133,0.003,-0.068,2.722,1.516,-44.426,1.958,3.123
779.429,-0.205,-0.035,0.323,-1.128,6.472,-43.162,3.12,3.165
779.529,-0.189,-0.004,1.39,-3.807,-4.525,-47.084,5.474,5.87
779.629,-0.173,0.027,2.84,-0.625,2.37,-44.124,6.559,7.784
779.729,-0.158,0.067,4.68,0.532,0.374,-49.511,8.958,9.722
779.829,-0.12,0.107,6.886,-0.625,-1.042,-47.982,10.078,10.925
779.929,-0.087,0.168,9.518,0.33,-1.494,-50.424,12.988,14.938
780.029,-0.042,0.228,12.596,-0.445,0.287,-49.705,17.249,17.698
780.129,0.002,0.306,16.044,-0.826,-0.833,-48.542,19.712,21.963
780.229,0.047,0.384,19.967,-0.381,-0.646,-51.666,24.909,26.398
780.329,0.058,0.453,24.29,-0.266,0.18,-53.39,27.967,31.003
780.429,0.047,0.514,29.051,-0.223,-0.223,-53.354,34.254,36.112
780.529,-0.009,0.54,34.25,0.963,-0.912,-53.749,37.721,41.643
780.629,-0.12,0.531,39.887,0.381,-0.488,-54.087,45.599,47.847
780.729,-0.275,0.479,45.922,1.975,-1.444,-55.452,49.562,54.139
780.829,-0.475,0.384,52.384,-0.029,-0.201,-54.791,58.273,60.771
780.929,-0.742,0.211,59.291,-0.33,-0.532,-54.597,62.879,67.827
781.029,-1.052,-0.014,66.619,0.05,-0.675,-54.884,72.76,75.814
781.129,-1.43,-0.291,74.391,0.51,-1.042,-54.834,77.952,83.974
781.229,-1.83,-0.637,82.624,-0.079,0.115,-55.128,89.294,92.815
781.329,-2.263,-1.052,91.317,-0.079,0.294,-54.726,95.088,103.097
781.429,-2.729,-1.528,100.414,0.022,0.661,-54.848,108.07,112.714
781.529,-3.228,-2.082,109.993,-0.524,0.611,-53.886,114.804,122.17
781.629,-3.739,-2.705,119.958,-0.51,0.783,-53.419,127.778,132.904
781.729,-4.283,-3.406,130.396,-0.869,-0.56,-53.476,134.806,143.987
781.829,-4.849,-4.184,141.257,0.567,0.122,-51.875,149.317,155.082
781.929,-5.471,-5.032,152.54,-0.481,-0.539,-51.12,156.951,169.838
782.029,-6.115,-5.95,164.207,2.248,1.551,-51.846,175.201,181.81
782.129,-6.803,-6.936,176.321,1.343,-0.603,-47.996,183.073,194.733
782.229,-7.525,-7.974,188.85,0.84,0.057,-46.444,200.168,207.841
782.329,-8.291,-9.064,201.771,1.286,0.022,-45.669,217.99,221.307
782.429,-9.079,-10.207,214.999,-0.445,0.036,-43.564,226.708,234.791
782.529,-9.912,-11.409,228.559,-0.237,-1.185,-41.725,245.537,250.174
782.629,-10.789,-12.724,242.639,-0.596,0.445,-40.073,255.212,264.894
782.729,-11.699,-14.1,256.98,-0.603,-0.302,-39.491,274.848,279.464
782.829,-12.643,-15.545,271.557,0.151,-2.313,-37.416,284.266,293.282
782.929,-13.62,-17.059,286.382,0.876,-1.602,-35.785,303.471,308.838
783.029,-14.641,-18.626,301.448,0.819,0.797,-34.04,314.194,325.02
783.129,-15.684,-20.235,316.747,-1.121,-1.085,-32.797,335.296,340.366
783.229,-16.761,-21.905,332.393,0.323,0.057,-31.087,345.308,356.425
783.329,-17.849,-23.627,348.236,-1.322,0.402,-30.721,365.774,372.682
783.429,-18.959,-25.418,364.352,-1.465,-1.508,-28.028,376.342,387.578
783.529,-20.092,-27.252,380.641,0,-0.266,-27.905,397.297,405.361
783.629,-21.246,-29.112,397.151,0.431,0.323,-24.529,408.412,421.087
783.729,-22.412,-31.025,413.819,-1.257,-1.027,-24.407,430.347,438.23
783.829,-23.589,-32.98,430.655,-1.142,-0.948,-22.921,441.295,454.269
783.929,-24.799,-34.97,447.611,-0.639,-0.797,-22.109,463.607,471.992
784.029,-26.031,-36.995,464.7,-1.745,-0.18,-22.583,474.882,489.571
784.129,-27.275,-39.054,481.927,1.027,-2.895,-20.486,496.871,505.25
784.229,-28.54,-41.148,499.324,0.029,0.007,-13.425,507.55,522.271
784.329,-29.806,-43.285,516.789,-1.2,-0.891,-8.519,529.759,538.265
784.429,-31.094,-45.423,534.437,0.625,-2.061,-5.143,551.576,555.165
784.529,-32.359,-47.594,552.174,0.711,1.113,-0.632,562.782,572.798
784.629,-33.636,-49.775,569.87,-1.221,0.122,3.074,586.091,590.992
784.729,-34.902,-51.947,587.424,0.309,-0.438,4.231,600.462,612.407
784.829,-36.167,-54.118,604.855,0.575,-1.731,4.41,625.294,631.382
784.929,-37.422,-56.282,622.129,-2.306,-0.496,6.278,637.33,648.347
785.029,-38.654,-58.436,639.245,0.345,0.323,5.265,659.497,664.449
785.129,-39.886,-60.573,656.156,-0.84,-1.429,5.653,669.727,678.972
785.229,-41.096,-62.702,672.898,-1.006,0.165,5.825,691.453,697.713
785.329,-42.295,-64.804,689.482,-0.84,-0.919,5.832,703.068,714.072
785.429,-43.494,-66.898,705.874,1.429,-0.438,5.416,725.005,731.713
785.529,-44.693,-68.984,722.086,0.359,0.158,4.949,735.996,743.19
785.629,-45.892,-71.06,738.154,0.338,-0.618,5.567,754.64,761.78
785.729,-47.069,-73.137,754.121,-0.395,-0.603,5.107,765.781,777.072
785.829,-48.257,-75.187,769.828,-0.934,-0.984,4.999,786.15,792.387
785.929,-49.423,-77.238,785.42,-0.804,0.345,4.511,796.642,808.085
786.029,-50.599,-79.28,800.898,0.589,-0.065,4.755,816.867,824.08
786.129,-51.765,-81.314,816.246,-0.194,0.532,4.856,826.723,838.197
786.229,-52.931,-83.33,831.45,-0.108,0.582,4.705,846.572,852.969
786.329,-54.074,-85.337,846.509,-0.812,-0.79,4.417,856.497,868.126
786.429,-55.218,-87.344,861.451,0.144,-0.244,4.554,875.899,882.759
786.529,-56.35,-89.334,876.228,-0.122,-0.007,4.927,885.351,897.231
786.629,-57.482,-91.316,890.832,0.776,-0.97,4.231,904.792,911.086
786.729,-58.626,-93.289,905.259,0.28,0.036,4.734,913.723,926.147
786.829,-59.758,-95.244,919.536,-0.567,0.28,4.597,932.523,939.309
786.929,-60.902,-97.191,933.683,-0.201,-0.165,3.958,950.92,952.763
787.029,-62.045,-99.146,947.688,-0.654,0.345,4.475,960.046,967.427
787.129,-63.166,-101.093,961.553,-0.158,0.33,3.857,978.121,981.561
787.229,-64.277,-103.032,975.286,-0.029,0.108,4.597,987.076,994.703
787.329,-65.376,-104.961,988.896,0.101,-1.207,3.275,1004.769,1007.954
787.429,-66.486,-106.899,1002.367,-0.661,-0.273,3.024,1013.515,1021.13
787.529,-67.574,-108.82,1015.694,-0.273,-0.991,3.239,1030.802,1034.139
787.629,-68.673,-110.741,1028.91,-0.036,0.316,4.403,1039.402,1048.366
787.729,-69.794,-112.645,1042.004,-0.488,-1.415,3.081,1056.674,1060.114
787.829,-70.904,-114.548,1054.928,-0.409,-0.919,3.204,1064.918,1073.172
787.929,-72.003,-116.443,1067.723,-0.46,0.151,3.936,1081.55,1085.32
788.029,-73.103,-118.329,1080.427,0.345,-0.582,3.182,1089.656,1097.946
788.129,-74.168,-120.233,1092.939,-0.819,-0.244,3.362,1106.022,1109.752
788.229,-75.245,-122.11,1105.335,-0.611,0.101,3.778,1113.98,1121.943
788.329,-76.333,-123.988,1117.605,-0.661,1.042,3.39,1129.841,1134.15
788.429,-77.41,-125.866,1129.721,-0.309,-0.381,3.304,1137.492,1145.904
788.529,-78.487,-127.717,1141.711,-0.136,-1.042,3.189,1153.402,1157.111
788.629,-79.564,-129.569,1153.561,0,-0.122,3.002,1160.893,1169.547
788.729,-80.618,-131.438,1165.249,-0.172,-0.445,2.787,1176.304,1181.248
788.829,-81.706,-133.298,1176.848,0.022,0.316,2.765,1183.747,1192.401
788.929,-82.783,-135.141,1188.317,-0.014,0.287,2.938,1198.827,1203.848
789.029,-83.86,-136.976,1199.665,-0.079,-0.151,2.801,1206.271,1214.931
789.129,-84.948,-138.819,1210.873,-0.072,-0.496,2.507,1220.601,1225.651
789.229,-86.014,-140.644,1221.957,0.259,-0.072,2.643,1234.952,1235.91
789.329,-87.102,-142.47,1232.918,-0.136,-0.007,2.413,1242.168,1247.029
789.429,-88.19,-144.296,1243.779,0.115,-0.539,2.306,1256.018,1257.782
789.529,-89.267,-146.113,1254.503,-0.294,-0.33,2.313,1262.933,1268.075
789.629,-90.355,-147.93,1265.097,-0.474,-0.294,2.514,1276.296,1278.662
789.729,-91.443,-149.738,1275.557,0.194,0,2.449,1283.428,1288.692
789.829,-92.53,-151.538,1285.89,-0.151,0.266,2.464,1296.855,1298.732
789.929,-93.618,-153.338,1296.095,-0.438,0.402,2.026,1303.359,1309.161
790.029,-94.718,-155.137,1306.184,-0.33,0.036,2.334,1316.097,1317.986
790.129,-95.817,-156.937,1316.146,0.086,-0.259,2.564,1322.661,1327.961
790.229,-96.927,-158.728,1325.984,0.079,-0.481,2.047,1335.227,1337.659
790.329,-98.037,-160.511,1335.734,0.316,-0.589,1.889,1341.546,1347.081
790.429,-99.136,-162.293,1345.364,0.079,-0.417,2.112,1354.016,1356.131
790.529,-100.246,-164.058,1354.882,0.115,0.215,2.14,1360.108,1365.952
790.629,-101.345,-165.823,1364.282,0.036,-0.136,1.853,1372.259,1374.446
790.729,-102.444,-167.571,1373.575,-0.33,0.079,1.753,1378.187,1383.998
790.829,-103.554,-169.328,1382.742,-0.338,-0.23,1.99,1389.908,1393.559
790.929,-104.665,-171.075,1391.795,0.065,0.093,1.745,1395.861,1401.885
791.029,-105.786,-172.823,1400.738,-0.273,-0.366,1.982,1407.295,1410.313
791.129,-106.918,-174.571,1409.567,0.172,-0.28,1.896,1413.009,1418.844
791.229,-108.04,-176.319,1418.288,-0.093,0.23,1.832,1424.161,1427.19
791.329,-109.161,-178.049,1426.896,-0.359,-0.029,1.573,1429.74,1436.505
791.429,-110.293,-179.789,1435.391,-0.079,0.23,1.832,1440.711,1444.097
791.529,-111.426,-181.51,1443.785,-0.244,-0.136,1.645,1451.228,1451.213
791.629,-112.558,-183.224,1452.055,-0.101,0.345,1.631,1456.483,1459.779
791.729,-113.69,-184.946,1460.23,0.036,-0.208,1.796,1466.929,1467.775
791.829,-114.823,-186.641,1468.302,-0.122,0.007,1.121,1471.996,1474.812
791.929,-115.955,-188.346,1476.229,-0.158,0.302,1.551,1482.221,1482.626
792.029,-117.087,-190.016,1484.06,-0.115,-0.093,1.185,1487.196,1490.542
792.129,-118.22,-191.695,1491.784,-0.144,-0.072,1.437,1497.093,1497.789
792.229,-119.363,-193.364,1499.388,-0.158,0.172,1.386,1501.961,1504.751
792.329,-120.496,-195.034,1506.875,-0.029,-0.136,1.279,1511.51,1512.104
792.429,-121.639,-196.696,1514.274,-0.093,-0.194,1.329,1516.209,1520.237
792.529,-122.783,-198.348,1521.559,-0.251,-0.065,1.3,1525.573,1527.021
792.629,-123.926,-199.992,1528.751,0.086,-0.029,1.365,1530.147,1533.323
792.729,-125.058,-201.645,1535.824,-0.294,0.244,1.092,1539.094,1540.309
792.829,-126.191,-203.298,1542.781,-0.022,-0.065,1.178,1543.487,1547.495
792.929,-127.334,-204.95,1549.65,-0.022,0.029,1.314,1552.323,1553.81
793.029,-128.478,-206.586,1556.395,-0.036,-0.043,1.156,1556.619,1560.032
793.129,-129.632,-208.212,1563.059,0.072,0.201,1.128,1565.164,1566.94
793.229,-130.787,-209.839,1569.627,0.072,0.043,0.783,1569.284,1573.56
793.329,-131.942,-211.466,1576.073,-0.108,0.122,0.776,1577.493,1579.307
793.429,-133.096,-213.084,1582.433,-0.144,-0.057,0.977,1581.5,1585.545
793.529,-134.262,-214.693,1588.68,0.223,-0.18,1.013,1589.424,1591.885
793.629,-135.416,-216.294,1594.804,0,-0.007,0.898,1593.314,1596.569
793.729,-136.571,-217.895,1600.83,0.187,-0.065,0.876,1601.057,1602.134
793.829,-137.726,-219.495,1606.741,-0.057,0.251,0.984,1608.565,1607.8
793.929,-138.891,-221.079,1612.539,0.057,0.144,0.682,1612.176,1614.056
794.029,-140.057,-222.662,1618.216,-0.201,0.302,0.783,1619.521,1618.555
794.129,-141.211,-224.246,1623.788,-0.108,0.172,0.963,1623.042,1624.818
794.229,-142.377,-225.812,1629.257,-0.108,-0.043,0.934,1629.963,1629.42
794.329,-143.543,-227.386,1634.619,-0.057,0.057,0.654,1633.416,1634.611
794.429,-144.72,-228.961,1639.887,-0.122,-0.029,0.74,1640.096,1639.903
794.529,-145.885,-230.527,1645.041,-0.151,0.215,0.819,1643.399,1645.395
794.629,-147.051,-232.093,1650.098,0.029,0.136,0.718,1649.909,1650.005
794.729,-148.217,-233.651,1655.063,-0.115,-0.079,0.69,1653,1655.011
794.829,-149.382,-235.208,1659.919,-0.043,-0.093,0.611,1659.172,1658.841
794.929,-150.548,-236.757,1664.676,-0.007,-0.086,0.567,1662.137,1663.262
795.029,-151.714,-238.297,1669.339,0.007,-0.187,0.611,1668.108,1667.488
795.129,-152.902,-239.837,1673.896,0.007,-0.057,0.611,1670.947,1672.208
795.229,-154.078,-241.369,1678.376,-0.151,0.115,0.467,1676.597,1676.929
795.329,-155.255,-242.901,1682.755,-0.029,0.136,0.517,1679.423,1681.26
795.429,-156.443,-244.423,1687.04,0.022,-0.065,0.632,1684.856,1685.395
795.529,-157.62,-245.938,1691.215,0.079,-0.043,0.374,1687.481,1688.645
795.629,-158.797,-247.452,1695.298,-0.079,0.172,0.488,1692.587,1692.192
795.729,-159.984,-248.975,1699.291,-0.18,0.115,0.467,1695.113,1696.036
795.829,-161.161,-250.48,1703.179,-0.18,0.072,0.409,1699.948,1699.389
795.929,-162.338,-251.986,1706.975,-0.108,0.115,0.46,1702.271,1703.432
796.029,-163.515,-253.483,1710.67,-0.101,-0.036,0.381,1706.969,1707.577
796.129,-164.692,-254.98,1714.262,-0.108,-0.065,0.488,1711.38,1709.946
796.229,-165.879,-256.476,1717.745,-0.093,0.022,0.431,1713.559,1713.402
796.329,-167.056,-257.965,1721.126,-0.122,-0.115,0.424,1717.691,1716.266
796.429,-168.233,-259.453,1724.429,-0.079,-0.043,0.467,1719.906,1719.032
796.529,-169.41,-260.932,1727.603,0.029,0.022,0.388,1723.748,1722.59
796.629,-170.598,-262.403,1730.684,-0.007,-0.043,0.46,1725.748,1725.754
796.729,-171.786,-263.892,1733.667,-0.057,-0.036,0.481,1729.418,1728.325
796.829,-172.973,-265.371,1736.537,0.05,0.065,0.28,1731.238,1730.897
796.929,-174.15,-266.842,1739.298,-0.079,0.093,0.381,1734.66,1733.568
797.029,-175.338,-268.296,1741.957,-0.057,0.029,0.18,1736.303,1735.745
797.129,-176.515,-269.749,1744.516,0,-0.029,0.424,1739.455,1737.923
797.229,-177.681,-271.186,1746.971,0.014,0.115,0.251,1741.009,1740.992
797.329,-178.857,-272.622,1749.326,0.022,0.05,0.345,1744.052,1742.973
797.429,-180.023,-274.067,1751.613,0.029,-0.065,0.201,1745.351,1744.954
797.529,-181.2,-275.521,1753.781,-0.072,0,0.223,1748.087,1746.638
797.629,-182.388,-276.966,1755.842,-0.115,0.007,0.359,1749.33,1748.62
797.729,-183.564,-278.419,1757.82,0.014,0.014,0.309,1751.788,1750.008
797.829,-184.763,-279.882,1759.717,-0.043,0.014,0.266,1752.937,1752.387
797.929,-185.951,-281.335,1761.537,0.014,0.014,0.302,1755.141,1753.477
798.029,-187.15,-282.789,1763.222,-0.072,0.108,0.323,1756.143,1755.064
798.129,-188.338,-284.243,1764.815,-0.029,0.014,0.244,1758.131,1756.651
798.229,-189.526,-285.688,1766.296,-0.029,-0.014,0.273,1759.055,1757.246
798.329,-190.714,-287.124,1767.667,-0.022,0.05,0.259,1760.791,1759.428
798.429,-191.913,-288.56,1768.948,0,-0.057,0.187,1762.361,1760.122
798.529,-193.101,-289.988,1770.133,0.029,0,0.395,1763.038,1762.008
798.629,-194.278,-291.424,1771.214,0,-0.029,0.215,1764.309,1762.306
798.729,-195.465,-292.843,1772.202,-0.05,0.05,0.28,1764.922,1762.702
798.829,-196.653,-294.271,1773.084,0.022,0.101,0.294,1765.992,1763.298
798.929,-197.841,-295.681,1773.871,0.05,0.029,0.158,1766.432,1764.291
799.029,-199.04,-297.092,1774.574,0.043,0.108,0.244,1767.231,1765.978
799.129,-200.228,-298.493,1775.16,-0.014,0.057,0.194,1767.563,1765.581
799.229,-201.416,-299.904,1775.646,-0.043,0.136,0.352,1768.153,1766.276
799.329,-202.604,-301.305,1776.065,-0.036,0.072,0.259,1768.363,1766.177
799.429,-203.803,-302.716,1776.386,-0.022,0.036,0.237,1768.683,1766.574
799.529,-204.991,-304.118,1776.618,-0.072,0.007,0.194,1768.77,1766.872
799.629,-206.179,-305.519,1776.747,-0.014,0.093,0.223,1768.838,1766.574
799.729,-207.355,-306.912,1776.763,-0.632,-11.019,44.419,1768.814,1766.375
799.829,-208.521,-308.314,1776.674,-0.503,0.215,1.164,1771.452,1768.957
799.929,-209.698,-309.871,1776.529,0.524,0.151,2.277,1771.175,1768.56
800.029,-210.841,-311.619,1776.284,-0.567,0.28,0.963,1770.449,1767.765
800.129,-211.974,-313.454,1775.903,0.338,0.101,2.198,1769.872,1767.865
800.229,-213.106,-315.297,1775.412,1.049,-0.072,2.794,1769.33,1766.673
800.329,-214.25,-317.122,1774.831,1.458,2.399,4.425,1769.027,1765.879
800.429,-215.415,-318.913,1774.186,-4.245,7.93,20.586,1768.323,1767.07
800.529,-216.603,-320.687,1773.466,-12.096,-10.868,18.367,1768.044,1763.298
800.629,-217.835,-322.366,1772.723,-4.101,-1.264,15.666,1764.975,1764.092
800.729,-219.034,-323.845,1771.91,22.138,3.577,9.963,1766.999,1764.39
800.829,-220.133,-325.152,1770.969,11.22,4.683,10.99,1765.93,1763.893
800.929,-221.199,-326.363,1769.788,4.245,-5.358,12.836,1765.596,1763.993
801.029,-222.409,-327.436,1768.555,9.927,-16.133,10.322,1767.574,1765.283
801.129,-223.708,-328.319,1767.332,14.028,-21.426,5.006,1766.374,1763.596
801.229,-224.996,-329.08,1766.136,-2.945,-13.274,-1.659,1764.701,1761.611
801.329,-226.284,-329.721,1765.13,-19.753,6.515,0.984,1767.446,1765.084
801.429,-227.45,-330.378,1764.148,-17.325,25.887,3.951,1767.144,1764.787
801.529,-228.593,-330.958,1762.984,-1.896,17.979,2.88,1761.338,1759.626
801.629,-229.836,-331.373,1761.711,-2.636,13.942,3.002,1761.318,1753.874
801.729,-231.124,-331.615,1760.338,-6.249,3.06,2.967,1754.504,1749.611
801.829,-232.467,-331.676,1758.844,-8.411,-11.069,2.967,1751.833,1750.8
801.929,-233.789,-331.659,1757.189,-8.799,-14.344,3.512,1753.516,1752.486
802.029,-235.032,-331.667,1755.543,-7.678,-9.905,2.184,1755.423,1752.387
802.129,-236.198,-331.633,1753.829,-8.325,-15.379,0.453,1751.723,1747.332
802.229,-237.363,-331.572,1752.231,-1.228,-17.936,-1.336,1749.177,1744.062
802.329,-238.573,-331.503,1750.766,3.297,-13.26,-1.257,1749.466,1749.016
802.429,-239.784,-331.434,1749.319,13.166,-1.408,0.101,1748.321,1749.115
802.529,-241.082,-331.33,1747.858,15.551,0.819,3.606,1747.396,1745.35
802.629,-242.526,-331.226,1746.384,15.623,-4.101,5.509,1747.498,1747.728
802.729,-244.069,-331.105,1744.829,12.283,-4.748,5.373,1747.357,1738.121
802.829,-245.556,-330.889,1743.352,6.931,-4.834,4.173,1741.703,1735.745
802.929,-246.866,-330.421,1741.689,4.978,-2.464,3.34,1735.103,1732.183
803.029,-248.099,-329.764,1739.912,-1.516,4.425,2.801,1733.106,1730.897
803.129,-249.253,-329.089,1738.055,-4.001,7.995,4.963,1733.277,1731.094
803.229,-250.452,-328.44,1736.247,-2.715,8.943,6.694,1731.623,1729.413
803.329,-251.729,-327.765,1734.402,3.354,3.613,4.511,1730.337,1725.853
803.429,-252.995,-327.081,1732.525,2.83,1.027,0.194,1725.208,1725.062
803.529,-254.271,-326.363,1730.652,20.442,-171.469,-79.608,1729.056,1730.303
803.629,-255.492,-325.619,1728.518,5.265,4.978,-135.605,1724.957,1735.844
803.729,-256.658,-324.996,1726.052,12.031,12.074,-33.321,1735.623,1735.052
803.829,-257.901,-324.538,1723.504,0.869,-0.754,-26.016,1725.524,1722.195
803.929,-259.256,-324.14,1720.569,83.774,-41.79,-22.856,1726.036,1715.476
804.029,-260.633,-323.62,1717.78,37.416,-19.279,-13.583,1713.615,1711.526
804.129,-261.787,-322.989,1714.865,0.625,-0.467,-17.296,1715.966,1718.934
804.229,-262.82,-322.487,1711.63,-37.258,19.674,-10.092,1728.278,1720.119
804.329,-263.741,-322.21,1708.463,-5.552,46.308,-5.983,1715.373,1697.12
804.429,-264.585,-321.899,1705.328,19.006,31.411,-17.943,1699.247,1698.304
804.529,-265.395,-321.345,1702.328,31.31,24.127,-30.125,1701.007,1698.304
804.629,-266.283,-320.436,1699.651,38.558,4.281,-28.286,1702.337,1703.531
804.729,-267.56,-319.467,1696.981,44.34,22.138,-15.206,1705.83,1690.418
804.829,-269.003,-318.576,1694.194,1.437,30.032,-15.73,1690.089,1688.842
804.929,-270.469,-317.771,1691.661,-11.744,22.921,-12.541,1693.038,1692.587
805.029,-271.912,-317.096,1689.311,-19.401,19.035,-7.384,1697.145,1691.601
805.129,-273.133,-316.456,1687.16,-25.176,11.191,0.474,1693.514,1682.047
805.229,-274.099,-315.686,1684.836,-16.571,19.703,5.093,1686.506,1680.571
805.329,-275.198,-314.778,1682.517,0.898,8.878,2.672,1679.249,1676.634
805.429,-276.541,-313.921,1680.175,6.055,-2.061,5.797,1678.891,1677.618
805.529,-277.996,-313.177,1677.947,7.219,-10.904,8.619,1676.285,1674.765
805.629,-279.35,-312.45,1675.602,7.765,-11.528,9.927,1676.669,1669.454
805.729,-280.749,-311.697,1673.25,2.334,-4.87,9.374,1670.831,1667.292
805.829,-281.992,-310.823,1670.786,-12.067,1.099,10.868,1669.344,1661.69
805.929,-283.147,-309.915,1668.325,-14.179,3.936,7.197,1662.812,1657.859
806.029,-284.29,-309.015,1665.892,-4.18,8.404,6.292,1660.653,1659.528
806.129,-285.523,-307.951,1663.658,10.336,1.472,6.321,1666.29,1666.8
806.229,-286.866,-306.947,1661.39,11.406,-13.683,6.917,1666.909,1665.817
806.329,-288.209,-305.978,1659.182,17.972,-11.715,4.647,1662.371,1660.314
806.429,-289.453,-305.043,1657.043,10.623,-12.671,1.3,1661.224,1658.448
806.529,-290.696,-304.342,1654.555,2.334,-9.259,-1.056,1656.155,1652.852
806.629,-291.773,-303.607,1652.113,-17.167,-2.076,4.058,1653.673,1649.319
806.729,-292.739,-302.811,1649.574,-19.25,7.585,5.481,1650.582,1647.356
806.829,-293.838,-301.954,1647.056,-11.227,9.503,3.433,1648.601,1645.297
806.929,-295.026,-301.132,1644.679,-9.503,11.615,2.528,1646.417,1646.964
807.029,-296.324,-300.371,1642.43,-8.124,10.264,0.79,1648.216,1643.727
807.129,-297.712,-299.661,1640.133,-7.262,5.078,-0.51,1647.326,1644.904
807.229,-299.178,-298.952,1637.859,-15.113,0.323,2.363,1646.916,1639.903
807.329,-300.71,-298.191,1635.608,-19.387,6.946,4.374,1638.137,1629.517
807.429,-302.131,-297.386,1633.24,-8.727,12.915,2.471,1631.599,1620.219
807.529,-303.441,-296.642,1630.833,3.563,7.37,0.287,1623.665,1624.622
807.629,-304.617,-295.82,1628.626,9.661,-0.057,-0.273,1627.173,1629.713
807.729,-305.839,-295.197,1626.228,0.201,-15.005,3.484,1628.207,1624.034
807.829,-307.004,-294.556,1623.895,-15.953,-7.757,2.557,1625.126,1620.219
807.929,-308.148,-293.882,1621.58,-12.125,6.558,4.08,1622.687,1619.827
808.029,-309.325,-293.163,1619.172,1.832,14.79,4.705,1619.102,1614.838
808.129,-310.601,-292.393,1616.719,4.604,2.909,6.012,1615.98,1615.132
808.229,-311.934,-291.597,1614.284,7.248,0.086,6.587,1611.324,1608.875
808.329,-313.31,-290.836,1611.968,-0.28,4.288,5.976,1609.496,1605.456
808.429,-314.731,-290.17,1609.74,-8.447,10.042,6.177,1606.625,1602.134
808.529,-316.119,-289.512,1607.383,-9.208,11.098,5.595,1604.572,1603.208
808.629,-317.484,-288.777,1604.973,-1.939,10.271,6.809,1601.944,1595.495
808.729,-318.805,-288.024,1602.678,-0.675,8.124,8.03,1597.04,1593.446
808.829,-320.027,-287.21,1600.324,-3.031,2.65,8.454,1594.307,1591.787
808.929,-321.181,-286.397,1597.981,-2.686,-0.007,8.576,1593.932,1595.008
809.029,-322.314,-285.636,1595.682,0.934,-3.52,7.362,1599.975,1597.35
809.129,-323.424,-284.917,1593.359,7.686,-6.802,8.153,1598.855,1592.666
809.229,-324.567,-284.225,1591.047,3.814,-12.089,7.262,1595.633,1593.837
809.329,-325.7,-283.464,1588.575,2.773,-10.092,5.502,1593.85,1586.91
809.429,-326.899,-282.65,1586.148,6.795,-6.953,4.08,1587.63,1587.008
809.529,-328.186,-281.759,1583.687,5.775,-6.493,3.477,1587,1583.205
809.629,-329.441,-280.911,1581.269,8.325,-9.862,5.639,1582.312,1581.256
809.729,-330.651,-280.055,1578.814,0.819,-14.035,4.963,1581.25,1576.677
809.829,-331.772,-279.155,1576.326,-10.667,2.909,5.208,1583.786,1583.79
809.929,-332.849,-278.229,1573.732,-2.686,18.043,4.741,1579.786,1573.171
810.029,-333.948,-277.372,1571.095,0.596,9.352,1.142,1576.345,1573.365
810.129,-335.18,-276.49,1568.592,-5.351,6.134,3.089,1578.044,1574.144
810.229,-336.535,-275.529,1566.158,-9.129,14.912,7.305,1574.413,1567.426
810.329,-337.911,-274.543,1563.78,-5.868,7.161,5.962,1565.089,1561.199
810.429,-339.321,-273.531,1561.337,-4.611,4.022,7.226,1561.381,1554.88
810.529,-340.742,-272.527,1558.944,-4.274,1.2,5.911,1555.04,1552.838
810.629,-342.075,-271.489,1556.542,-5.402,5.466,5.035,1554.239,1546.62
810.729,-343.44,-270.476,1554.154,3.9,8.821,7.592,1545.728,1542.251
810.829,-344.85,-269.525,1551.658,10.882,9.402,6.544,1543.938,1541.571
810.929,-346.238,-268.616,1549.182,12.714,7.671,6.601,1542.8,1539.048
811.029,-347.637,-267.673,1546.764,8.792,6.486,6.788,1541.844,1539.921
811.129,-349.035,-266.686,1544.355,1.185,7.312,5.926,1538.699,1535.263
811.229,-350.345,-265.614,1542.032,-3.656,5.143,3.125,1538.962,1538.951
811.329,-351.622,-264.67,1539.573,-0.424,-0.912,2.184,1540.816,1540.504
811.429,-352.943,-263.831,1537.118,4.662,-12.067,6.967,1541.566,1538.174
811.529,-354.198,-263.035,1534.554,6.493,-18.108,8.253,1540.155,1537.204
811.629,-355.474,-262.239,1531.968,5.129,-13.497,7.068,1536.594,1531.869
811.729,-356.873,-261.4,1529.482,5.926,-5.057,4.367,1535.146,1529.832
811.829,-358.339,-260.526,1527.113,6.91,-4.338,5.674,1530.971,1524.888
811.929,-359.826,-259.591,1524.798,5.323,-0.129,4.971,1528.47,1527.505
812.029,-361.281,-258.57,1522.409,5.351,-1.602,7.097,1527.416,1516.654
812.129,-362.679,-257.549,1519.918,7.635,-3.268,4.999,1521.706,1516.557
812.229,-364.123,-256.563,1517.488,9.05,-2.162,2.442,1522.619,1520.722
812.329,-365.566,-255.525,1515.105,9.474,-2.392,2.004,1519.958,1519.85
812.429,-367.042,-254.504,1512.69,9.244,-4.188,1.853,1520.734,1517.622
812.529,-368.474,-253.517,1510.256,10.983,-5.718,2.342,1517.42,1512.297
812.629,-369.884,-252.548,1507.826,7.154,-7.865,1.86,1514.265,1511.91
812.729,-371.294,-251.614,1505.406,5.538,-8.138,1.817,1512.027,1507.169
812.829,-372.671,-250.688,1502.951,1.824,-10.214,0.747,1503.877,1501.269
812.929,-374.092,-249.797,1500.494,-4.202,-10.99,0.388,1500.655,1494.02
813.029,-375.446,-248.853,1498.128,-5.107,-8.44,0.151,1496.496,1492.184
813.129,-376.79,-247.962,1495.759,-13.023,3.922,2.787,1494.737,1492.378
813.229,-378.155,-247.184,1493.277,-8.009,15.235,4.899,1494.836,1489.48
813.329,-379.41,-246.292,1490.662,6.465,10.085,7.327,1490.673,1483.301
813.429,-380.709,-245.245,1488.127,8.72,-2.758,9.611,1484.788,1482.24
813.529,-382.107,-244.043,1485.49,3.771,-9.086,11.809,1483.099,1479.152
813.629,-383.695,-242.901,1482.823,-2.686,-13.461,7.736,1480.901,1478.862
813.729,-385.282,-241.888,1480.233,-9.999,-6.378,4.813,1481.133,1480.31
813.829,-386.803,-240.98,1477.572,-14.524,-4.432,5.825,1479.511,1482.626
813.929,-388.236,-240.106,1474.934,-14.258,-2.047,6.141,1482.721,1473.366
814.029,-389.568,-239.171,1472.2,-10.494,0.165,5.926,1476.353,1477.03
814.129,-390.9,-238.176,1469.572,-9.122,3.275,6.436,1475.189,1471.534
814.229,-392.199,-237.138,1467.009,-9.223,4.259,6.874,1468.612,1465.366
814.329,-393.52,-236.074,1464.476,-8.289,0.984,7.197,1465.292,1461.513
814.429,-394.885,-235.035,1461.938,-1.595,-0.912,4.59,1462.534,1458.817
814.529,-396.329,-234.109,1459.381,9.259,1.889,6.565,1462.678,1459.298
814.629,-397.916,-233.244,1456.997,11.291,1.48,8.612,1461.66,1463.632
814.729,-399.404,-232.266,1454.426,9.144,-0.532,6.364,1458.313,1457.95
814.829,-400.847,-231.315,1451.802,11.069,6.694,7.01,1457.348,1451.31
814.929,-402.279,-230.354,1449.254,11.335,3.771,8.117,1448.099,1442.174
815.029,-403.689,-229.359,1446.767,7.01,1.25,9.51,1443.005,1437.465
815.129,-405.043,-228.364,1444.441,4.468,0.366,7.894,1436.829,1433.911
815.229,-406.442,-227.352,1442.125,6.666,2.212,7.082,1436.639,1438.522
815.329,-407.919,-226.365,1439.746,7.025,7.599,5.998,1441.93,1439.003
815.429,-409.484,-225.405,1437.314,-6.809,9.869,4.963,1440.977,1441.886
815.529,-411.161,-224.445,1434.831,-13.77,-11.845,6.982,1442.182,1436.697
815.629,-412.848,-223.406,1432.322,-7.276,-22.497,6.544,1436.821,1430.071
815.729,-414.524,-222.307,1429.826,3.649,-10.501,2.6,1430.527,1427.575
815.829,-416.134,-221.286,1427.331,0.481,-4.094,-1.932,1430.295,1428.534
815.929,-417.655,-220.404,1424.991,-9.805,-6.45,-0.553,1427.302,1422.489
816.029,-419.065,-219.608,1422.523,-13.533,-11.615,4.252,1425.278,1419.611
816.129,-420.419,-218.734,1419.928,-8.246,-18.575,5.409,1420.401,1420.379
816.229,-421.752,-217.773,1417.334,4.288,-13.446,3.663,1421.292,1413.859
816.329,-423.239,-216.77,1414.949,7.671,1.875,0.848,1418.005,1409.355
816.429,-424.927,-215.757,1412.615,-0.381,14.165,-1.559,1411.473,1402.65
816.529,-426.714,-214.676,1410.277,-10.02,22.116,1.106,1403.439,1405.044
816.629,-428.424,-213.56,1407.757,-5.876,11.83,2.406,1407.152,1403.034
816.729,-430,-212.452,1405.123,-2.823,9.223,6.192,1402.051,1399.204
816.829,-431.443,-211.388,1402.518,5.344,1.695,6.321,1399.742,1396.525
816.929,-432.842,-210.289,1400.005,8.074,-4.906,7.248,1396.566,1390.977
817.029,-434.274,-209.155,1397.539,5.768,-4.417,7.607,1391.01,1388.49
817.129,-435.784,-208.031,1395.029,1.587,-3.771,9.568,1390.313,1389.446
817.229,-437.361,-206.94,1392.419,-0.661,4.899,12.153,1389.371,1385.718
817.329,-439.004,-205.876,1389.77,-5.243,-0.072,12.003,1388.074,1390.785
817.429,-440.669,-204.812,1387.112,-7.054,-14.33,11.629,1390.169,1386.674
817.529,-442.345,-203.748,1384.483,-2.579,-12.699,7.154,1386.742,1380.749
817.629,-443.966,-202.657,1382.011,-2.478,-4.065,5.387,1382.775,1381.609
817.729,-445.398,-201.654,1379.571,-13.461,7.678,6.623,1383.002,1377.024
817.829,-446.697,-200.693,1377.052,-20.112,8.935,6.429,1382.297,1376.928
817.929,-11.988,6.536,4.712,-1.785,-0.597,-4332,1372.918,-202.893
818.029,-449.517,-198.738,1371.996,0.309,-5.351,6.615,1371.718,1366.142
818.129,-451.138,-197.699,1369.55,9.438,-13.963,6.457,1369.383,1367.765
818.229,-452.803,-196.626,1367.16,7.528,-12.951,6.615,1368.973,1364.903
818.329,-454.468,-195.554,1364.842,1.623,-9.632,6.17,1366.938,1363.663
818.429,-455.989,-194.524,1362.568,-4.396,-5.05,4.92,1365.511,1359.753
818.529,-457.355,-193.546,1360.148,-10.164,4.877,6.644,1363.467,1359.753
818.629,-458.654,-192.594,1357.691,-7.786,8.691,5.653,1358.668,1354.892
818.729,-459.953,-191.617,1355.141,-1.982,5.552,5.639,1354.927,1353.081
818.829,-461.318,-190.604,1352.572,-0.948,-2.026,6.989,1354.021,1351.557
818.929,-462.783,-189.531,1349.943,-1.508,-9.647,6.084,1353.33,1349.938
819.029,-464.316,-188.476,1347.286,-1.947,-14.064,4.899,1351.568,1347.271
819.129,-465.825,-187.403,1344.704,-9.963,-13.734,5.366,1345.894,1343.464
819.229,-467.235,-186.382,1342.061,-10.487,-11.184,2.521,1345.173,1340.608
819.329,-468.567,-185.421,1339.45,-10.544,-8.174,1.832,1339.798,1336.042
819.429,-469.789,-184.452,1336.789,-8.282,4.719,3.211,1338.43,1335.281
819.529,-470.943,-183.423,1334.219,-2.464,15.745,9.101,1335.695,1333.284
819.629,-472.064,-182.428,1331.597,-3.16,6.213,6.86,1332.798,1331.573
819.729,-473.252,-181.45,1329.008,-8.267,3.39,6.623,1331.566,1327.105
819.829,-474.562,-180.541,1326.374,-8.727,-6.235,9.28,1326.003,1324.92
819.929,-475.917,-179.641,1323.762,-3.872,-5.595,8.813,1324.229,1322.07
820.029,-477.327,-178.707,1321.221,-1.235,-3.29,9.618,1322.716,1320.455
820.129,-478.737,-177.738,1318.764,5.861,-4.188,10.509,1322.867,1319.981
820.229,-480.169,-176.76,1316.339,8.325,-9.575,10.58,1321.557,1314.569
820.329,-481.579,-175.852,1313.844,5.344,-13.511,8.698,1318.516,1313.525
820.429,-482.955,-175.012,1311.395,-1.013,-15.357,7.944,1314.045,1311.153
820.529,-484.31,-174.199,1309.009,-2.363,-11.004,5.617,1309.083,1307.548
820.629,-485.642,-173.325,1306.689,-4.224,-4.64,5.998,1308.663,1302.238
820.729,-486.907,-172.425,1304.352,-9.381,2.04,7.054,1304.2,1305.177
820.829,-488.095,-171.525,1301.918,-10.113,4.741,7.88,1303.371,1302.143
820.929,-489.305,-170.625,1299.529,-4.453,3.814,7.808,1301.131,1298.068
821.029,-490.649,-169.769,1297.094,1.077,-3.505,7.743,1298.89,1297.405
821.129,-492.114,-168.964,1294.578,4.942,-10.207,8.095,1297.589,1296.552
821.229,-493.546,-168.073,1292.198,-0.057,-10.932,8.153,1297.932,1290.68
821.329,-494.89,-167.19,1289.733,-6.429,-7.973,9.259,1293.146,1287.461
821.429,-496.122,-166.316,1287.455,-10.322,-2.342,8.009,1289.987,1287.651
821.529,-497.321,-165.391,1285.203,-9.862,0.122,7.391,1289.31,1286.42
821.629,-498.631,-164.603,1282.749,-9.252,0.639,6.666,1285.843,1282.256
821.729,-499.996,-163.781,1280.333,-6.091,-3.103,5.646,1283.814,1281.594
821.829,-501.395,-162.951,1277.933,-4.137,-6.213,7.24,1280.311,1276.581
821.929,-502.861,-162.111,1275.576,-1.379,-11.845,9.122,1278.326,1274.218
822.029,-504.348,-161.255,1273.186,1.767,-9.797,7.772,1274.786,1271.382
822.129,-505.814,-160.398,1270.752,2.629,-9.977,5.524,1271.869,1270.154
822.229,-507.279,-159.593,1268.398,-1.832,-4.64,-0.417,1271.199,1270.91
822.329,-508.711,-158.867,1266.021,-8.634,-4.439,1.58,1272.606,1279.324
822.429,-510.055,-158.192,1263.529,-13.655,2.686,2.902,1277.9,1270.059
822.529,-511.376,-157.517,1260.998,-14.208,7.872,3.936,1269.334,1264.108
822.629,-512.652,-156.781,1258.442,-9.647,10.904,4.734,1264.7,1258.821
822.729,-513.973,-155.968,1255.978,-2.205,1.638,3.663,1260.732,1257.594
822.829,-515.428,-155.12,1253.556,-2.011,-0.618,2.234,1255.273,1253.914
822.929,-516.949,-154.263,1251.181,-3.986,-1.954,2.061,1256.395,1257.782
823.029,-518.447,-153.424,1248.76,-20.04,6.529,2.895,1254.336,1251.084
823.129,-519.913,-152.593,1246.283,-18.431,8.677,-2.09,1251.922,1244.39
823.229,-521.423,-151.676,1243.884,-7.973,-0.251,-3.283,1248.245,1242.881
823.329,-523.055,-150.569,1241.537,-3.907,-8.77,3.965,1244.536,1237.983
823.429,-524.609,-149.297,1239.07,-1.824,-18.223,5.603,1242.815,1239.96
823.529,-526.063,-147.999,1236.595,-5.323,-18.065,7.061,1241.417,1239.678
823.629,-527.573,-146.753,1234.091,-9.682,-13.317,3.333,1241.921,1236.664
823.729,-529.105,-145.576,1231.543,-12.434,-3.239,0.833,1238.142,1239.019
823.829,-530.604,-144.451,1228.954,-7.966,15.845,0.848,1235.236,1231.015
823.929,-532.047,-143.491,1226.474,-3.986,15.458,2.428,1230.904,1228.568
824.029,-533.49,-142.591,1223.868,-2.938,4.475,1.178,1228.134,1223.957
824.129,-534.967,-141.561,1221.237,-8.303,1.954,0.639,1226.65,1224.804
824.229,-536.454,-140.411,1218.745,-18.022,-6.831,8.598,1223.485,1220.195
824.329,-537.898,-139.182,1216.216,-6.838,-6.307,2.981,1221.887,1222.358
824.429,-539.263,-137.919,1213.71,7.226,3.491,-0.769,1222.667,1212.3
824.529,-540.573,-136.707,1211.257,15.903,15.716,2.945,1215.787,1213.428
824.629,-541.861,-135.557,1208.673,6.35,19.473,3.922,1214.835,1212.206
824.729,-543.282,-134.406,1206.085,-9.855,19.099,3.01,1216.253,1216.341
824.829,-544.847,-133.246,1203.513,-12.319,14.718,1.02,1218.495,1216.153
824.929,-546.435,-132.07,1201.089,-2.327,10.487,-3.261,1213.856,1206.946
825.029,-547.945,-130.798,1198.786,0.086,2.665,-7.025,1207.743,1199.718
825.129,-549.399,-129.465,1196.519,-2.895,-2.277,-7.348,1200.188,1199.812
825.229,-550.942,-128.072,1194.256,-3.907,-7.47,-5.639,1200.792,1202.533
825.329,-552.441,-126.618,1191.734,-14.438,-25.334,-0.043,1206.36,1200.938
825.429,-553.851,-125.173,1189.074,-7.477,-24.091,-0.675,1201.612,1197.09
825.529,-555.25,-123.789,1186.595,0.783,-21.125,-3.548,1196.841,1190.526
825.629,-556.615,-122.465,1184.288,3.067,-7.19,-5.215,1188.031,1180.686
825.729,-557.87,-121.228,1181.941,-0.603,-4.676,-3.283,1183.785,1184.714
825.829,-559.091,-120.112,1179.598,-3.433,-5.847,1.013,1186.177,1180.686
825.929,-560.223,-119.039,1177.189,-10.71,-10.099,7.018,1181.288,1178.345
826.029,-561.278,-117.966,1174.587,-17.813,-9.51,9.122,1175.943,1173.571
826.129,-562.377,-116.841,1171.96,-9.79,1.013,8.584,1174.325,1167.956
826.229,-563.487,-115.612,1169.338,2.852,7.851,6.694,1169.702,1164.589
826.329,-564.653,-114.323,1166.783,9.244,8.21,7.204,1166.433,1166.834
826.429,-565.83,-113.077,1164.216,12.505,-0.409,11.543,1168.225,1165.057
826.529,-566.962,-111.918,1161.642,12.405,-9.697,11.902,1165.404,1154.775
826.629,-568.017,-110.741,1159.063,8.95,-5.021,6.781,1154.563,1150.572
826.729,-569.071,-109.495,1156.556,0.869,1.286,1.753,1151.353,1150.199
826.829,-570.159,-108.162,1154,-19.257,2.787,4.231,1154.571,1153.747
826.929,-571.325,-106.778,1151.393,-20.636,-3.534,5.064,1154.186,1149.918
827.029,-572.424,-105.463,1148.68,-16.578,-9.489,4.252,1146.699,1141.144
827.129,-573.456,-104.252,1146.032,3.024,-4.259,0.711,1141.494,1138.066
827.229,-574.422,-103.014,1143.49,13.274,6.924,2.564,1139.421,1137.506
827.329,-575.41,-101.941,1141.021,19.243,17.627,3.599,1138.013,1134.056
827.429,-576.432,-100.834,1138.37,2.83,19.128,2.593,1137.347,1138.346
827.529,-577.486,-99.605,1135.561,-2.155,9.812,-0.086,1139.984,1138.253
827.629,-578.619,-98.229,1132.916,-5.172,3.62,1.903,1136.838,1132.751
827.729,-579.718,-96.819,1130.396,-2.492,-1.882,5.538,1133.335,1127.625
827.829,-580.839,-95.365,1127.831,2.299,-5.868,8.138,1129.141,1125.669
827.929,-581.949,-93.86,1125.149,0.611,-5.035,6.335,1127.657,1122.874
828.029,-583.093,-92.397,1122.472,2.09,-9.726,10.487,1124.444,1120.919
828.129,-584.192,-90.97,1119.658,8.641,-10.731,8.756,1122.323,1118.219
828.229,-585.235,-89.594,1116.894,6.45,-1.487,5.567,1117.245,1112.449
828.329,-586.179,-88.132,1114.256,-5.351,1.997,6.429,1111.559,1108.822
828.429,-587.023,-86.721,1111.569,-12.232,2.787,10.81,1109.696,1106.404
828.529,-587.9,-85.467,1108.79,-4.331,0.524,9.359,1106.719,1105.567
828.629,-588.854,-84.143,1105.927,-2.284,-4.022,9.474,1107.672,1107.706
828.729,-589.854,-82.802,1103.091,-0.352,-8.799,11.859,1105.455,1103.429
828.829,-590.842,-81.409,1100.488,-1.25,-9.625,10.401,1103.306,1099.805
828.929,-591.819,-79.946,1097.917,-0.108,-4.274,9.991,1100.024,1100.269
829.029,-592.762,-78.493,1095.297,2.586,-2.643,8.074,1100.469,1096.367
829.129,-593.739,-77.152,1092.612,8.404,-9.568,10.351,1102.99,1092.374
829.229,-594.727,-75.785,1089.881,0.244,-15.924,9.115,1095.814,1090.61
829.329,-595.76,-74.435,1087.17,-1.444,-14.057,6.45,1091.28,1086.526
829.429,-596.77,-73.059,1084.557,4.87,-10.386,5.696,1087.726,1082.537
829.529,-597.758,-71.588,1082.025,8.497,-11.414,6.967,1082.156,1081.238
829.629,-598.746,-70.057,1079.515,8.052,-11.327,8.174,1082.267,1078.549
829.729,-599.745,-68.542,1077.016,2.133,-4.188,6.299,1079.058,1075.026
829.829,-600.744,-67.011,1074.646,-1.336,-7.362,7.118,1078.607,1080.589
829.929,-601.81,-65.592,1072.24,-0.503,6.292,4.245,1076.082,1070.948
830.029,-602.965,-64.259,1069.792,-10.609,7.291,2.32,1074.488,1069.929
830.129,-604.119,-62.944,1067.249,1.918,14.624,5.545,1070.899,1065.761
830.229,-605.185,-61.603,1064.641,12.556,12.584,5.107,1067.036,1058.17
830.329,-606.218,-60.201,1062.143,19.487,4.188,5.624,1057.512,1053.914
830.429,-607.239,-58.704,1059.736,17.756,3.01,3.196,1055.957,1055.117
830.529,-608.305,-57.043,1057.299,4.073,2.155,-1.566,1059.101,1055.579
830.629,-609.537,-55.235,1054.911,-12.642,-13.066,2.923,1060.651,1053.821
830.729,-610.747,-53.392,1052.295,-9.654,-17.268,8.196,1054.49,1051.325
830.829,-611.935,-51.549,1049.691,-4.698,-16.686,8.023,1053.07,1050.492
830.929,-613.089,-49.784,1047.177,-5.38,-8.655,4.619,1050.396,1048.551
831.029,-614.233,-48.122,1044.812,-2.543,-10.918,6.486,1046.979,1041.989
831.129,-615.376,-46.513,1042.488,-1.666,-5.423,6.472,1043.102,1040.788
831.229,-616.464,-44.903,1040.15,-3.074,-1.853,8.346,1039.584,1034.6
831.329,-617.519,-43.216,1037.75,-6.098,-1.257,10.056,1035.749,1032.846
831.429,-618.64,-41.468,1035.375,-2.442,-1.717,9.41,1035.617,1033.493
831.529,-619.795,-39.677,1032.895,1.516,-0.704,9.92,1034.599,1027.955
831.629,-620.972,-37.869,1030.305,5.911,7.585,8.677,1026.617,1021.683
831.729,-622.171,-36.112,1027.766,-3.785,12.778,8.742,1023.963,1025.649
831.829,-623.425,-34.33,1025.191,-3.915,11.32,9.007,1028.415,1025.556
831.929,-624.591,-32.556,1022.555,-4.037,6.917,8.691,1025.206,1022.882
832.029,-625.712,-30.808,1020.048,-0.402,5.646,7.765,1024.163,1022.236
832.129,-626.878,-29.069,1017.69,-4.813,4.611,8.964,1022.282,1020.3
832.229,-628.077,-27.339,1015.315,-7.082,7.204,6.156,1018.806,1013.757
832.329,-629.353,-25.582,1012.945,-6.228,-0.474,5.947,1015.91,1011.546
832.429,-630.675,-23.817,1010.611,-3.548,-8.196,7.894,1012.892,1010.256
832.529,-631.907,-22.009,1008.165,6.845,-8.275,8.21,1012.312,1009.796
832.629,-633.117,-20.157,1005.7,8.066,-5.294,7.592,1009.771,1008.138
832.729,-634.36,-18.297,1003.25,8.964,-5.071,9.022,1007.862,1003.995
832.829,-635.582,-16.514,1000.802,5.667,-6.773,6.019,1006.169,1002.614
832.929,-636.814,-14.81,998.344,-1.666,-11.737,6.623,1002.596,999.21
833.029,-638.091,-13.14,995.929,-7.772,-11.248,7.42,999.679,997.278
833.129,-639.312,-11.461,993.519,-10.774,-8.138,7.355,996.843,994.427
833.229,-640.522,-9.748,991.178,-8.569,-4.999,4.913,994.998,990.841
833.329,-641.798,-8,988.889,-2.959,-3.563,4.805,990.712,988.635
833.429,-643.164,-6.209,986.603,3.785,-4.604,6.831,989.391,987.9
833.529,-644.541,-4.383,984.362,6.924,-6.601,6.773,989.471,988.084
833.629,-645.928,-2.566,982.069,8.548,-9.812,6.723,988.04,983.581
833.729,-647.294,-0.819,979.7,6.077,-11.967,5.631,984.248,979.357
833.829,-648.604,0.851,977.355,0.208,-13.612,4.008,981.26,977.428
833.929,-649.88,2.452,975.068,-4.741,-8.655,1.939,979.021,976.694
834.029,-651.035,3.992,972.784,-5.229,-3.512,-0.467,977.283,976.694
834.129,-652.123,5.524,970.431,-3.9,1.817,-4.274,977.013,974.767
834.229,-653.2,7.099,967.991,-4.403,6.565,-3.139,975.835,975.134
834.329,-654.277,8.717,965.507,-1.666,12.922,-1.092,975.019,971.646
834.429,-655.354,10.352,962.976,-1.042,13.389,0.747,971.354,966.143
834.529,-656.508,11.987,960.533,-0.294,10.178,0.783,966.56,963.209
834.629,-657.641,13.64,958.148,-0.481,10.882,1.099,964.36,960.825
834.729,-658.751,15.293,955.717,5.042,18.237,-0.345,959.466,957.343
834.829,-659.894,16.937,953.34,2.069,14.215,-3.563,958.452,951.664
834.929,-661.004,18.607,950.978,1.968,10.142,-6.321,952.079,948.368
835.029,-662.137,20.285,948.703,-0.848,5.746,-6.292,950.235,945.164
835.129,-663.402,22.033,946.435,-0.165,-2.916,-1.336,947.296,946.72
835.229,-664.768,23.841,944.237,-2.823,-16.887,4.856,948.563,948.093
835.329,-666.122,25.719,941.897,12.448,-17.756,9.359,948.413,946.171
835.429,-667.466,27.484,939.461,10.889,-15.141,8.045,943.551,941.321
835.529,-668.776,29.215,937.097,8.469,-12.448,6.623,942.459,936.108
835.629,-669.986,30.867,934.775,5.078,-8.411,4.058,937.535,932.726
835.729,-671.074,32.442,932.432,-2.543,-2.291,5.437,934.297,930.349
835.829,-671.94,33.922,929.97,-4.145,4.791,5.222,933.571,934.005
835.929,-672.828,35.41,927.551,-6.939,12.692,6.723,932.889,928.156
836.029,-673.782,36.924,925.141,-7.197,10.157,7.635,931.101,927.974
836.129,-674.748,38.447,922.637,-3.785,7.987,7.542,929.228,921.946
836.229,-675.814,40.022,920.262,-1.408,4.583,5.983,923.805,919.663
836.329,-676.824,41.579,917.915,-1.659,4.547,4.317,919.866,915.1
836.429,-677.746,43.102,915.546,-3.764,6.041,2.32,914.862,909.353
836.529,-678.601,44.599,913.166,0.948,8.002,0.244,909.45,903.518
836.629,-679.378,46.13,910.686,7.578,7.585,2.356,903.46,901.969
836.729,-680.055,47.679,908.146,10.76,7.578,2.938,903.675,901.605
836.829,-680.765,49.263,905.6,9.754,6.68,3.383,902.452,899.236
836.929,-681.487,50.837,903.136,10.458,5.516,2.392,900.324,896.139
837.029,-682.186,52.412,900.655,7.327,4.626,1.393,896.436,894.408
837.129,-682.941,53.987,898.312,5.035,3.721,0.345,895.095,892.588
837.229,-683.674,55.51,895.769,1.429,7.111,0.639,896.029,895.683
837.329,-684.451,57.041,893.181,-7.054,6.673,2.112,893.943,893.224
837.429,-685.262,58.573,890.648,-16.499,0.567,3.218,892.478,893.498
837.529,-686.061,60.104,888.164,-8.44,-3.275,5.222,889.857,887.854
837.629,-686.816,61.714,885.703,5.991,-2.018,5.287,884.16,878.304
837.729,-687.526,63.427,883.175,17.16,6.141,10.58,879.276,877.122
837.829,-688.148,65.149,880.553,11.327,10.099,8.856,878.571,876.122
837.929,-688.703,66.758,877.8,3.139,6.917,8.074,875.226,875.667
838.029,-689.28,68.177,875.07,-7.183,-2.607,7.614,877.733,877.394
838.129,-689.891,69.518,872.441,-11.478,-9.481,9.754,874.681,871.578
838.229,-690.457,70.894,869.809,-7.204,-5.595,8.627,871.854,870.397
838.329,-690.957,72.382,867.181,-4.633,0.409,9.855,866.835,864.493
838.429,-691.39,73.966,864.618,-2.694,4.166,9.489,863.734,859.41
838.529,-691.789,75.566,862.015,-0.359,2.521,11.126,858.177,854.511
838.629,-692.189,77.098,859.437,-4.698,0.115,6.73,855.365,851.881
838.729,-692.5,78.586,856.874,-7.801,-3.979,9.833,851.591,848.526
838.829,-692.866,80.126,854.357,-4.575,0.129,7.916,849.129,845.445
838.929,-693.277,81.71,851.716,-5.1,12.254,10.322,844.74,842.002
839.029,-693.777,83.371,849.074,2.959,8.799,3.951,844.19,846.169
839.129,-694.243,85.024,846.388,8.648,-1.221,2.363,848.67,850.793
839.229,-694.676,86.477,843.754,16.233,-4.712,6.716,852.98,844.357
839.329,-695.076,87.853,841.163,19.659,-5.287,9.97,846.388,839.918
839.429,-695.398,89.229,838.564,6.817,-0.934,6.558,844.885,842.002
839.529,-695.697,90.7,836.05,2.083,4.841,4.762,840.934,838.197
839.629,-695.964,92.231,833.645,-0.575,4.281,3.714,837.379,834.938
839.729,-696.186,93.746,831.138,-0.503,0.883,5.926,835.054,835.39
839.829,-696.419,95.234,828.487,-3.462,-10.02,5.883,835.403,832.222
839.929,-696.63,96.644,825.747,-11.284,-18.18,7.269,833.305,831.95
840.029,-696.863,97.959,823.097,-11.708,-16.621,8.21,826.053,825.255
840.129,-697.196,99.266,820.609,-1.264,-9.812,7.678,824.99,819.74
840.229,-697.618,100.59,818.237,6.817,-5.782,9.014,819.312,817.841
840.329,-698.051,101.991,815.917,5.129,-5.732,7.398,818.968,814.769
840.429,-698.439,103.428,813.51,1.767,-8.871,8.792,814.695,815.492
840.529,-698.784,104.795,811.029,-7.951,-1.753,7.269,815.515,815.492
840.629,-699.028,106.153,808.503,-11.141,6.809,7.772,817.99,814.407
840.729,-699.205,107.469,806.079,-8.921,10.422,6.149,813.881,810.253
840.829,-699.45,108.758,803.616,-7.434,5.143,6.644,808.84,807.002
840.929,-699.794,110.012,801.222,-6.702,2.988,6.199,805.683,801.406
841.029,-700.16,111.284,798.815,-5.768,0.934,6.63,800.908,798.067
841.129,-700.571,112.556,796.43,-8.289,-4.03,8.742,798.672,797.166
841.229,-700.948,113.82,794.048,-7.987,-3.864,4.238,797.952,795.182
841.329,-701.281,115.109,791.654,2.866,2.32,6.249,794.874,789.862
841.429,-701.526,116.381,789.234,8.023,6.271,8.081,787.418,783.105
841.529,-701.737,117.635,786.798,8.842,6.307,7.815,784.963,779.052
841.629,-701.981,118.829,784.363,9.295,3.455,6.867,780.58,778.602
841.729,-702.247,120.006,781.962,6.213,5.962,5.818,779.431,775.992
841.829,-702.558,121.183,779.634,7.305,8.009,8.145,776.302,773.831
841.929,-702.88,122.368,777.315,7.19,2.672,7.865,772.44,770.772
842.029,-703.169,123.571,775.007,8.684,-5.445,8.196,772.069,770.052
842.129,-703.446,124.808,772.697,5.488,-6.443,7.283,768.739,767.174
842.229,-703.768,125.985,770.386,3.189,1.35,5.445,766.703,763.578
842.329,-704.135,127.101,768.058,0.101,12.376,4.734,762.794,760.881
842.429,-704.523,128.2,765.752,2.931,15.809,6.551,762.158,758.455
842.529,-704.901,129.334,763.417,1.781,14.581,5.409,757.736,755.041
842.629,-705.211,130.519,761.089,3.024,8.267,4.884,756.707,754.951
842.729,-705.433,131.73,758.714,4.92,-1.587,5.265,755.842,755.49
842.829,-705.578,132.959,756.297,7.226,-6.041,7.398,755.44,753.064
842.929,-705.766,134.205,753.862,7.032,-12.656,8.461,755.956,756.029
843.029,-706,135.434,751.474,7.233,-9.762,5.516,755.831,752.525
843.129,-706.322,136.576,749.098,8.131,-6.738,6.659,751.712,752.346
843.229,-706.71,137.657,746.719,7.348,2.033,5.416,751.795,749.383
843.329,-707.154,138.713,744.336,12.685,3.211,5.947,749.688,744.716
843.429,-707.632,139.777,741.946,11.306,-0.567,6.673,746.594,741.755
843.529,-708.042,140.842,739.56,8.9,-3.67,6.17,742.686,737.809
843.629,-708.398,141.958,737.221,7.018,-2.061,7.441,740.991,740.679
843.729,-708.775,143.048,734.899,5.818,-1.271,4.425,738.179,736.105
843.829,-709.141,144.138,732.537,2.78,-2.902,2.263,736.796,733.326
843.929,-709.452,145.237,730.13,1.034,-5.739,1.437,734.186,730.099
844.029,-709.719,146.31,727.682,-8.066,-11.04,5.294,732.207,730.996
844.129,-709.974,147.418,725.17,-10.48,-9.783,3.807,728.839,725.62
844.229,-710.196,148.577,722.642,-23.079,5.639,4.03,722.8,720.068
844.329,-710.418,149.788,720.202,-2.629,8.16,0.072,718.754,715.772
844.429,-710.718,151.069,717.845,5.904,6.012,2.794,714.682,713.715
844.529,-711.151,152.41,715.398,14.179,-5.2,5.423,715.515,714.251
844.629,-711.684,153.665,712.845,16.011,-14.315,8.188,715.264,714.788
844.729,-712.206,154.815,710.2,1.128,-12.922,7.01,715.887,709.779
844.829,-712.638,155.854,707.677,-3.455,-8.878,7.793,710.604,711.031
844.929,-713.016,156.84,705.272,-13.058,0.022,6.321,708.922,706.917
845.029,-713.338,157.878,702.88,-10.918,0.431,4.769,705.94,703.967
845.129,-713.715,158.995,700.476,-8.993,-4.037,4.353,704.649,702.002
845.229,-714.182,160.206,698.036,-3.821,-10.185,4.705,702.925,699.857
845.329,-714.748,161.435,695.559,-6.457,-11.428,5.674,698.998,697.981
845.429,-715.369,162.724,693.062,1.824,-5.545,4.367,695.253,693.069
845.529,-715.947,164.091,690.561,4.59,-1.544,2.615,693.251,691.909
845.629,-716.513,165.415,688.061,10.271,-0.862,4.353,695.523,688.695
845.729,-717.046,166.747,685.468,11.162,-2.169,5.042,691.776,689.142
845.829,-717.523,168.037,682.778,4.791,-6.242,4.978,685.71,685.215
845.929,-717.978,169.239,680.051,-8.21,-8.505,7.377,686.607,683.163
846.029,-718.378,170.39,677.416,-7.908,-9.92,5.193,683.672,679.151
846.129,-718.755,171.601,674.788,-14.811,-8.95,6.436,680.087,674.515
846.229,-719.089,172.891,672.212,-9.101,-1.314,6.242,674.524,670.238
846.329,-719.411,174.249,669.709,2.076,2.773,6.709,672.078,669.436
846.429,-719.821,175.59,667.156,7.255,2.342,7.341,667.622,665.339
846.529,-720.265,176.949,664.527,5.66,-2.844,11.701,663.346,661.245
846.629,-720.754,178.212,661.815,-3.613,-10.336,10.695,661.897,661.511
846.729,-721.276,179.38,659.145,-5.703,-9.603,8.742,660.988,657.774
846.829,-721.753,180.548,656.526,-1.602,-9.223,7.441,657.487,655.728
846.929,-722.186,181.777,653.986,6.601,-7.147,4.001,653.226,650.391
847.029,-722.574,183.075,651.465,10.932,-5.567,7.118,650.016,645.147
847.129,-722.919,184.364,648.908,10.552,-5.301,7.19,644.481,642.037
847.229,-723.207,185.593,646.339,6.371,2.205,3.024,641.899,637.596
847.329,-723.44,186.735,643.816,0.819,10.329,7.427,639.045,637.685
847.429,-723.685,187.842,641.252,2.737,10.609,6.694,638.862,635.909
847.529,-723.951,188.976,638.648,6.07,11.543,8.54,635.162,633.423
847.629,-724.251,190.144,636.028,-0.445,8.339,7.485,634.825,633.512
847.729,-724.595,191.347,633.502,-0.165,7.089,8.526,634.187,632.891
847.829,-724.939,192.593,631.037,-3.721,4.504,9.726,632.976,630.761
847.929,-725.206,193.856,628.538,-3.469,9.884,10.351,630.331,627.655
848.029,-725.394,195.119,626.032,-4.798,9.726,11.306,629.411,626.59
848.129,-725.55,196.4,623.567,-5.466,4.734,9.69,626.439,624.107
848.229,-725.716,197.663,621.076,-7.801,5.416,9.999,624.64,621.447
848.329,-725.838,198.883,618.619,-5.423,5.258,10.43,620.773,617.546
848.429,-725.894,200.077,616.151,-2.729,3.29,10.825,618.065,614.091
848.529,-725.894,201.263,613.715,2.349,2.729,10.939,613.339,609.042
848.629,-725.849,202.396,611.303,-1.092,4.288,8.124,610.398,605.854
848.729,-725.794,203.478,608.886,2.421,5.919,5.179,604.893,599.836
848.829,-725.727,204.551,606.438,9.158,8.382,3.577,600.996,596.917
848.929,-725.639,205.597,604.015,18.122,10.451,4.331,596.548,596.121
849.029,-725.583,206.662,601.578,13.073,18.798,-1.824,602.858,603.198
849.129,-725.639,207.7,599.214,-3.785,14.919,-6.716,605.135,600.455
849.229,-725.816,208.773,596.86,-5.639,-6.565,-5.689,599.448,595.059
849.329,-726.094,209.924,594.648,9.273,-19.616,5.2,595.797,594.175
849.429,-726.371,211.196,592.344,15.45,-17.124,7.549,594.21,592.937
849.529,-726.627,212.442,589.87,12.951,-11.6,3.793,593.319,588.517
849.629,-726.782,213.454,587.489,4.152,-13.252,2.729,588.611,586.927
849.729,-726.782,214.311,585.199,-6.199,-10.559,-0.086,587.719,584.1
849.829,-726.704,215.159,582.915,-13.726,-5.301,4.303,584.98,579.948
849.929,-726.527,216.11,580.624,-10.257,-3.577,5.524,581.979,580.479
850.029,-726.349,217.183,578.28,-15.177,-2.14,7.406,580.209,580.832
850.129,-726.338,218.204,575.993,-7.765,-6.019,6.896,579.542,575.622
850.229,-726.405,219.139,573.706,-2.564,-7.592,6.278,576.006,574.74
850.329,-726.504,220.021,571.504,4.137,-6.781,7.312,576.24,574.74
850.429,-726.582,220.921,569.322,5.021,-3.239,7.628,574.578,575.799
850.529,-726.693,221.847,567.14,4.08,-1.659,8.404,574.25,569.093
850.629,-726.882,222.782,565.016,3.807,0.955,6.113,568.716,561.862
850.729,-727.082,223.716,562.928,4.583,5.703,5.215,561.742,557.015
850.829,-727.293,224.616,560.671,7.837,6.673,4.058,556.961,552.258
850.929,-727.481,225.498,558.392,7.757,8.756,3.261,552.706,549.001
851.029,-727.637,226.39,556.123,7.693,10.408,2.291,548.773,545.479
851.129,-727.726,227.324,553.876,2.334,12.153,1.286,545.802,545.391
851.229,-727.759,228.311,551.659,-5.265,8.914,0.955,547.394,547.24
851.329,-727.748,229.349,549.479,-3.369,4.611,2.277,547.173,546.447
851.429,-727.692,230.361,547.228,-6.4,-4.619,7.571,547.025,540.904
851.529,-727.581,231.322,544.912,-5.164,-9.388,8.332,542.017,540.024
851.629,-727.481,232.221,542.559,-4.238,-1.257,6.271,540.377,537.474
851.729,-727.459,233.026,540.122,-0.086,6.371,5.33,536.114,534.221
851.829,-727.504,233.77,537.673,-0.366,14.912,7.384,534.358,529.562
851.929,-727.504,234.54,535.209,-0.029,11.967,2.708,529.529,527.454
852.029,-727.404,235.362,532.785,5.926,17.016,5.301,527.911,525.785
852.129,-727.204,236.219,530.335,9.611,4.963,5.524,525.205,522.974
852.229,-726.971,237.153,527.82,8.296,4.54,8.009,522.938,520.515
852.329,-726.76,238.114,525.354,3.965,-1.365,7.47,520.389,519.023
852.429,-726.604,239.074,522.918,3.484,0.144,5.947,519.221,517.882
852.529,-726.504,240,520.468,-0.776,0.876,3.153,519.244,516.39
852.629,-726.371,240.891,518.04,-4.36,3.67,4.281,518.055,515.688
852.729,-726.205,241.739,515.498,-7.269,-1.659,8.188,517.23,513.319
852.829,-726.027,242.613,512.912,0.711,-4.116,8.512,514.108,510.687
852.929,-725.861,243.522,510.347,3.599,0.46,9.783,507.474,502.971
853.029,-725.639,244.456,507.756,0.101,8.418,11.076,503.804,500.956
853.129,-725.372,245.347,505.132,-4.676,3.577,10.674,502.139,504.198
853.229,-725.095,246.143,502.467,-5.43,-4.59,11.112,503.984,502.621
853.329,-724.873,246.896,499.786,-3.096,-9.848,10.135,503.888,501.657
853.429,-724.695,247.675,497.163,-2.413,-10.236,10.221,500.401,497.626
853.529,-724.451,248.523,494.51,-2.306,-7.844,10.487,500.849,496.926
853.629,-724.229,249.345,491.995,1.566,-3.943,11.758,494.095,492.109
853.729,-724.051,250.184,489.527,5.129,-5.43,10.286,493.25,491.934
853.829,-723.907,250.963,487.102,3.283,-6.903,8.296,491.756,487.645
853.929,-723.729,251.69,484.658,3.196,-13.145,9.137,489.012,484.932
854.029,-723.54,252.408,482.283,-0.05,-10.027,6.472,483.396,482.046
854.129,-723.285,253.126,479.923,-2.442,-3.182,0.287,483.733,479.947
854.229,-723.007,253.888,477.506,-13.303,-0.596,0.467,479.686,476.799
854.329,-722.708,254.675,475.083,-20.665,4.374,1.631,477.932,472.341
854.429,-722.43,255.48,472.609,-11.78,8.239,-0.532,473.332,470.594
854.529,-722.297,256.336,470.11,-5.028,4.741,-0.567,470.381,470.332
854.629,-722.375,257.15,467.686,-2.227,0.675,2.255,467.59,465.964
854.729,-722.663,257.894,465.354,-11.665,-5.919,5.962,466.467,465.353
854.829,-722.874,258.733,463.041,-13.489,-2.816,6.084,463.622,460.638
854.929,-722.919,259.702,460.584,-5.416,-1.343,5.588,461.012,456.799
855.029,-722.896,260.55,458.153,13.224,-14.804,10.171,454.356,452.96
855.129,-722.774,261.294,455.821,14.201,-12.297,7.808,453.869,454.53
855.229,-722.708,262.021,453.403,9.711,-9.366,5.911,454.529,450.693
855.329,-722.741,262.739,450.907,8.742,-6.738,2.291,452.038,451.042
855.429,-722.919,263.466,448.399,12.778,-7.118,2.622,451.417,450.693
855.529,-723.218,264.236,445.917,13.612,-11.665,4.59,451.387,444.155
855.629,-723.474,265.075,443.39,10.372,-8.217,7.362,446.161,443.196
855.729,-723.651,266.001,440.919,7.65,-8.469,7.757,441.095,437.882
855.829,-723.762,266.962,438.538,3.06,-9.424,7.312,438.005,434.747
855.929,-723.84,267.931,436.128,-1.379,-5.797,4.611,431.659,430.482
856.029,-1.762,7.515,-2448,5701,0.188,-0.2,274.252,-15.022
856.129,-723.995,269.609,431.414,5.071,-0.244,7.441,424.638,423.609
856.229,-724.162,270.327,429.008,6.486,-5.229,8.296,424.527,421.522
856.329,-724.295,271.167,426.81,-8.964,-6.824,8.074,420.671,420.043
856.429,-724.495,271.833,424.311,-9.41,6.852,8.023,419.864,415.958
856.529,-724.639,272.551,421.882,7.168,5.66,7.65,415.651,415.002
856.629,-724.806,273.382,419.415,5.33,-9.711,10.034,415.763,419.261
856.729,-725.083,274.264,416.836,-10.128,-5.552,4.374,422.242,418.305
856.829,-725.428,275.095,414.248,-3.627,10.192,2.169,419.977,417.262
856.929,-725.738,275.813,411.57,-5.976,17.972,0.833,414.069,410.745
857.029,-725.961,276.505,408.903,2.536,29.723,1.702,409.039,400.153
857.129,-726.094,277.25,406.273,4.209,13.116,-1.947,400.437,400.327
857.229,-726.072,277.985,403.794,-7.039,-22.921,4.058,401.141,402.063
857.329,-725.938,278.781,401.276,-12.412,-10.3,3.405,400.44,400.24
857.429,-725.694,279.69,398.827,-4.604,-3.247,2.672,400.12,399.199
857.529,-725.594,280.451,396.357,-6.824,-4.439,9.524,399.191,394.167
857.629,-725.694,281.074,393.801,0.532,-8.698,6.953,395.952,393.387
857.729,-725.916,281.68,391.193,1.063,-10.667,6.429,394.125,392.173
857.829,-726.116,282.285,388.594,-6.429,-12.699,7.075,392.703,387.058
857.929,-726.282,282.917,386.074,-11.385,-8.167,4.87,387.598,388.185
858.029,-726.449,283.592,383.633,-3.354,-6.184,3.462,384.183,381.514
858.129,-726.627,284.249,381.147,-0.23,-7.815,3.283,381.454,380.561
858.229,-726.826,284.942,378.633,1.616,-7.765,1.796,378.466,379.349
858.329,-727.026,285.608,376.029,2.521,-15.242,4.741,377.909,376.318
858.429,-727.193,286.274,373.471,-2.162,-14.301,3.879,375.19,371.817
858.529,-727.248,286.897,370.886,-3.757,-7.858,0.438,371.001,367.837
858.629,-727.226,287.503,368.304,-8.332,-2.694,2.133,367.766,365.588
858.729,-727.093,288.1,365.643,-5.459,2.327,4.245,365.895,361.957
858.829,-726.893,288.732,362.871,-1.006,8.39,8.425,361.479,359.796
858.929,-726.638,289.415,360.13,1.537,7.643,9.345,361.395,360.314
859.029,-726.427,290.151,357.388,-2.112,5.588,9.726,359.144,357.807
859.129,-726.26,290.851,354.629,-4.999,6.68,8.088,357.821,354.006
859.229,-726.072,291.483,351.881,-11.974,6.738,6.249,351.746,349.515
859.329,-725.894,292.063,349.212,-14.244,3.002,4.784,349.017,345.112
859.429,-725.727,292.634,346.543,-8.612,5.955,3.024,343.872,340.107
859.529,-725.627,293.24,343.97,1.156,7.147,3.864,339.651,335.363
859.629,-725.583,293.845,341.323,10.271,2.974,6.831,335.192,334.932
859.729,-725.627,294.451,338.611,16.621,3.635,9.668,335.13,332.777
859.829,-725.627,294.996,335.864,12.168,7.226,9.036,332.463,329.156
859.929,-725.516,295.55,333.205,1.602,3.814,7.571,329.663,325.882
860.029,-725.317,296.104,330.57,-3.283,-1.501,8.849,324.726,321.489
860.129,-725.028,296.718,328.077,-2.888,-4.892,7.628,322.418,318.992
860.229,-724.75,297.332,325.466,-0.28,-6.407,11.119,319.226,317.184
860.329,-724.517,297.877,322.837,-1.156,-1.085,11.852,316.366,315.204
860.429,-724.417,298.388,320.29,-0.294,2.37,10.293,315.05,312.967
860.529,-724.373,298.898,317.665,4.626,7.686,8.792,312.41,312.537
860.629,-724.295,299.357,315.063,0.963,13.482,6.335,312.745,310.988
860.729,-724.173,299.807,312.528,-10.746,11.916,5.595,311.481,309.182
860.829,-724.029,300.317,309.98,-13.798,3.318,2.593,308.657,305.828
860.929,-723.807,300.888,307.513,-75.011,2.421,235.368,294.63,208.523
861.029,-723.429,301.485,305.094,-1.437,-13.001,5.897,283.163,297.921
861.129,-722.874,302.126,302.452,6.867,-4.159,15.235,297.128,295.172
861.229,-722.33,303.06,299.86,11.284,4.841,16.355,295.139,294.055
861.329,-721.919,304.28,297.172,1.027,12.326,14.538,293.008,291.221
861.429,-721.686,305.526,294.392,-2.837,10.602,14.955,291.361,288.216
861.529,-721.62,306.781,291.786,13.64,-1.954,2.126,288.045,288.817
861.629,-721.764,307.966,289.395,0.201,-17.268,-55.854,291.702,289.332
861.729,-721.975,309.108,287.325,15.486,6.141,-57.104,289.93,304.796
861.829,-721.742,309.731,284.716,-21.671,25.751,14.143,313.099,301.1
861.929,-721.831,309.558,281.535,14.215,2.557,37.53,287.353,283.153
862.029,-721.864,309.351,278.834,19.487,-25.399,19.616,284.313,281.523
862.129,-721.786,309.074,276.012,16.197,-13.748,7.52,283.754,287.358
862.229,-721.686,308.806,273.511,10.616,-16.434,1.738,288.463,279.979
862.329,-721.731,308.667,271.311,4.899,-22.913,11.392,278.118,274.834
862.429,-721.775,308.71,269.225,-6.177,-6.802,8.785,275.376,272.177
862.529,-721.697,308.797,267.105,-1.243,-7.743,11.794,272.353,270.463
862.629,-721.575,309.022,265.243,2.248,-13.87,12.922,271.462,270.12
862.729,-721.487,309.264,263.566,0.883,-10.846,3.017,270.813,269.606
862.829,-721.342,309.498,261.94,-2.888,-5.157,3.584,267.443,270.977
862.929,-721.054,309.671,259.958,-5.279,3.663,-0.029,265.434,264.124
863.029,-720.598,309.783,257.786,-1.494,0.165,11.291,264.807,265.322
863.129,-720.121,309.913,255.611,2.327,-6.867,13.906,267.131,265.237
863.229,-719.61,310.034,253.496,0.46,-8.339,5.696,263.908,262.411
863.329,-719.111,310.121,251.266,-0.725,-5.042,-2.334,261.435,256.505
863.429,-718.711,310.026,248.948,1.286,-3.692,-3.714,258.867,256.333
863.529,-718.522,310,246.784,2.729,-4.058,-3.577,256.163,254.707
863.629,-718.323,309.956,244.757,1.192,-4.159,-3.189,254.09,252.227
863.729,-718.112,309.913,242.742,4.611,-5.89,-4.734,252.552,249.661
863.829,-717.867,309.861,240.837,3.067,-8.971,-6.716,249.472,248.464
863.929,-717.59,309.861,238.722,-0.934,-9.237,-9.28,249.378,245.642
864.029,-717.201,309.896,236.677,2.14,-20.227,-23.366,247.085,245.3
864.129,-716.824,309.939,234.393,24.723,-25.291,-107.477,245.019,240.6
864.229,-716.435,310.147,232.367,-14.861,7.305,-34.686,241.095,238.122
864.329,-715.936,310.562,230.344,-5.366,-31.339,-3.879,238.421,235.133
864.429,-715.303,311.263,228.336,14.804,-18.201,9.733,233.739,233.169
864.529,-714.615,312.336,226.346,2.959,54.367,37.545,234.789,231.12
864.629,-713.882,313.599,224.37,14.948,12.333,-33.932,231.052,221.051
864.729,-713.094,314.992,222.534,-16.205,13.734,35.412,222.504,225.146
864.829,-712.317,316.402,220.954,-18.762,6.199,-17.138,228.259,225.914
864.929,-711.473,317.943,219.545,-7.52,-6.716,-9.733,222.405,221.563
865.029,-710.562,319.517,218.286,-4.719,-20.284,-7.887,221.396,220.113
865.129,-709.552,321.058,216.288,-1.465,-13.719,-7.887,219.352,218.408
865.229,-708.764,322.217,215.262,0.28,-20.837,-13.504,219.064,216.959
865.329,-708.098,323.134,214.304,-3.433,-13.396,-13.374,216.872,215.936
865.429,-707.476,323.948,213.538,-10.616,-5.847,-4.41,215.941,214.998
865.529,-707.054,324.571,212.839,-18.819,-3.132,-6.716,214.593,213.464
865.629,-706.699,325.159,212.081,-10.817,3.512,-12.254,214.17,213.294
865.729,-706.466,325.626,211.411,-7.937,5.797,-19.422,214.054,213.208
865.829,-706.355,326.024,210.718,-2.916,7.434,-9.137,213.844,213.123
865.929,-706.399,326.431,210.043,-0.345,5.373,-9.252,212.915,211.845
866.029,-706.555,326.872,209.485,-1.393,8.935,-6.5,212.6,211.93
866.129,-706.777,327.4,209.106,-0.927,6.256,-8.382,212.26,211.078
866.229,-706.965,328.04,208.73,4.489,2.126,-8.785,211.777,210.738
866.329,-707.232,328.75,208.197,5.545,0.409,-10.573,210.287,209.63
866.429,-707.454,329.494,207.561,4.856,-0.294,-11.327,209.871,209.119
866.529,-707.587,330.281,206.907,2.758,-2.686,-11.27,208.681,206.819
866.629,-707.632,331.112,206.42,0.316,-2.471,-12.979,207.722,206.479
866.729,-707.654,331.986,205.961,-2.14,-0.977,-15.587,206.66,205.627
866.829,-707.632,332.851,205.431,-2.406,-1.745,-13.238,206.081,204.605
866.929,-707.62,333.647,205.032,5.926,-2.033,-5.035,204.654,202.987
867.029,-707.643,334.46,204.676,0.905,-5.229,-9.74,204.184,202.647
867.129,-707.62,335.317,204.293,0.402,-4.927,-11.88,203.023,201.795
867.229,-707.587,336.07,203.975,0.409,-4.137,-11.212,201.827,200.774
867.329,-707.554,336.753,203.718,-0.172,-3.599,-10.43,201.058,200.093
867.429,-707.498,337.376,203.359,3.01,-3.872,-8.878,200.315,199.497
867.529,-707.476,337.887,203.143,1.573,0.883,-9.934,199.799,198.902
867.629,-707.432,338.432,202.666,2.737,3.16,-10.271,198.9,197.966
867.729,-707.443,338.951,202.203,2.823,2.737,-8.806,198.382,197.54
867.829,-707.421,339.522,201.832,2.162,3.405,-12.11,197.741,196.774
867.929,-707.376,340.145,201.237,7.722,11.564,-14.244,197.437,196.519
868.029,-707.354,340.768,200.657,0.057,5.279,-12.232,196.744,195.839
868.129,-707.287,341.486,200.081,-0.086,5.2,-10.652,195.94,195.498
868.229,-707.232,342.3,199.608,-0.646,5.344,-8.102,195.11,194.137
868.329,-707.232,343.096,199.288,-2.09,2.967,-11.421,194.792,193.712
868.429,-707.188,344.004,198.783,-4.647,4.963,-8.39,193.894,193.371
868.529,-707.165,344.921,198.371,-3.484,3.311,-12.125,193.709,192.691
868.629,-707.199,345.89,197.983,-2.471,0.431,-9.855,192.912,191.586
868.729,-707.221,346.877,197.595,-1.796,0.848,-9.977,192.325,191.245
868.829,-707.287,347.829,197.249,0.474,-2.155,-10.516,191.836,191.501
868.929,-707.376,348.772,196.752,0.646,-1.2,-10.458,191.536,190.48
869.029,-707.476,349.689,196.282,3.527,-0.374,-8.03,190.134,188.95
869.129,-707.554,350.615,195.734,2.959,-1.501,-12.204,189.552,187.845
869.229,-707.643,351.437,195.26,2.349,-2.78,-11.78,188.454,187.335
869.329,-707.743,352.181,194.801,4.08,-3.268,-9.496,188.023,186.825
869.429,-707.865,352.856,194.256,3.405,-2.413,-11.342,186.973,185.379
869.529,-708.009,353.47,193.635,4.511,-2.363,-9.776,186.085,185.549
869.629,-708.142,353.998,193.069,2.758,-2.054,-9.352,185.715,184.784
869.729,-708.32,354.431,192.418,2.061,-1.006,-9.237,184.769,184.105
869.829,-708.464,354.872,191.885,2.78,-2.105,-9.137,184.234,183.51
869.929,-708.586,355.287,191.33,2.787,-1.602,-9.309,183.431,182.915
870.029,-708.675,355.703,190.807,3.922,-1.796,-9.187,183.083,182.49
870.129,-708.786,356.04,190.267,4.331,-2.37,-11.155,182.978,182.745
870.229,-708.875,356.36,189.795,4.338,-4.015,-9.524,182.975,182.066
870.329,-708.942,356.689,189.305,2.385,-5.215,-9.309,182.547,181.895
870.429,-709.053,356.897,188.626,1.358,-4.245,-10.185,181.944,180.536
870.529,-709.141,357.104,187.926,0.79,-4.798,-9.331,180.87,180.111
870.629,-709.23,357.329,187.191,-0.891,-5.093,-7.312,180.217,178.328
870.729,-709.308,357.554,186.452,-1.314,-5.409,-8.095,178.611,177.308
870.829,-709.33,357.822,185.739,-3.225,-4.992,-8.526,177.932,176.459
870.929,-709.275,358.168,185.059,-3.584,-3.9,-7.772,177.112,176.629
871.029,-709.23,358.48,184.454,-4.051,-3.491,-8.576,176.596,175.44
871.129,-709.186,358.826,183.808,-3.297,-2.047,-8.792,175.667,174.591
871.229,-709.13,359.189,183.172,-2.449,-1.279,-8.813,175.284,174.422
871.329,-709.019,359.622,182.607,-2.263,-1.595,-8.145,174.404,174.082
871.429,-708.953,360.003,182.039,-2.227,-1.415,-8.16,174.123,173.233
871.529,-708.886,360.401,181.412,-2.521,-1.386,-8.267,173.464,172.554
871.629,-708.831,360.782,180.799,-2.679,-1.092,-8.842,172.822,171.62
871.729,-708.775,361.188,180.158,-2.564,-0.589,-7.98,171.967,171.535
871.829,-708.72,361.604,179.472,-2.729,-0.783,-8.533,171.216,169.923
871.929,-708.642,362.01,178.792,-2.701,-1.063,-8.713,170.803,170.262
872.029,-708.564,362.443,178.095,-2.859,-1.228,-8.763,169.723,168.735
872.129,-708.509,362.841,177.404,-2.737,-1.595,-8.792,169.275,168.056
872.229,-708.453,363.265,176.691,-2.873,-2.205,-8.849,167.919,167.632
872.329,-708.375,363.697,175.953,-2.636,-2.528,-8.943,167.475,166.105
872.429,-708.298,364.121,175.23,-2.234,-3.017,-8.727,166.688,165.596
872.529,-708.22,364.545,174.544,-1.523,-2.902,-9.331,166.067,165.341
872.629,-708.131,364.969,173.866,-0.187,-2.794,-9.675,165.08,163.984
872.729,-708.042,365.411,173.176,0.409,-2.586,-9.41,164.644,163.645
872.829,-707.942,365.869,172.536,0.661,-1.753,-11.342,163.751,163.73
872.929,-707.843,366.319,171.87,1.056,0.646,-9.517,163.432,162.203
873.029,-707.754,366.76,171.224,1.508,0.661,-9.295,162.721,162.457
873.129,-707.676,367.193,170.595,0.575,0.46,-9.036,162.303,161.694
873.229,-707.609,367.617,170.041,0.769,1.013,-9.812,161.477,160.422
873.329,-707.554,368.015,169.388,0.517,0.934,-9.553,161.069,159.829
873.429,-707.487,368.405,168.711,-0.84,0.366,-10.501,160.215,159.575
873.529,-707.432,368.768,168.026,-1.487,0.697,-10.882,159.593,158.218
873.629,-707.387,369.105,167.416,-2.413,0.309,-10.135,158.335,157.286
873.729,-707.376,369.4,166.823,-1.429,-0.431,-10.896,157.667,156.184
873.829,-707.343,369.659,166.181,-1.178,-1.257,-10.286,156.316,154.998
873.929,-707.31,369.901,165.52,-0.754,-0.948,-10.379,155.546,154.489
874.029,-707.276,370.1,164.85,0,-0.46,-10.394,154.67,154.32
874.129,-707.254,370.282,164.24,-0.057,0.237,-10.315,153.608,152.964
874.229,-707.243,370.421,163.576,0.345,1.128,-9.704,153.144,152.202
874.329,-707.232,370.533,162.894,-0.136,1.602,-8.655,152.234,151.693
874.429,-707.221,370.646,162.203,-0.381,2.464,-8.864,151.817,151.185
874.529,-707.21,370.758,161.5,-0.733,3.254,-9.352,151.075,150.762
874.629,-707.21,370.862,160.777,-1.681,4.159,-9.704,150.651,149.321
874.729,-707.21,371.009,160.115,-2.018,4.669,-9.094,149.914,149.152
874.829,-707.21,371.182,159.464,-2.808,4.324,-9.453,149.559,148.305
874.929,-707.232,371.355,158.85,-2.413,4.396,-9.819,148.243,147.882
875.029,-707.287,371.563,158.218,-2.715,3.872,-10.595,147.852,147.119
875.129,-707.354,371.805,157.533,-1.954,4.044,-10.803,146.966,146.103
875.229,-707.432,372.099,156.904,0.251,4.338,-10.336,146.52,145.426
875.329,-707.532,372.419,156.304,1.307,5.028,-10.882,145.67,144.749
875.429,-707.62,372.765,155.684,1.681,3.965,-10.925,145.225,144.749
875.529,-707.687,373.12,155.1,1.085,3.455,-10.817,144.613,144.072
875.629,-707.732,373.51,154.535,1.271,2.952,-9.984,144.302,143.31
875.729,-707.732,373.908,153.94,1.3,3.06,-10.236,143.568,142.971
875.829,-707.72,374.34,153.353,1.006,2.808,-9.912,143.161,142.21
875.929,-707.676,374.781,152.831,1.092,2.054,-11.133,142.43,141.278
876.029,-707.598,375.231,152.317,1.623,2.241,-10.013,142.059,141.109
876.129,-707.509,375.681,151.812,0.783,2.722,-10.271,141.395,140.602
876.229,-707.387,376.131,151.346,0.266,1.372,-10.422,141.004,140.348
876.329,-707.232,376.581,150.922,1.02,1.401,-9.338,140.244,140.009
876.429,-707.11,376.979,150.362,0.474,0.467,-9.56,139.578,138.825
876.529,-706.965,377.36,149.807,1.192,-0.007,-9.338,139.121,139.079
876.629,-706.821,377.749,149.276,1.48,-0.316,-9.072,138.678,138.402
876.729,-706.699,378.147,148.706,1.429,-1.085,-9.144,138.371,137.471
876.829,-706.577,378.511,148.123,1.688,-0.991,-9.654,137.686,137.048
876.929,-706.477,378.865,147.518,1.358,-1.221,-9.948,137.158,137.048
877.029,-706.388,379.194,146.926,1.307,-1.566,-10.042,136.46,135.61
877.129,-706.31,379.506,146.343,0.948,-1.465,-10.027,135.869,135.525
877.229,-706.244,379.8,145.763,0.223,-1.781,-9.69,135.125,134.088
877.329,-706.199,380.077,145.169,0.151,-1.472,-9.991,134.534,133.58
877.429,-706.177,380.345,144.576,-0.108,-1.3,-9.97,133.411,132.566
877.529,-706.177,380.613,143.975,-0.237,-0.941,-9.762,132.953,132.143
877.629,-706.188,380.873,143.37,0.395,-0.18,-10.142,132.148,131.804
877.729,-706.222,381.106,142.793,0.948,0.402,-9.963,131.949,131.636
877.829,-706.266,381.331,142.22,1.494,0.826,-10.113,131.908,132.143
877.929,-706.31,381.565,141.671,2.291,0.661,-10.221,131.848,131.466
878.029,-706.366,381.833,141.095,2.729,0.503,-10.307,131.332,131.213
878.129,-706.422,382.128,140.505,3.038,0.496,-10.207,131.106,129.353
878.229,-706.488,382.448,139.925,2.715,-0.302,-10.3,130.162,129.522
878.329,-706.51,382.837,139.464,2.471,-0.754,-9.503,129.708,128.846
878.429,-706.577,383.2,138.952,2.026,-1.688,-9.252,128.415,127.916
878.529,-706.621,383.624,138.382,1.358,-2.327,-9.28,127.5,126.733
878.629,-706.677,384.074,137.802,0.79,-1.86,-9.424,127.064,126.479
878.729,-706.721,384.55,137.216,0.237,-1.58,-9.625,126.159,125.465
878.829,-706.766,385.043,136.627,-0.057,-0.74,-9.553,125.866,125.127
878.929,-706.821,385.563,136.049,0.122,-0.409,-10.53,125.002,124.705
879.029,-706.877,386.09,135.477,0.108,-0.431,-10.034,124.865,123.691
879.129,-706.943,386.644,134.921,-0.711,-0.474,-9.596,124.062,124.113
879.229,-707.043,387.189,134.379,-1.458,-1.257,-9.28,123.681,122.846
879.329,-707.165,387.752,133.793,-0.855,-0.524,-10.02,122.965,122.508
879.429,-707.299,388.323,133.223,-1.271,-1.25,-10.947,122.532,121.325
879.529,-707.421,388.92,132.664,-1.034,-0.869,-10.157,121.803,121.241
879.629,-707.543,389.543,132.112,-1.185,-1.228,-9.841,121.368,120.396
879.729,-707.676,390.148,131.534,-1.853,-1.616,-9.496,120.572,120.059
879.829,-707.809,390.771,130.946,-1.063,-1.113,-9.072,120.167,120.143
879.929,-707.954,391.394,130.336,-1.142,-2.198,-9.891,119.683,119.383
880.029,-708.087,392.026,129.719,-1.35,-2.6,-9.287,119.09,118.876
880.129,-708.22,392.649,129.122,-1.099,-2.615,-8.777,118.339,117.778
880.229,-708.342,393.298,128.587,-0.625,-3.39,-8.849,118.002,117.103
880.329,-708.475,393.956,128.015,-0.187,-3.067,-8.885,117.071,117.018
880.429,-708.575,394.596,127.446,-0.251,-3.354,-8.447,116.878,116.259
880.529,-708.686,395.236,126.825,0.323,-3.017,-8.296,116.438,115.414
880.629,-708.775,395.859,126.246,0.603,-2.873,-8.311,115.968,115.077
880.729,-708.864,396.473,125.659,1.077,-2.514,-8.253,115.195,114.57
880.829,-708.953,397.088,125.085,1.343,-2.047,-7.894,115.17,114.148
880.929,-709.03,397.711,124.507,0.905,-2.133,-9.058,114.213,113.726
881.029,-709.108,398.334,123.892,0.848,-1.99,-8.67,113.69,113.388
881.129,-709.186,398.965,123.264,0.79,-1.645,-9.453,113.006,112.545
881.229,-709.275,399.588,122.649,0.74,-1.358,-9.101,112.147,111.785
881.329,-709.352,400.22,122.007,0.704,-1.113,-8.928,111.919,111.7
881.429,-709.452,400.86,121.352,0.855,-1.106,-9.086,110.99,110.772
881.529,-709.563,401.509,120.716,1.221,-1.372,-9.007,110.781,110.013
881.629,-709.663,402.167,120.11,1.056,-1.056,-8.835,109.834,109.844
881.729,-709.785,402.833,119.498,1.544,-0.223,-9.546,109.317,108.41
881.829,-709.896,403.508,118.847,1.681,-0.661,-10.056,108.537,107.989
881.929,-710.007,404.2,118.164,2.191,-0.783,-10.573,107.888,106.554
882.029,-710.118,404.91,117.508,2.291,-1.006,-9.97,107.312,106.892
882.129,-710.218,405.637,116.871,2.14,-1.207,-9.445,106.965,106.301
882.229,-710.318,406.363,116.24,2.399,-1.006,-9.273,105.93,105.036
882.329,-710.396,407.108,115.621,2.622,-1.889,-9.287,105.745,104.615
882.429,-710.474,407.843,115.032,2.902,-1.968,-10.185,104.7,103.855
882.529,-710.529,408.587,114.431,2.931,-2.026,-10.092,104.019,102.928
882.629,-710.574,409.331,113.842,2.722,-1.566,-10.616,102.918,102.422
882.729,-710.596,410.067,113.242,1.235,-0.84,-10.379,102.628,102.253
882.829,-710.618,410.802,112.657,0.388,-0.733,-9.489,101.671,101.41
882.929,-710.64,411.546,112.049,0.381,-1.264,-8.914,101.425,100.905
883.029,-710.662,412.299,111.484,0.661,-2.342,-9.036,100.646,99.978
883.129,-710.685,413.06,110.926,0.826,-2.694,-9.23,100.267,100.315
883.229,-710.74,413.813,110.387,0.69,-3.038,-9.41,99.266,99.05
883.329,-710.796,414.531,109.848,0.029,-2.694,-9.855,98.436,98.039
883.429,-710.862,415.258,109.28,-0.057,-2.873,-9.819,98.048,97.617
883.529,-710.929,415.942,108.671,-0.395,-1.99,-9.352,97.276,96.775
883.629,-711.018,416.625,108.097,-0.661,-1.343,-9.496,96.877,97.027
883.729,-711.129,417.292,107.543,-0.632,-1.185,-9.237,96.388,94.837
883.829,-711.262,417.949,106.969,-0.374,-1.135,-9.783,95.94,95.932
883.929,-711.406,418.607,106.381,-0.014,-1.142,-9.74,95.102,94.331
884.029,-711.562,419.273,105.797,0.402,-1.077,-9.18,94.847,93.826
884.129,-711.717,419.922,105.185,0.395,-1.616,-8.756,94.12,93.573
884.229,-711.861,420.606,104.656,0.453,-1.595,-8.928,93.415,93.32
884.329,-712.017,421.272,104.106,0.517,-1.623,-9.208,92.648,92.141
884.429,-712.183,421.912,103.491,0,-1.882,-9.194,91.88,91.72
884.529,-712.328,422.561,102.839,-0.646,-1.918,-9.92,90.886,90.625
884.629,-712.472,423.193,102.205,-1.135,-1.645,-10.329,90.308,89.952
884.729,-712.627,423.824,101.579,-1.2,-1.53,-10.458,89.568,89.025
884.829,-712.761,424.439,100.948,-1.142,-1.336,-10.358,89.07,88.352
884.929,-712.894,425.044,100.309,-0.783,-0.998,-10.214,87.875,87.509
885.029,-713.027,425.624,99.671,-1.034,-1.027,-10.092,87.524,86.331
885.129,-713.149,426.186,99.063,-0.991,-0.754,-10.358,86.51,86.247
885.229,-713.271,426.749,98.456,-0.977,-0.567,-10.372,86.158,85.573
885.329,-713.393,427.303,97.844,-0.869,-0.582,-11.04,85.261,85.405
885.429,-713.504,427.848,97.232,-0.567,-0.963,-10.465,84.568,84.479
885.529,-713.627,428.376,96.634,-0.352,-1.135,-10.3,84.287,83.722
885.629,-713.76,428.895,96.025,0.23,-0.905,-9.539,83.414,83.385
885.729,-713.904,429.379,95.43,0.682,-0.711,-9.259,83.212,82.88
885.829,-714.026,429.864,94.837,1.121,-0.194,-9.065,82.555,82.796
885.929,-714.159,430.34,94.233,1.408,0.172,-8.95,82.229,82.291
886.029,-714.293,430.816,93.65,1.688,0.266,-9.747,81.335,81.197
886.129,-714.404,431.291,93.046,1.573,0.409,-9.374,80.836,80.44
886.229,-714.504,431.793,92.463,1.207,1.077,-9,79.972,79.178
886.329,-714.603,432.295,91.867,0.948,1.559,-9.208,79.388,78.842
886.429,-714.703,432.771,91.295,0.273,2.191,-9.762,78.404,78.505
886.529,-714.803,433.273,90.685,-0.165,2.119,-9.266,78.018,77.58
886.629,-714.892,433.783,90.072,-0.553,2.543,-8.634,76.949,76.486
886.729,-714.981,434.311,89.438,-1.2,2.334,-8.318,76.41,75.814
886.829,-715.081,434.856,88.806,-1.322,2.406,-8.698,75.486,74.384
886.929,-715.192,435.401,88.154,-1.595,2.65,-9.072,75.021,74.72
887.029,-715.314,435.973,87.479,-1.982,2.413,-9.596,74.153,73.963
887.129,-715.403,436.578,86.813,-2.557,1.975,-8.777,73.675,72.87
887.229,-715.514,437.184,86.156,-2.708,1.824,-9.216,72.781,72.198
887.329,-715.614,437.824,85.491,-2.571,1.3,-9.345,72.36,71.189
887.429,-715.714,438.49,84.811,-2.413,1.343,-8.849,71.492,70.769
887.529,-715.814,439.183,84.162,-1.616,1.415,-9.496,71.007,69.929
887.629,-715.902,439.909,83.529,-1.307,0.977,-9.374,70.103,69.34
887.729,-715.98,440.636,82.858,-1.063,1.02,-9.905,69.714,69.34
887.829,-716.069,441.38,82.218,-1.408,0.912,-9.639,68.906,67.996
887.929,-716.169,442.142,81.588,-1.07,1.034,-9.697,68.111,67.659
888.029,-716.235,442.903,80.939,-0.769,1.178,-9.675,67.821,67.155
888.129,-716.302,443.682,80.289,-0.56,1.099,-9.639,67.009,67.071
888.229,-716.358,444.452,79.635,0.093,1.286,-8.928,66.509,65.979
888.329,-716.413,445.222,78.938,0.725,2.14,-9.05,65.803,65.727
888.429,-716.457,445.992,78.269,1.717,2.895,-9.079,65.324,63.878
888.529,-716.491,446.754,77.573,2.356,3.433,-9.359,64.519,64.131
888.629,-716.524,447.489,76.872,2.263,3.771,-9.28,64.26,63.207
888.729,-716.557,448.19,76.252,1.932,4.317,-9.144,63.354,62.786
888.829,-716.58,448.856,75.597,1.25,4.633,-9.524,63.104,62.451
888.929,-716.602,449.471,74.903,0.467,5.021,-9.273,62.538,62.283
889.029,-716.657,450.024,74.247,-0.294,4.267,-8.792,62.055,61.863
889.129,-716.713,450.543,73.593,-0.833,3.67,-9.374,61.124,60.183
889.229,-716.779,451.045,73.001,-1.623,3.232,-9.754,60.355,60.183
889.329,-716.857,451.53,72.475,-1.623,2.212,-9.833,59.517,59.26
889.429,-716.946,451.962,71.833,-1.149,0.998,-10.264,59.3,58.672
889.529,-717.046,452.378,71.181,-0.057,0.503,-10.559,58.539,58.001
889.629,-717.146,452.767,70.549,0.725,0.582,-10.875,58.066,57.497
889.729,-717.279,453.165,69.935,1.314,-0.136,-10.214,57.213,57.329
889.829,-717.39,453.589,69.281,0.977,-0.359,-10.609,56.563,56.069
889.929,-717.501,454.013,68.638,1.566,-0.819,-10.365,55.405,55.062
890.029,-717.623,454.463,68,1.889,-1.365,-10.329,54.994,54.307
890.129,-717.734,454.93,67.385,1.566,-1.171,-10.013,54.294,53.636
890.229,-717.845,455.424,66.764,1.702,-1.314,-9.51,53.41,53.887
890.329,-717.945,455.925,66.148,1.789,-0.697,-10.379,52.74,51.789
890.429,-718.034,456.445,65.543,1.53,-0.036,-9.69,52.03,51.957
890.529,-718.112,456.955,64.941,1.674,-0.072,-9.388,51.67,51.957
890.629,-718.167,457.491,64.361,1.336,0.093,-9.323,50.796,50.699
890.729,-718.211,458.063,63.715,1.307,-0.007,-9.783,50.482,49.944
890.829,-718.267,458.616,63.093,1.243,-0.057,-10.113,49.826,49.441
890.929,-718.311,459.187,62.515,0.905,-0.144,-10.279,49.181,48.602
891.029,-718.356,459.75,61.911,0.948,-0.309,-10.013,48.482,48.518
891.129,-718.411,460.321,61.291,0.919,0.158,-9.747,48.034,47.595
891.229,-718.467,460.901,60.722,0.603,-0.266,-9.884,47.442,46.757
891.329,-718.522,461.48,60.118,-0.014,-0.036,-9.647,46.917,46.254
891.429,-718.556,462.034,59.533,0.101,-0.438,-10.566,46.379,45.834
891.529,-718.622,462.597,58.953,1.099,-0.488,-10.465,45.824,45.667
891.629,-718.7,463.159,58.376,0.144,-0.869,-9.589,45.184,44.157
891.729,-718.778,463.73,57.799,0.359,-1.243,-8.404,44.653,43.906
891.829,-718.855,464.292,57.218,0.733,-0.812,-8.684,43.91,43.486
891.929,-718.933,464.838,56.614,0.632,-1.243,-8.921,43.469,43.319
892.029,-719.033,465.383,55.998,0.668,-1.099,-8.749,42.767,42.229
892.129,-719.111,465.928,55.369,1.214,-0.654,-8.698,42.301,41.559
892.229,-719.2,466.447,54.739,0.733,-0.833,-9.129,41.403,41.307
892.329,-719.288,466.966,54.103,0.582,-1.221,-9.129,41.066,40.217
892.429,-719.355,467.485,53.449,0.883,-0.783,-9.129,40.303,39.882
892.529,-719.433,468.004,52.79,1.099,-0.187,-9.632,39.201,38.793
892.629,-719.51,468.515,52.111,1.645,0.101,-9.704,38.773,38.626
892.729,-719.588,469.034,51.452,1.53,0.007,-9.754,38.263,38.122
892.829,-719.655,469.57,50.775,2.184,0.007,-9.546,37.561,37.285
892.929,-719.721,470.107,50.098,2.615,0.309,-10.07,36.709,36.447
893.029,-719.788,470.669,49.429,2.543,0.065,-9.704,36.207,35.86
893.129,-719.832,471.24,48.758,2.299,-0.022,-9.144,35.59,35.106
893.229,-719.866,471.829,48.076,1.631,-0.23,-9.094,35.113,33.934
893.329,-719.899,472.426,47.413,1.652,-0.74,-9.546,33.74,33.096
893.429,-719.91,473.057,46.726,1.781,-0.747,-9.474,33.15,32.51
893.529,-719.91,473.68,46.047,1.056,-0.848,-9.366,32.463,32.175
893.629,-719.899,474.312,45.394,1.077,-1.214,-9.769,31.873,31.17
893.729,-719.888,474.944,44.73,0.33,-1.551,-9.855,31.018,31.086
893.829,-719.855,475.593,44.073,0.733,-1.631,-9.56,30.603,30.165
893.929,-719.81,476.242,43.395,0.007,-1.027,-8.72,29.821,29.914
894.029,-719.777,476.882,42.722,-0.496,-0.567,-9.402,29.363,29.244
894.129,-255,1,0.001,-0.026,1004.962,20.601,-1.594,0
894.229,-719.71,478.154,41.383,-0.797,0.345,-9.92,27.983,27.737
894.329,-719.677,478.785,40.686,-0.704,0.374,-10.58,27.167,26.984
894.429,-719.655,479.417,40.032,-0.596,0.244,-11.593,26.609,26.566
894.529,-719.644,480.057,39.37,-0.69,-0.187,-11.679,25.954,25.645
894.629,-719.655,480.706,38.722,-0.862,-0.998,-11.098,25.498,25.478
894.729,-719.655,481.364,38.059,-1.063,-0.294,-11.126,24.711,24.808
894.829,-719.666,482.022,37.381,-1.551,-0.122,-10.286,23.943,23.804
894.929,-719.699,482.671,36.72,-0.891,0.215,-10.099,23.5,23.72
895.029,-719.732,483.311,36.059,-1.523,0.359,-9.762,22.877,22.632
895.129,-719.788,483.934,35.416,-1.185,0.115,-10.078,22.451,22.884
895.229,-719.855,484.557,34.763,-1.077,-0.043,-9.941,21.629,22.13
895.329,-719.943,485.171,34.124,-0.783,-0.266,-9.898,21.275,21.21
895.429,-720.043,485.785,33.491,-0.589,-0.18,-9.611,20.238,20.207
895.529,-720.143,486.4,32.873,-0.56,0.187,-9.244,19.899,19.454
895.629,-720.243,487.014,32.263,-1.458,-0.072,-30.613,19.171,19.286
895.729,-720.354,487.611,31.668,-0.208,-0.287,-8.979,18.716,17.948
895.829,-720.465,488.225,31.092,0.122,-2.816,-6.536,17.782,17.53
895.929,-720.587,488.84,30.542,-0.697,0.481,-16.743,17.37,17.53
896.029,-720.698,489.471,29.998,-0.481,0.661,-6.896,17.391,16.945
896.129,-720.798,490.103,29.481,-0.438,1.034,-13.619,16.746,16.109
896.229,-720.909,490.7,28.976,-0.022,1.666,-11.277,15.696,15.774
896.329,-721.042,491.297,28.511,-0.611,0.927,-10.365,15.482,15.105
896.429,-721.165,491.886,28.082,-0.69,0.668,-10.832,15.005,15.272
896.529,-721.287,492.483,27.643,-1.789,-0.481,-10.315,14.819,14.269
896.629,-721.409,493.062,27.225,-2.126,-1.077,-9.898,14.385,14.102
896.729,-721.531,493.651,26.775,-2.184,-0.754,-9.151,13.972,13.684
896.829,-721.631,494.222,26.35,-2.22,-0.194,-10.473,13.415,12.932
896.929,-721.742,494.767,25.952,-1.717,0.302,-10.279,13.181,12.848
897.029,-721.842,495.312,25.537,-1.738,1.092,-9.158,12.566,12.179
897.129,-721.931,495.848,25.124,-2.176,1.724,-9.036,11.932,11.845
897.229,-722.019,496.359,24.711,-1.925,1.523,-8.864,11.624,11.176
897.329,-722.097,496.895,24.303,-2.054,1.688,-8.627,11.13,11.093
897.429,-722.175,497.406,23.909,-1.623,1.293,-8.706,10.969,10.257
897.529,-722.241,497.856,23.463,-1.631,1.156,-9.46,10.521,11.009
897.629,-722.286,498.306,23.012,-1.401,1.142,-8.828,10.315,9.839
897.729,-722.341,498.738,22.531,-1.731,1.006,-9.18,9.687,9.923
897.829,-722.397,499.18,22.062,-2.176,1.034,-8.54,9.464,9.254
897.929,-722.452,499.604,21.6,-2.184,1.257,-8.296,9.188,8.92
898.029,-722.508,500.01,21.1,-2.212,1.063,-8.828,8.945,8.669
898.129,-722.552,500.426,20.609,-1.875,0.848,-9.568,8.078,7.751
898.229,-722.597,500.815,20.127,-1.796,0.201,-9.287,7.805,7.834
898.329,-722.641,501.196,19.645,-2.026,-0.129,-9.438,7.257,7.5
898.429,-722.685,501.576,19.15,-2.004,-0.136,-9.69,6.945,7.082
898.529,-722.719,501.957,18.658,-2.205,0.237,-9.173,5.993,6.163
898.629,-722.763,502.329,18.177,-1.947,0.833,-9.187,5.886,5.745
898.729,-722.808,502.71,17.676,-1.875,1.02,-8.756,5.136,4.743
898.829,-722.841,503.082,17.181,-1.982,0.546,-9.711,5.005,4.826
898.929,-722.874,503.445,16.684,-1.544,0.546,-9.345,3.99,4.242
899.029,-722.896,503.8,16.227,-1.271,0.374,-10.013,3.675,2.989
899.129,-722.919,504.155,15.783,-1.314,0.603,-10.552,3.083,3.407
899.229,-722.952,504.492,15.312,-1.544,0.467,-10.781,2.855,2.739
899.329,-722.985,504.821,14.813,-1.523,0.294,-10.027,2.285,2.321
899.429,-723.019,505.141,14.319,-1.623,0.23,-9.438,1.598,1.236
899.529,-723.052,505.453,13.861,-1.738,0.172,-9.453,1.177,0.651
899.629,-723.063,505.773,13.407,-1.803,0.165,-9.359,0.64,0.735
899.729,-723.074,506.084,12.972,-1.616,-0.108,-9.97,0.312,0.317
899.829,-723.074,506.387,12.518,-1.214,-0.517,-9.524,-0.274,-0.184
899.929,-723.074,506.681,12.058,-1.128,-0.682,-9.173,-0.503,-0.684
900.029,-723.074,506.967,11.578,-0.963,-1.027,-10.042,-1.199,-1.185
900.129,-723.085,507.244,11.052,-0.869,-1.35,-9.489,-1.446,-1.436
900.229,-723.096,507.521,10.54,-0.869,-1.458,-10.257,-2.089,-1.77
900.329,-723.107,507.806,10.042,-1.02,-1.595,-10.3,-2.402,-2.521
900.429,-723.107,508.083,9.527,-1.128,-1.444,-9.402,-2.982,-3.022
900.529,-723.107,508.351,9.02,-0.876,-1.063,-9.776,-3.314,-3.439