State - Time (s),State - Stage,State - Stage,State - PX (m),State - PY (m),State - PZ (m),State - VX (m/s),State - VY (m/s),State - VZ (m/s),State - AX (m/s/s),State - AY (m/s/s),State - AZ (m/s/s),State - Actuation Angle (deg),State - Acutal Angle (deg),State - CdA,State - Est Apo (m),State - Target Apogee (m),State - Mach Number,State - Tilt [deg],MockBarometer - Pres (hPa),MockBarometer - Temp (C),MockBarometer - Alt ASL (m),MockBarometer - Alt AGL (m),MockIMU - AccX (m/s^2),MockIMU - AccY (m/s^2),MockIMU - AccZ (m/s^2),MockIMU - GyroX (rad/s),MockIMU - GyroY (rad/s),MockIMU - GyroZ (rad/s),MockIMU - MagX (uT),MockIMU - MagY (uT),MockIMU - MagZ (uT),MockIMU - OriX,MockIMU - OriY,MockIMU - OriZ,MockIMU - OriW,MockGPS - Lat,MockGPS - Lon,MockGPS - Alt (m),MockGPS - Disp X (m),MockGPS - Disp Y (m),MockGPS - Disp Z (m),MockGPS - Fix Quality,MockGPS - Time of Day,E5 - Rel Steps,BR - Battery Voltage (V),BR - ALT (m),BR - PRES (Pa),BR - TEMP (C),BR - VEL (m/s),BR - ANG (deg),BR - ACCX (m/s^2),BR - ACCY (m/s^2),BR - ACCZ (m/s^2),BR - GYROX (rad/s),BR - GYROY (rad/s),BR - GYROZ (rad/s),BR - ROLL (deg),BR - TILT (deg)
12.945,0,0,0.000,0.000,0.000,0.000,0.000,0.000,0.000,0.000,0.000,0.000,0.000,0.0103675,0.000,7500.000,0.000,0.000,0.000,0.000,44307.690,0.000,0.000,0.000,0.000,0.000,0.000,0.000,0.000,0.000,0.000,0.000,0.000,0.000,1.000,0.0000000,0.0000000,0.000,0.000,0.000,0.000,0,00:00:00,0,0.000,0.000,0.000,0.000,0.000,0.000,0.000,0.000,0.000,0.000,0.000,0.000,0.000,0.000
13.046,0,0,-0.000,0.000,-5474.319,-0.739,0.004,-846.418,-7.372,0.038,-6.350,0.000,0.000,0.0103675,0.000,7500.000,0.000,90.000,1013.233,15.048,0.141,-5474.943,-9.718,0.034,0.473,-0.010,-0.027,0.007,0.000,0.000,0.000,0.001,0.371,0.000,0.929,0.0000000,0.0000000,0.000,0.000,0.000,0.000,0,00:00:00,0,0.000,0.000,0.000,0.000,0.000,0.000,0.000,0.000,0.000,0.000,0.000,0.000,0.000,0.000
13.147,0,0,-0.048,0.000,-4407.494,-1.171,0.004,-671.288,-4.353,-0.002,-8.796,0.000,0.000,0.0103675,0.000,7500.000,2.492,46.472,1013.288,15.050,-0.319,-3290.183,-9.808,0.022,0.350,0.027,-0.011,0.006,0.000,0.000,0.000,0.002,0.543,-0.000,0.840,0.0000000,0.0000000,0.000,0.000,0.000,0.000,0,00:00:00,0,0.000,0.000,0.000,0.000,0.000,0.000,0.000,0.000,0.000,0.000,0.000,0.000,0.000,0.000
13.248,0,0,-0.117,0.000,-3748.362,-1.419,0.008,-560.265,-2.547,0.040,-9.443,0.000,0.000,0.0103675,0.000,7500.000,1.976,24.287,1013.233,15.049,0.145,-2360.114,-9.774,0.066,0.339,0.001,0.011,0.022,0.000,0.000,0.000,0.003,0.622,0.001,0.783,0.0000000,0.0000000,0.000,0.000,0.000,0.000,0,00:00:00,0,0.000,0.000,0.000,0.000,0.000,0.000,0.000,0.000,0.000,0.000,0.000,0.000,0.000,0.000
13.349,0,0,-0.198,0.001,-3291.008,-1.547,0.004,-478.812,-1.374,-0.037,-9.835,0.000,0.000,0.0103675,0.000,7500.000,1.649,13.105,1013.279,15.052,-0.244,-1842.129,-9.929,-0.013,0.167,-0.006,0.017,0.018,0.000,0.000,0.000,0.002,0.663,0.000,0.749,0.0000000,0.0000000,0.000,0.000,0.000,0.000,0,00:00:00,0,0.000,0.000,0.000,0.000,0.000,0.000,0.000,0.000,0.000,0.000,0.000,0.000,0.000,0.000
13.450,0,0,-0.284,0.000,-2949.735,-1.669,-0.009,-412.156,-1.325,-0.125,-9.842,0.000,0.000,0.0103675,0.000,7500.000,1.410,6.986,1013.258,15.050,-0.071,-1510.806,-9.920,-0.069,0.480,0.032,-0.007,0.015,0.000,0.000,0.000,0.002,0.676,-0.002,0.737,0.0000000,0.0000000,0.000,0.000,0.000,0.000,0,00:00:00,0,0.000,0.000,0.000,0.000,0.000,0.000,0.000,0.000,0.000,0.000,0.000,0.000,0.000,0.000
13.551,0,0,-0.376,-0.001,-2681.555,-1.757,-0.017,-352.741,-0.993,-0.085,-9.876,0.000,0.000,0.0103675,0.000,7500.000,1.213,4.897,1013.220,15.049,0.248,-1280.511,-9.919,-0.042,0.377,-0.012,-0.010,0.004,0.000,0.000,0.000,0.001,0.685,-0.002,0.729,0.0000000,0.0000000,0.000,0.000,0.000,0.000,0,00:00:00,0,0.000,0.000,0.000,0.000,0.000,0.000,0.000,0.000,0.000,0.000,0.000,0.000,0.000,0.000
13.652,0,0,-0.470,-0.002,-2462.040,-1.832,-0.025,-296.246,-0.878,-0.073,-9.887,0.000,0.000,0.0103675,0.000,7500.000,1.038,3.566,1013.220,15.049,0.248,-1111.399,-9.919,-0.042,0.377,-0.012,-0.010,0.004,0.000,0.000,0.000,-0.000,0.689,-0.002,0.725,0.0000000,0.0000000,0.000,0.000,0.000,0.000,0,00:00:00,0,0.000,0.000,0.000,0.000,0.000,0.000,0.000,0.000,0.000,0.000,0.000,0.000,0.000,0.000
13.753,0,0,-0.568,-0.003,-2275.997,-1.896,-0.003,-240.038,-0.782,0.212,-9.609,0.000,0.000,0.0103675,0.000,7500.000,0.872,2.901,1013.278,15.051,-0.236,-982.214,-9.633,0.237,0.363,0.001,0.005,0.016,0.000,0.000,0.000,0.005,0.691,0.003,0.722,0.0000000,0.0000000,0.000,0.000,0.000,0.000,0,00:00:00,0,0.000,0.000,0.000,0.000,0.000,0.000,0.000,0.000,0.000,0.000,0.000,0.000,0.000,0.000
13.854,0,0,-0.666,-0.003,-2113.168,-1.936,0.004,-182.575,-0.563,0.075,-9.917,0.000,0.000,0.0103675,0.000,7500.000,0.707,2.513,1013.228,15.050,0.183,-879.281,-9.929,0.136,0.224,0.032,-0.020,-0.002,0.000,0.000,0.000,0.007,0.695,0.002,0.719,0.0000000,0.0000000,0.000,0.000,0.000,0.000,0,00:00:00,0,0.000,0.000,0.000,0.000,0.000,0.000,0.000,0.000,0.000,0.000,0.000,0.000,0.000,0.000
13.955,0,0,-0.765,-0.002,-1976.902,-1.971,0.002,-126.788,-0.533,-0.023,-9.834,0.000,0.000,0.0103675,0.000,7500.000,0.537,1.961,1013.265,15.051,-0.125,-879.589,-9.846,0.039,0.236,-0.000,-0.022,0.009,0.000,0.000,0.000,0.005,0.696,0.001,0.718,0.0000000,0.0000000,0.000,0.000,0.000,0.000,0,00:00:00,0,0.000,0.000,0.000,0.000,0.000,0.000,0.000,0.000,0.000,0.000,0.000,0.000,0.000,0.000
14.056,0,0,-0.864,-0.002,-1858.657,-2.027,0.007,-71.966,-0.763,0.044,-9.756,0.000,0.000,0.0103675,0.000,7500.000,0.373,1.728,1013.266,15.050,-0.137,-879.601,-9.777,0.107,0.411,0.006,0.001,0.018,0.000,0.000,0.000,0.006,0.694,0.001,0.720,0.0000000,0.0000000,0.000,0.000,0.000,0.000,0,00:00:00,0,0.000,0.000,0.000,0.000,0.000,0.000,0.000,0.000,0.000,0.000,0.000,0.000,0.000,0.000
14.157,0,0,-0.964,-0.001,-1752.871,-2.070,0.009,-18.016,-0.652,0.025,-9.997,0.000,0.000,0.0103675,0.000,7500.000,0.212,2.065,1013.244,15.050,0.054,-879.410,-10.013,0.078,0.312,-0.015,-0.010,-0.021,0.000,0.000,0.000,0.005,0.695,0.001,0.719,0.0000000,0.0000000,0.000,0.000,0.000,0.000,0,00:00:00,0,0.000,0.000,0.000,0.000,0.000,0.000,0.000,0.000,0.000,0.000,0.000,0.000,0.000,0.000
14.258,0,0,-1.065,-0.000,-1655.931,-2.112,-0.001,34.789,-0.680,-0.102,-9.951,0.000,0.000,0.0103675,0.000,7500.000,0.053,1.953,1013.237,15.051,0.105,-879.360,-9.969,-0.049,0.339,-0.004,-0.005,-0.030,0.000,0.000,0.000,0.002,0.695,-0.002,0.719,0.0000000,0.0000000,0.000,0.000,0.000,0.000,0,00:00:00,0,0.000,0.000,0.000,0.000,0.000,0.000,0.000,0.000,0.000,0.000,0.000,0.000,0.000,0.000
14.359,0,0,-1.165,-0.001,-1565.546,-2.162,-0.008,85.867,-0.782,-0.073,-9.835,0.000,0.000,0.0103675,0.000,7500.000,0.103,1.964,1013.268,15.048,-0.146,-879.610,-9.858,-0.023,0.396,-0.003,-0.042,-0.012,0.000,0.000,0.000,0.001,0.693,-0.002,0.721,0.0000000,0.0000000,0.000,0.000,0.000,0.000,0,00:00:00,0,0.000,0.000,0.000,0.000,0.000,0.000,0.000,0.000,0.000,0.000,0.000,0.000,0.000,0.000
14.460,0,0,-1.266,-0.002,-1480.288,-2.209,-0.016,134.484,-0.807,-0.071,-9.833,0.000,0.000,0.0103675,0.000,7500.000,0.253,2.252,1013.268,15.048,-0.146,-879.610,-9.858,-0.023,0.396,-0.003,-0.042,-0.012,0.000,0.000,0.000,0.001,0.692,-0.003,0.722,0.0000000,0.0000000,0.000,0.000,0.000,0.000,0,00:00:00,0,0.000,0.000,0.000,0.000,0.000,0.000,0.000,0.000,0.000,0.000,0.000,0.000,0.000,0.000
14.561,0,0,-1.368,-0.003,-1399.418,-2.272,-0.024,179.847,-0.997,-0.089,-9.698,0.000,0.000,0.0103675,0.000,7500.000,0.396,2.395,1013.254,15.051,-0.035,-879.499,-9.735,-0.072,0.532,-0.033,0.008,-0.011,0.000,0.000,0.000,-0.002,0.690,-0.002,0.724,0.0000000,0.0000000,0.000,0.000,0.000,0.000,0,00:00:00,0,0.000,0.000,0.000,0.000,0.000,0.000,0.000,0.000,0.000,0.000,0.000,0.000,0.000,0.000
14.662,0,0,-1.468,-0.006,-1322.678,-2.311,-0.027,221.136,-0.810,-0.032,-9.890,0.000,0.000,0.0103675,0.000,7500.000,0.529,2.741,1013.234,15.049,0.134,-879.330,-9.916,-0.054,0.376,-0.038,-0.020,0.024,0.000,0.000,0.000,-0.002,0.691,-0.001,0.722,0.0000000,0.0000000,0.000,0.000,0.000,0.000,0,00:00:00,0,0.000,0.000,0.000,0.000,0.000,0.000,0.000,0.000,0.000,0.000,0.000,0.000,0.000,0.000
14.763,0,0,-1.567,-0.008,-1250.179,-2.355,-0.025,257.656,-0.909,0.024,-9.722,0.000,0.000,0.0103675,0.000,7500.000,0.651,2.513,1013.262,15.052,-0.099,-879.563,-9.754,0.036,0.461,0.034,-0.009,-0.021,0.000,0.000,0.000,-0.000,0.691,-0.001,0.723,0.0000000,0.0000000,0.000,0.000,0.000,0.000,0,00:00:00,0,0.000,0.000,0.000,0.000,0.000,0.000,0.000,0.000,0.000,0.000,0.000,0.000,0.000,0.000
14.864,0,0,-1.664,-0.009,-1182.136,-2.394,-0.025,288.878,-0.920,-0.009,-9.721,0.000,0.000,0.0103675,0.000,7500.000,0.759,2.636,1013.262,15.052,-0.099,-879.563,-9.754,0.036,0.461,0.034,-0.009,-0.021,0.000,0.000,0.000,0.002,0.690,-0.002,0.724,0.0000000,0.0000000,0.000,0.000,0.000,0.000,0,00:00:00,0,0.000,0.000,0.000,0.000,0.000,0.000,0.000,0.000,0.000,0.000,0.000,0.000,0.000,0.000
14.965,0,0,-1.756,-0.011,-1009.049,-2.393,-0.035,399.939,-0.579,-0.100,-9.673,0.000,0.000,0.0103675,0.000,7500.000,0.850,2.697,1013.266,15.050,-0.134,-0.131,-9.687,-0.043,0.245,0.013,0.032,0.011,0.000,0.000,0.000,0.001,0.695,-0.003,0.719,0.0000000,0.0000000,0.000,0.000,0.000,0.000,0,00:00:00,0,0.000,0.000,0.000,0.000,0.000,0.000,0.000,0.000,0.000,0.000,0.000,0.000,0.000,0.000
15.066,0,0,-1.842,-0.014,-845.103,-2.393,-0.040,496.130,-0.647,-0.050,-9.664,0.000,0.000,0.0103675,0.000,7500.000,1.177,1.981,1013.261,15.047,-0.095,-0.065,-9.680,0.047,0.322,0.041,0.008,-0.024,0.000,0.000,0.000,0.004,0.695,-0.003,0.719,0.0000000,0.0000000,0.000,0.000,0.000,0.000,0,00:00:00,0,0.000,0.000,0.000,0.000,0.000,0.000,0.000,0.000,0.000,0.000,0.000,0.000,0.000,0.000
15.167,0,0,-1.919,-0.018,-691.615,-2.369,-0.064,576.884,-0.467,-0.250,-9.574,0.000,0.000,0.0103675,0.000,7500.000,1.461,1.923,1013.303,15.048,-0.444,-0.451,-9.585,-0.163,0.196,-0.009,-0.031,0.029,0.000,0.000,0.000,0.001,0.697,-0.006,0.717,0.0000000,0.0000000,0.000,0.000,0.000,0.000,0,00:00:00,0,0.000,0.000,0.000,0.000,0.000,0.000,0.000,0.000,0.000,0.000,0.000,0.000,0.000,0.000
15.268,0,0,-1.989,-0.023,-549.502,-2.372,-0.071,642.288,-0.794,-0.077,-9.642,0.000,0.000,0.0103675,0.000,7500.000,1.698,1.635,1013.270,15.051,-0.166,-0.168,-9.665,0.025,0.433,0.014,-0.013,0.000,0.000,0.000,0.000,0.003,0.694,-0.004,0.720,0.0000000,0.0000000,0.000,0.000,0.000,0.000,0,00:00:00,0,0.000,0.000,0.000,0.000,0.000,0.000,0.000,0.000,0.000,0.000,0.000,0.000,0.000,0.000
15.369,0,0,-2.050,-0.029,-419.420,-2.332,-0.099,692.872,-0.430,-0.285,-9.670,0.000,0.000,0.0103675,0.000,7500.000,1.891,2.139,1013.201,15.050,0.412,0.400,-9.681,-0.149,0.172,0.036,0.013,0.018,0.000,0.000,0.000,0.002,0.698,-0.008,0.717,0.0000000,0.0000000,0.000,0.000,0.000,0.000,0,00:00:00,0,0.000,0.000,0.000,0.000,0.000,0.000,0.000,0.000,0.000,0.000,0.000,0.000,0.000,0.000
15.470,0,0,-2.103,-0.037,-301.846,-2.321,-0.131,729.409,-0.770,-0.335,-9.722,0.000,0.000,0.0103675,0.000,7500.000,2.040,1.540,1013.238,15.049,0.103,0.098,-9.747,-0.190,0.430,0.004,0.002,0.007,0.000,0.000,0.000,0.000,0.694,-0.010,0.719,0.0000000,0.0000000,0.000,0.000,0.000,0.000,0,00:00:00,0,0.000,0.000,0.000,0.000,0.000,0.000,0.000,0.000,0.000,0.000,0.000,0.000,0.000,0.000
15.571,0,0,-2.148,-0.047,-196.744,-2.303,-0.152,753.091,-0.744,-0.231,-9.879,0.000,0.000,0.0103675,0.000,7500.000,2.147,2.028,1013.213,15.052,0.311,0.334,-9.902,-0.109,0.369,-0.024,-0.038,0.008,0.000,0.000,0.000,-0.000,0.693,-0.008,0.720,0.0000000,0.0000000,0.000,0.000,0.000,0.000,0,00:00:00,0,0.000,0.000,0.000,0.000,0.000,0.000,0.000,0.000,0.000,0.000,0.000,0.000,0.000,0.000
15.672,0,0,-2.185,-0.058,-103.914,-2.280,-0.171,765.210,-0.758,-0.207,-9.878,0.000,0.000,0.0103675,0.000,7500.000,2.217,2.188,1013.213,15.052,0.311,0.346,-9.902,-0.109,0.369,-0.024,-0.038,0.008,0.000,0.000,0.000,-0.001,0.693,-0.007,0.721,0.0000000,0.0000000,0.000,0.000,0.000,0.000,0,00:00:00,0,0.000,0.000,0.000,0.000,0.000,0.000,0.000,0.000,0.000,0.000,0.000,0.000,0.000,0.000
15.773,0,0,-2.216,-0.070,-22.965,-2.278,-0.176,767.102,-0.999,-0.082,-9.773,0.000,0.000,0.0103675,0.000,7500.000,2.253,2.268,1013.268,15.052,-0.150,-0.129,-9.809,-0.015,0.542,-0.032,0.013,-0.004,0.000,0.000,0.000,-0.000,0.690,-0.005,0.723,0.0000000,0.0000000,0.000,0.000,0.000,0.000,0,00:00:00,0,0.000,0.000,0.000,0.000,0.000,0.000,0.000,0.000,0.000,0.000,0.000,0.000,0.000,0.000
15.874,0,0,-2.239,-0.079,46.809,-2.232,-0.160,760.219,-0.598,0.115,-9.698,0.000,0.000,0.0103675,0.000,7500.000,2.258,2.677,1013.257,15.048,-0.059,-0.009,-9.713,0.178,0.255,0.002,0.022,-0.016,0.000,0.000,0.000,0.004,0.694,-0.001,0.720,0.0000000,0.0000000,0.000,0.000,0.000,0.000,0,00:00:00,0,0.000,0.000,0.000,0.000,0.000,0.000,0.000,0.000,0.000,0.000,0.000,0.000,0.000,0.000
15.975,0,0,-2.255,-0.088,106.113,-2.208,-0.173,745.851,-0.860,-0.167,-9.880,0.000,0.000,0.0103675,0.000,7500.000,2.238,2.028,1013.264,15.049,-0.116,-0.066,-9.908,-0.095,0.462,0.006,0.016,0.018,0.000,0.000,0.000,0.002,0.693,-0.003,0.721,0.0000000,0.0000000,0.000,0.000,0.000,0.000,0,00:00:00,0,0.000,0.000,0.000,0.000,0.000,0.000,0.000,0.000,0.000,0.000,0.000,0.000,0.000,0.000
16.076,0,0,-2.264,-0.096,155.781,-2.170,-0.175,725.319,-0.736,-0.068,-9.701,0.000,0.000,0.0103675,0.000,7500.000,2.196,2.303,1013.237,15.050,0.107,0.153,-9.723,0.041,0.360,0.043,0.000,0.022,0.000,0.000,0.000,0.005,0.693,-0.003,0.721,0.0000000,0.0000000,0.000,0.000,0.000,0.000,0,00:00:00,0,0.000,0.000,0.000,0.000,0.000,0.000,0.000,0.000,0.000,0.000,0.000,0.000,0.000,0.000
16.177,0,0,-2.264,-0.104,196.597,-2.100,-0.170,699.709,-0.446,-0.007,-9.852,0.000,0.000,0.0103675,0.000,7500.000,2.135,2.212,1013.251,15.047,-0.005,0.091,-9.860,0.098,0.178,-0.007,0.023,-0.017,0.000,0.000,0.000,0.006,0.697,-0.002,0.717,0.0000000,0.0000000,0.000,0.000,0.000,0.000,0,00:00:00,0,0.000,0.000,0.000,0.000,0.000,0.000,0.000,0.000,0.000,0.000,0.000,0.000,0.000,0.000
16.278,0,0,-2.258,-0.112,229.463,-2.064,-0.194,670.145,-0.795,-0.291,-9.773,0.000,0.000,0.0103675,0.000,7500.000,2.060,1.558,1013.197,15.053,0.444,0.567,-9.798,-0.179,0.439,0.003,-0.013,-0.018,0.000,0.000,0.000,0.001,0.694,-0.007,0.720,0.0000000,0.0000000,0.000,0.000,0.000,0.000,0,00:00:00,0,0.000,0.000,0.000,0.000,0.000,0.000,0.000,0.000,0.000,0.000,0.000,0.000,0.000,0.000
16.379,0,0,-2.245,-0.120,255.057,-2.019,-0.204,637.468,-0.720,-0.159,-9.566,0.000,0.000,0.0103675,0.000,7500.000,1.973,2.099,1013.236,15.050,0.116,0.183,-9.588,-0.017,0.359,0.033,-0.015,-0.036,0.000,0.000,0.000,0.003,0.694,-0.007,0.720,0.0000000,0.0000000,0.000,0.000,0.000,0.000,0,00:00:00,0,0.000,0.000,0.000,0.000,0.000,0.000,0.000,0.000,0.000,0.000,0.000,0.000,0.000,0.000
16.480,0,0,-2.228,-0.128,274.183,-1.978,-0.211,602.479,-0.756,-0.144,-9.788,0.000,0.000,0.0103675,0.000,7500.000,1.877,2.166,1013.257,15.047,-0.061,-0.019,-9.811,0.001,0.379,-0.002,-0.008,-0.037,0.000,0.000,0.000,0.003,0.693,-0.007,0.721,0.0000000,0.0000000,0.000,0.000,0.000,0.000,0,00:00:00,0,0.000,0.000,0.000,0.000,0.000,0.000,0.000,0.000,0.000,0.000,0.000,0.000,0.000,0.000
16.581,0,0,-2.205,-0.136,287.622,-1.906,-0.208,565.959,-0.460,-0.041,-9.781,0.000,0.000,0.0103675,0.000,7500.000,1.774,2.212,1013.236,15.048,0.119,0.127,-9.790,0.076,0.169,-0.025,-0.037,0.005,0.000,0.000,0.000,0.005,0.696,-0.004,0.718,0.0000000,0.0000000,0.000,0.000,0.000,0.000,0,00:00:00,0,0.000,0.000,0.000,0.000,0.000,0.000,0.000,0.000,0.000,0.000,0.000,0.000,0.000,0.000
16.682,0,0,-2.176,-0.143,296.034,-1.831,-0.202,528.505,-0.417,-0.017,-9.783,0.000,0.000,0.0103675,0.000,7500.000,1.666,1.705,1013.236,15.048,0.119,0.109,-9.790,0.076,0.169,-0.025,-0.037,0.005,0.000,0.000,0.000,0.005,0.698,-0.002,0.716,0.0000000,0.0000000,0.000,0.000,0.000,0.000,0,00:00:00,0,0.000,0.000,0.000,0.000,0.000,0.000,0.000,0.000,0.000,0.000,0.000,0.000,0.000,0.000
16.783,0,0,-2.143,-0.148,300.051,-1.781,-0.192,490.643,-0.647,0.023,-9.862,0.000,0.000,0.0103675,0.000,7500.000,1.556,1.451,1013.242,15.054,0.069,0.064,-9.876,0.111,0.355,-0.006,0.023,-0.038,0.000,0.000,0.000,0.005,0.697,-0.001,0.717,0.0000000,0.0000000,0.000,0.000,0.000,0.000,0,00:00:00,0,0.000,0.000,0.000,0.000,0.000,0.000,0.000,0.000,0.000,0.000,0.000,0.000,0.000,0.000
16.884,0,0,-2.106,-0.152,300.254,-1.723,-0.198,452.838,-0.557,-0.138,-9.784,0.000,0.000,0.0103675,0.000,7500.000,1.444,1.691,1013.253,15.051,-0.024,-0.033,-9.797,-0.065,0.272,-0.017,-0.008,-0.023,0.000,0.000,0.000,0.002,0.697,-0.003,0.717,0.0000000,0.0000000,0.000,0.000,0.000,0.000,0,00:00:00,0,0.000,0.000,0.000,0.000,0.000,0.000,0.000,0.000,0.000,0.000,0.000,0.000,0.000,0.000
16.985,0,0,-2.066,-0.155,297.154,-1.680,-0.185,415.442,-0.686,0.047,-9.848,0.000,0.000,0.0103675,0.000,7500.000,1.333,1.667,1013.289,15.050,-0.327,-0.338,-9.865,0.076,0.365,-0.043,0.007,0.011,0.000,0.000,0.000,0.002,0.695,0.000,0.719,0.0000000,0.0000000,0.000,0.000,0.000,0.000,0,00:00:00,0,0.000,0.000,0.000,0.000,0.000,0.000,0.000,0.000,0.000,0.000,0.000,0.000,0.000,0.000
17.086,0,0,-2.027,-0.158,291.332,-1.658,-0.180,378.857,-0.884,-0.044,-9.815,0.000,0.000,0.0103675,0.000,7500.000,1.223,1.871,1013.253,15.051,-0.023,-0.054,-9.843,-0.028,0.486,-0.017,0.009,-0.029,0.000,0.000,0.000,0.000,0.693,-0.001,0.721,0.0000000,0.0000000,0.000,0.000,0.000,0.000,0,00:00:00,0,0.000,0.000,0.000,0.000,0.000,0.000,0.000,0.000,0.000,0.000,0.000,0.000,0.000,0.000
17.187,0,0,-1.988,-0.159,283.189,-1.643,-0.175,343.309,-0.923,-0.030,-9.812,0.000,0.000,0.0103675,0.000,7500.000,1.115,2.322,1013.253,15.051,-0.023,-0.098,-9.843,-0.028,0.486,-0.017,0.009,-0.029,0.000,0.000,0.000,-0.001,0.691,-0.001,0.723,0.0000000,0.0000000,0.000,0.000,0.000,0.000,0,00:00:00,0,0.000,0.000,0.000,0.000,0.000,0.000,0.000,0.000,0.000,0.000,0.000,0.000,0.000,0.000
17.288,0,0,-1.951,-0.160,273.152,-1.608,-0.164,309.021,-0.707,0.020,-9.925,0.000,0.000,0.0103675,0.000,7500.000,1.011,2.548,1013.236,15.051,0.120,-0.016,-9.945,0.032,0.317,0.013,-0.022,0.011,0.000,0.000,0.000,0.001,0.693,-0.000,0.721,0.0000000,0.0000000,0.000,0.000,0.000,0.000,0,00:00:00,0,0.000,0.000,0.000,0.000,0.000,0.000,0.000,0.000,0.000,0.000,0.000,0.000,0.000,0.000
17.389,0,0,-1.913,-0.160,261.571,-1.578,-0.166,276.176,-0.738,-0.109,-9.791,0.000,0.000,0.0103675,0.000,7500.000,0.910,2.250,1013.246,15.050,0.037,-0.070,-9.812,-0.074,0.374,0.020,0.030,-0.031,0.000,0.000,0.000,-0.001,0.694,-0.003,0.720,0.0000000,0.0000000,0.000,0.000,0.000,0.000,0,00:00:00,0,0.000,0.000,0.000,0.000,0.000,0.000,0.000,0.000,0.000,0.000,0.000,0.000,0.000,0.000
17.490,0,0,-1.877,-0.159,248.738,-1.566,-0.155,244.852,-0.898,0.021,-9.965,0.000,0.000,0.0103675,0.000,7500.000,0.813,2.129,1013.291,15.049,-0.342,-0.432,-9.994,0.047,0.480,-0.007,0.015,0.008,0.000,0.000,0.000,0.001,0.692,-0.001,0.722,0.0000000,0.0000000,0.000,0.000,0.000,0.000,0,00:00:00,0,0.000,0.000,0.000,0.000,0.000,0.000,0.000,0.000,0.000,0.000,0.000,0.000,0.000,0.000
17.591,0,0,-1.841,-0.159,235.098,-1.532,-0.164,215.298,-0.665,-0.171,-9.781,0.000,0.000,0.0103675,0.000,7500.000,0.721,2.397,1013.214,15.051,0.303,0.232,-9.800,-0.095,0.297,0.050,-0.032,0.001,0.000,0.000,0.000,0.001,0.694,-0.004,0.720,0.0000000,0.0000000,0.000,0.000,0.000,0.000,0,00:00:00,0,0.000,0.000,0.000,0.000,0.000,0.000,0.000,0.000,0.000,0.000,0.000,0.000,0.000,0.000
17.692,0,0,-1.806,-0.159,220.763,-1.495,-0.157,187.439,-0.600,-0.019,-9.840,0.000,0.000,0.0103675,0.000,7500.000,0.634,2.158,1013.265,15.050,-0.124,-0.176,-9.855,0.045,0.259,-0.011,-0.053,-0.000,0.000,0.000,0.000,0.002,0.695,-0.002,0.719,0.0000000,0.0000000,0.000,0.000,0.000,0.000,0,00:00:00,0,0.000,0.000,0.000,0.000,0.000,0.000,0.000,0.000,0.000,0.000,0.000,0.000,0.000,0.000
17.793,0,0,-1.769,-0.158,206.011,-1.442,-0.148,161.365,-0.432,0.010,-9.814,0.000,0.000,0.0103675,0.000,7500.000,0.552,1.984,1013.278,15.050,-0.232,-0.305,-9.821,0.112,0.178,0.040,0.011,0.043,0.000,0.000,0.000,0.006,0.698,-0.001,0.716,0.0000000,0.0000000,0.000,0.000,0.000,0.000,0,00:00:00,0,0.000,0.000,0.000,0.000,0.000,0.000,0.000,0.000,0.000,0.000,0.000,0.000,0.000,0.000
17.894,0,0,-1.732,-0.155,191.103,-1.412,-0.128,137.134,-0.635,0.111,-9.803,0.000,0.000,0.0103675,0.000,7500.000,0.475,1.481,1013.249,15.051,0.011,-0.066,-9.816,0.180,0.351,-0.029,0.036,0.012,0.000,0.000,0.000,0.008,0.697,0.002,0.717,0.0000000,0.0000000,0.000,0.000,0.000,0.000,0,00:00:00,0,0.000,0.000,0.000,0.000,0.000,0.000,0.000,0.000,0.000,0.000,0.000,0.000,0.000,0.000
17.995,0,0,-1.696,-0.152,176.160,-1.391,-0.131,114.701,-0.698,-0.114,-9.760,0.000,0.000,0.0103675,0.000,7500.000,0.404,1.663,1013.273,15.052,-0.196,-0.251,-9.778,-0.080,0.367,-0.037,-0.010,0.032,0.000,0.000,0.000,0.003,0.695,0.000,0.719,0.0000000,0.0000000,0.000,0.000,0.000,0.000,0,00:00:00,0,0.000,0.000,0.000,0.000,0.000,0.000,0.000,0.000,0.000,0.000,0.000,0.000,0.000,0.000
18.096,0,0,-1.661,-0.150,161.426,-1.347,-0.123,94.104,-0.458,0.006,-9.829,0.000,0.000,0.0103675,0.000,7500.000,0.338,1.937,1013.222,15.048,0.232,0.189,-9.837,0.029,0.192,-0.012,-0.008,0.005,0.000,0.000,0.000,0.002,0.697,0.000,0.717,0.0000000,0.0000000,0.000,0.000,0.000,0.000,0,00:00:00,0,0.000,0.000,0.000,0.000,0.000,0.000,0.000,0.000,0.000,0.000,0.000,0.000,0.000,0.000
18.197,0,0,-1.624,-0.146,146.943,-1.295,-0.107,75.236,-0.356,0.075,-9.897,0.000,0.000,0.0103675,0.000,7500.000,0.277,1.550,1013.245,15.049,0.041,0.000,-9.902,0.114,0.145,0.015,-0.010,-0.020,0.000,0.000,0.000,0.004,0.700,0.001,0.715,0.0000000,0.0000000,0.000,0.000,0.000,0.000,0,00:00:00,0,0.000,0.000,0.000,0.000,0.000,0.000,0.000,0.000,0.000,0.000,0.000,0.000,0.000,0.000
18.298,0,0,-1.589,-0.141,132.883,-1.284,-0.076,58.106,-0.734,0.230,-9.867,0.000,0.000,0.0103675,0.000,7500.000,0.222,1.223,1013.221,15.051,0.241,0.232,-9.884,0.253,0.422,-0.011,0.002,-0.035,0.000,0.000,0.000,0.006,0.696,0.004,0.718,0.0000000,0.0000000,0.000,0.000,0.000,0.000,0,00:00:00,0,0.000,0.000,0.000,0.000,0.000,0.000,0.000,0.000,0.000,0.000,0.000,0.000,0.000,0.000
18.399,0,0,-1.555,-0.135,119.272,-1.273,-0.088,42.622,-0.726,-0.185,-9.654,0.000,0.000,0.0103675,0.000,7500.000,0.171,1.828,1013.251,15.051,-0.011,-0.012,-9.674,-0.206,0.375,-0.053,-0.022,-0.018,0.000,0.000,0.000,-0.002,0.694,-0.001,0.720,0.0000000,0.0000000,0.000,0.000,0.000,0.000,0,00:00:00,0,0.000,0.000,0.000,0.000,0.000,0.000,0.000,0.000,0.000,0.000,0.000,0.000,0.000,0.000
18.500,0,0,-1.524,-0.130,106.221,-1.252,-0.096,28.713,-0.602,-0.155,-9.738,0.000,0.000,0.0103675,0.000,7500.000,0.126,2.086,1013.256,15.049,-0.052,-0.025,-9.753,-0.147,0.286,0.030,0.008,0.012,0.000,0.000,0.000,-0.003,0.696,-0.003,0.718,0.0000000,0.0000000,0.000,0.000,0.000,0.000,0,00:00:00,0,0.000,0.000,0.000,0.000,0.000,0.000,0.000,0.000,0.000,0.000,0.000,0.000,0.000,0.000
18.601,0,0,-1.493,-0.127,93.786,-1.231,-0.108,16.312,-0.582,-0.184,-9.739,0.000,0.000,0.0103675,0.000,7500.000,0.085,1.861,1013.256,15.049,-0.052,-0.043,-9.753,-0.147,0.286,0.030,0.008,0.012,0.000,0.000,0.000,-0.003,0.696,-0.005,0.718,0.0000000,0.0000000,0.000,0.000,0.000,0.000,0,00:00:00,0,0.000,0.000,0.000,0.000,0.000,0.000,0.000,0.000,0.000,0.000,0.000,0.000,0.000,0.000
18.702,0,0,-1.464,-0.126,81.995,-1.208,-0.120,5.333,-0.544,-0.188,-9.673,0.000,0.000,0.0103675,0.000,7500.000,0.048,1.749,1013.277,15.049,-0.225,-0.191,-9.685,-0.138,0.270,0.014,0.015,0.008,0.000,0.000,0.000,-0.003,0.697,-0.006,0.717,0.0000000,0.0000000,0.000,0.000,0.000,0.000,0,00:00:00,0,0.000,0.000,0.000,0.000,0.000,0.000,0.000,0.000,0.000,0.000,0.000,0.000,0.000,0.000
18.803,0,0,-1.436,-0.125,70.954,-1.207,-0.121,-4.270,-0.758,-0.070,-9.795,0.000,0.000,0.0103675,0.000,7500.000,0.016,1.633,1013.236,15.052,0.115,0.179,-9.816,-0.024,0.411,-0.007,-0.005,-0.016,0.000,0.000,0.000,-0.001,0.694,-0.004,0.720,0.0000000,0.0000000,0.000,0.000,0.000,0.000,0,00:00:00,0,0.000,0.000,0.000,0.000,0.000,0.000,0.000,0.000,0.000,0.000,0.000,0.000,0.000,0.000
18.904,0,0,-1.410,-0.124,60.595,-1.184,-0.123,-12.631,-0.511,-0.087,-9.714,0.000,0.000,0.0103675,0.000,7500.000,0.013,2.030,1013.261,15.050,-0.095,-0.035,-9.725,-0.042,0.236,0.003,0.032,-0.009,0.000,0.000,0.000,-0.001,0.697,-0.004,0.717,0.0000000,0.0000000,0.000,0.000,0.000,0.000,0,00:00:00,0,0.000,0.000,0.000,0.000,0.000,0.000,0.000,0.000,0.000,0.000,0.000,0.000,0.000,0.000
19.005,0,0,-1.385,-0.123,50.910,-1.178,-0.113,-19.889,-0.672,0.036,-10.028,0.000,0.000,0.0103675,0.000,7500.000,0.037,1.619,1013.302,15.052,-0.434,-0.387,-10.044,0.066,0.355,-0.015,0.003,0.012,0.000,0.000,0.000,0.001,0.696,-0.001,0.718,0.0000000,0.0000000,0.000,0.000,0.000,0.000,0,00:00:00,0,0.000,0.000,0.000,0.000,0.000,0.000,0.000,0.000,0.000,0.000,0.000,0.000,0.000,0.000
19.106,0,0,-1.362,-0.122,41.948,-1.175,-0.101,-26.059,-0.689,0.053,-10.027,0.000,0.000,0.0103675,0.000,7500.000,0.059,1.811,1013.302,15.052,-0.434,-0.413,-10.044,0.066,0.355,-0.015,0.003,0.012,0.000,0.000,0.000,0.002,0.695,0.001,0.719,0.0000000,0.0000000,0.000,0.000,0.000,0.000,0,00:00:00,0,0.000,0.000,0.000,0.000,0.000,0.000,0.000,0.000,0.000,0.000,0.000,0.000,0.000,0.000
19.207,0,0,-1.340,-0.119,33.696,-1.159,-0.102,-31.227,-0.554,-0.078,-9.971,0.000,0.000,0.0103675,0.000,7500.000,0.077,1.908,1013.309,15.052,-0.491,-0.476,-9.983,-0.049,0.265,0.016,0.020,0.030,0.000,0.000,0.000,0.001,0.697,-0.001,0.717,0.0000000,0.0000000,0.000,0.000,0.000,0.000,0,00:00:00,0,0.000,0.000,0.000,0.000,0.000,0.000,0.000,0.000,0.000,0.000,0.000,0.000,0.000,0.000
19.308,0,0,-1.320,-0.117,26.203,-1.160,-0.096,-35.427,-0.701,0.005,-9.847,0.000,0.000,0.0103675,0.000,7500.000,0.092,1.657,1013.265,15.050,-0.124,-0.121,-9.864,0.014,0.380,-0.019,0.025,-0.004,0.000,0.000,0.000,0.001,0.696,0.000,0.719,0.0000000,0.0000000,0.000,0.000,0.000,0.000,0,00:00:00,0,0.000,0.000,0.000,0.000,0.000,0.000,0.000,0.000,0.000,0.000,0.000,0.000,0.000,0.000
19.409,0,0,-1.302,-0.115,19.395,-1.163,-0.087,-38.797,-0.718,0.024,-9.845,0.000,0.000,0.0103675,0.000,7500.000,0.104,1.862,1013.265,15.050,-0.124,-0.116,-9.864,0.014,0.380,-0.019,0.025,-0.004,0.000,0.000,0.000,0.000,0.695,0.001,0.719,0.0000000,0.0000000,0.000,0.000,0.000,0.000,0,00:00:00,0,0.000,0.000,0.000,0.000,0.000,0.000,0.000,0.000,0.000,0.000,0.000,0.000,0.000,0.000
19.510,0,0,-1.286,-0.112,13.266,-1.162,-0.086,-41.409,-0.665,-0.045,-9.880,0.000,0.000,0.0103675,0.000,7500.000,0.114,1.964,1013.246,15.049,0.037,0.015,-9.897,-0.044,0.335,0.011,0.015,0.025,0.000,0.000,0.000,-0.000,0.695,-0.000,0.719,0.0000000,0.0000000,0.000,0.000,0.000,0.000,0,00:00:00,0,0.000,0.000,0.000,0.000,0.000,0.000,0.000,0.000,0.000,0.000,0.000,0.000,0.000,0.000
19.611,0,0,-1.271,-0.109,7.776,-1.159,-0.075,-43.343,-0.639,0.048,-9.852,0.000,0.000,0.0103675,0.000,7500.000,0.122,1.910,1013.244,15.050,0.046,0.061,-9.868,0.040,0.322,-0.008,0.017,0.006,0.000,0.000,0.000,0.000,0.696,0.001,0.718,0.0000000,0.0000000,0.000,0.000,0.000,0.000,0,00:00:00,0,0.000,0.000,0.000,0.000,0.000,0.000,0.000,0.000,0.000,0.000,0.000,0.000,0.000,0.000
19.712,0,0,-1.257,-0.105,2.865,-1.144,-0.075,-44.714,-0.512,-0.060,-9.997,0.000,0.000,0.0103675,0.000,7500.000,0.128,1.841,1013.265,15.047,-0.121,-0.096,-10.007,-0.039,0.227,0.030,-0.022,0.024,0.000,0.000,0.000,0.001,0.697,-0.001,0.717,0.0000000,0.0000000,0.000,0.000,0.000,0.000,0,00:00:00,0,0.000,0.000,0.000,0.000,0.000,0.000,0.000,0.000,0.000,0.000,0.000,0.000,0.000,0.000
19.813,0,0,-1.244,-0.103,-1.514,-1.143,-0.094,-45.567,-0.644,-0.238,-9.840,0.000,0.000,0.0103675,0.000,7500.000,0.132,1.634,1013.292,15.051,-0.352,-0.362,-9.856,-0.171,0.333,0.044,-0.013,-0.018,0.000,0.000,0.000,-0.001,0.696,-0.006,0.718,0.0000000,0.0000000,0.000,0.000,0.000,0.000,0,00:00:00,0,0.000,0.000,0.000,0.000,0.000,0.000,0.000,0.000,0.000,0.000,0.000,0.000,0.000,0.000
19.914,0,0,-1.231,-0.102,-5.287,-1.142,-0.094,-45.888,-0.643,-0.050,-9.680,0.000,0.000,0.0103675,0.000,7500.000,0.134,1.822,1013.237,15.050,0.104,0.104,-9.696,0.027,0.339,0.013,0.039,0.004,0.000,0.000,0.000,0.002,0.696,-0.004,0.718,0.0000000,0.0000000,0.000,0.000,0.000,0.000,0,00:00:00,0,0.000,0.000,0.000,0.000,0.000,0.000,0.000,0.000,0.000,0.000,0.000,0.000,0.000,0.000
20.015,0,0,-1.221,-0.101,-8.565,-1.153,-0.104,-45.842,-0.742,-0.152,-9.950,0.000,0.000,0.0103675,0.000,7500.000,0.135,1.799,1013.245,15.048,0.045,0.069,-9.971,-0.088,0.389,-0.016,-0.008,0.002,0.000,0.000,0.000,0.000,0.694,-0.004,0.720,0.0000000,0.0000000,0.000,0.000,0.000,0.000,0,00:00:00,0,0.000,0.000,0.000,0.000,0.000,0.000,0.000,0.000,0.000,0.000,0.000,0.000,0.000,0.000
20.116,0,0,-1.212,-0.101,-11.370,-1.166,-0.094,-45.432,-0.773,0.042,-9.818,0.000,0.000,0.0103675,0.000,7500.000,0.135,2.040,1013.245,15.050,0.045,0.136,-9.840,0.112,0.394,0.010,-0.015,0.005,0.000,0.000,0.000,0.004,0.693,-0.002,0.721,0.0000000,0.0000000,0.000,0.000,0.000,0.000,0,00:00:00,0,0.000,0.000,0.000,0.000,0.000,0.000,0.000,0.000,0.000,0.000,0.000,0.000,0.000,0.000
20.217,0,0,-1.206,-0.100,-13.713,-1.187,-0.083,-44.707,-0.835,0.055,-9.802,0.000,0.000,0.0103675,0.000,7500.000,0.134,2.210,1013.223,15.049,0.226,0.370,-9.828,0.114,0.428,-0.009,-0.009,-0.007,0.000,0.000,0.000,0.005,0.692,0.000,0.722,0.0000000,0.0000000,0.000,0.000,0.000,0.000,0,00:00:00,0,0.000,0.000,0.000,0.000,0.000,0.000,0.000,0.000,0.000,0.000,0.000,0.000,0.000,0.000
20.318,0,0,-1.202,-0.099,-15.654,-1.188,-0.101,-43.750,-0.647,-0.228,-9.944,0.000,0.000,0.0103675,0.000,7500.000,0.132,2.377,1013.218,15.050,0.268,0.449,-9.963,-0.131,0.300,0.032,0.015,-0.019,0.000,0.000,0.000,0.002,0.695,-0.005,0.719,0.0000000,0.0000000,0.000,0.000,0.000,0.000,0,00:00:00,0,0.000,0.000,0.000,0.000,0.000,0.000,0.000,0.000,0.000,0.000,0.000,0.000,0.000,0.000
20.419,0,0,-1.197,-0.100,-17.239,-1.187,-0.122,-42.600,-0.614,-0.262,-9.946,0.000,0.000,0.0103675,0.000,7500.000,0.129,2.007,1013.218,15.050,0.268,0.460,-9.963,-0.131,0.300,0.032,0.015,-0.019,0.000,0.000,0.000,0.001,0.696,-0.008,0.718,0.0000000,0.0000000,0.000,0.000,0.000,0.000,0,00:00:00,0,0.000,0.000,0.000,0.000,0.000,0.000,0.000,0.000,0.000,0.000,0.000,0.000,0.000,0.000
20.520,0,0,-1.196,-0.101,-18.473,-1.233,-0.105,-41.260,-1.088,0.111,-9.806,0.000,0.000,0.0103675,0.000,7500.000,0.125,1.823,1013.192,15.051,0.480,0.663,-9.844,0.211,0.636,-0.023,0.041,-0.005,0.000,0.000,0.000,0.006,0.691,-0.002,0.723,0.0000000,0.0000000,0.000,0.000,0.000,0.000,0,00:00:00,0,0.000,0.000,0.000,0.000,0.000,0.000,0.000,0.000,0.000,0.000,0.000,0.000,0.000,0.000
20.621,0,0,-1.199,-0.100,-19.418,-1.287,-0.086,-39.805,-1.157,0.139,-9.798,0.000,0.000,0.0103675,0.000,7500.000,0.122,2.642,1013.192,15.051,0.480,0.653,-9.844,0.211,0.636,-0.023,0.041,-0.005,0.000,0.000,0.000,0.008,0.688,0.002,0.726,0.0000000,0.0000000,0.000,0.000,0.000,0.000,0,00:00:00,0,0.000,0.000,0.000,0.000,0.000,0.000,0.000,0.000,0.000,0.000,0.000,0.000,0.000,0.000
20.722,0,0,-1.204,-0.099,-20.149,-1.275,-0.091,-38.290,-0.514,-0.099,-9.701,0.000,0.000,0.0103675,0.000,7500.000,0.117,3.052,1013.229,15.051,0.176,0.338,-9.713,-0.006,0.179,0.013,0.027,-0.006,0.000,0.000,0.000,0.006,0.695,-0.001,0.719,0.0000000,0.0000000,0.000,0.000,0.000,0.000,0,00:00:00,0,0.000,0.000,0.000,0.000,0.000,0.000,0.000,0.000,0.000,0.000,0.000,0.000,0.000,0.000
20.823,0,0,-1.207,-0.098,-20.646,-1.267,-0.104,-36.724,-0.555,-0.184,-9.791,0.000,0.000,0.0103675,0.000,7500.000,0.113,1.975,1013.235,15.051,0.124,0.334,-9.805,-0.080,0.266,0.009,0.027,0.001,0.000,0.000,0.000,0.003,0.697,-0.004,0.717,0.0000000,0.0000000,0.000,0.000,0.000,0.000,0,00:00:00,0,0.000,0.000,0.000,0.000,0.000,0.000,0.000,0.000,0.000,0.000,0.000,0.000,0.000,0.000
20.924,0,0,-1.209,-0.098,-20.978,-1.258,-0.098,-35.158,-0.545,0.006,-9.860,0.000,0.000,0.0103675,0.000,7500.000,0.108,1.687,1013.267,15.050,-0.138,0.052,-9.870,0.121,0.260,0.013,-0.018,0.021,0.000,0.000,0.000,0.007,0.697,-0.002,0.717,0.0000000,0.0000000,0.000,0.000,0.000,0.000,0,00:00:00,0,0.000,0.000,0.000,0.000,0.000,0.000,0.000,0.000,0.000,0.000,0.000,0.000,0.000,0.000
21.025,0,0,-1.211,-0.099,-21.094,-1.266,-0.115,-33.547,-0.724,-0.218,-9.830,0.000,0.000,0.0103675,0.000,7500.000,0.104,1.650,1013.232,15.050,0.146,0.288,-9.851,-0.097,0.390,0.005,0.006,0.010,0.000,0.000,0.000,0.004,0.695,-0.005,0.719,0.0000000,0.0000000,0.000,0.000,0.000,0.000,0,00:00:00,0,0.000,0.000,0.000,0.000,0.000,0.000,0.000,0.000,0.000,0.000,0.000,0.000,0.000,0.000
21.126,0,0,-1.214,-0.101,-21.061,-1.278,-0.132,-31.946,-0.748,-0.224,-9.828,0.000,0.000,0.0103675,0.000,7500.000,0.099,1.943,1013.232,15.050,0.146,0.240,-9.851,-0.097,0.390,0.005,0.006,0.010,0.000,0.000,0.000,0.003,0.694,-0.006,0.720,0.0000000,0.0000000,0.000,0.000,0.000,0.000,0,00:00:00,0,0.000,0.000,0.000,0.000,0.000,0.000,0.000,0.000,0.000,0.000,0.000,0.000,0.000,0.000
21.227,0,0,-1.218,-0.105,-20.930,-1.293,-0.153,-30.392,-0.788,-0.263,-9.815,0.000,0.000,0.0103675,0.000,7500.000,0.094,2.090,1013.256,15.049,-0.048,-0.026,-9.841,-0.122,0.411,0.015,0.010,0.044,0.000,0.000,0.000,0.003,0.693,-0.007,0.721,0.0000000,0.0000000,0.000,0.000,0.000,0.000,0,00:00:00,0,0.000,0.000,0.000,0.000,0.000,0.000,0.000,0.000,0.000,0.000,0.000,0.000,0.000,0.000
21.328,0,0,-1.223,-0.109,-20.629,-1.310,-0.167,-28.808,-0.816,-0.194,-9.615,0.000,0.000,0.0103675,0.000,7500.000,0.090,2.212,1013.206,15.047,0.369,0.352,-9.642,-0.045,0.416,0.010,-0.017,-0.009,0.000,0.000,0.000,0.003,0.692,-0.008,0.722,0.0000000,0.0000000,0.000,0.000,0.000,0.000,0,00:00:00,0,0.000,0.000,0.000,0.000,0.000,0.000,0.000,0.000,0.000,0.000,0.000,0.000,0.000,0.000
21.429,0,0,-1.229,-0.114,-20.264,-1.328,-0.167,-27.290,-0.827,-0.058,-9.551,0.000,0.000,0.0103675,0.000,7500.000,0.085,2.391,1013.228,15.049,0.181,0.124,-9.578,0.080,0.404,-0.010,-0.046,-0.029,0.000,0.000,0.000,0.005,0.691,-0.005,0.723,0.0000000,0.0000000,0.000,0.000,0.000,0.000,0,00:00:00,0,0.000,0.000,0.000,0.000,0.000,0.000,0.000,0.000,0.000,0.000,0.000,0.000,0.000,0.000
21.530,0,0,-1.235,-0.120,-19.863,-1.333,-0.179,-25.870,-0.695,-0.180,-9.665,0.000,0.000,0.0103675,0.000,7500.000,0.080,2.534,1013.260,15.051,-0.085,-0.186,-9.687,-0.010,0.311,0.031,-0.032,-0.013,0.000,0.000,0.000,0.006,0.693,-0.007,0.721,0.0000000,0.0000000,0.000,0.000,0.000,0.000,0,00:00:00,0,0.000,0.000,0.000,0.000,0.000,0.000,0.000,0.000,0.000,0.000,0.000,0.000,0.000,0.000
21.631,0,0,-1.242,-0.125,-19.361,-1.340,-0.179,-24.500,-0.723,-0.065,-9.846,0.000,0.000,0.0103675,0.000,7500.000,0.076,2.276,1013.226,15.050,0.202,0.058,-9.866,0.111,0.343,0.004,-0.026,-0.019,0.000,0.000,0.000,0.008,0.693,-0.005,0.721,0.0000000,0.0000000,0.000,0.000,0.000,0.000,0,00:00:00,0,0.000,0.000,0.000,0.000,0.000,0.000,0.000,0.000,0.000,0.000,0.000,0.000,0.000,0.000
21.732,0,0,-1.247,-0.129,-18.811,-1.324,-0.166,-23.186,-0.499,0.057,-9.737,0.000,0.000,0.0103675,0.000,7500.000,0.072,2.208,1013.223,15.052,0.225,0.051,-9.745,0.237,0.198,0.007,-0.032,0.006,0.000,0.000,0.000,0.012,0.696,-0.002,0.718,0.0000000,0.0000000,0.000,0.000,0.000,0.000,0,00:00:00,0,0.000,0.000,0.000,0.000,0.000,0.000,0.000,0.000,0.000,0.000,0.000,0.000,0.000,0.000
21.833,0,0,-1.251,-0.132,-18.284,-1.316,-0.167,-22.005,-0.571,-0.077,-9.898,0.000,0.000,0.0103675,0.000,7500.000,0.068,1.776,1013.268,15.050,-0.152,-0.374,-9.910,0.086,0.274,-0.020,-0.011,0.015,0.000,0.000,0.000,0.010,0.696,-0.002,0.718,0.0000000,0.0000000,0.000,0.000,0.000,0.000,0,00:00:00,0,0.000,0.000,0.000,0.000,0.000,0.000,0.000,0.000,0.000,0.000,0.000,0.000,0.000,0.000
21.934,0,0,-1.253,-0.135,-17.663,-1.295,-0.177,-20.813,-0.457,-0.175,-9.603,0.000,0.000,0.0103675,0.000,7500.000,0.065,1.711,1013.216,15.051,0.281,0.084,-9.613,0.026,0.206,0.044,-0.007,0.013,0.000,0.000,0.000,0.010,0.698,-0.005,0.716,0.0000000,0.0000000,0.000,0.000,0.000,0.000,0,00:00:00,0,0.000,0.000,0.000,0.000,0.000,0.000,0.000,0.000,0.000,0.000,0.000,0.000,0.000,0.000
22.035,0,0,-1.253,-0.139,-17.110,-1.282,-0.188,-19.774,-0.530,-0.181,-9.719,0.000,0.000,0.0103675,0.000,7500.000,0.061,1.488,1013.287,15.049,-0.309,-0.517,-9.731,0.029,0.263,0.005,-0.016,-0.009,0.000,0.000,0.000,0.009,0.697,-0.006,0.717,0.0000000,0.0000000,0.000,0.000,0.000,0.000,0,00:00:00,0,0.000,0.000,0.000,0.000,0.000,0.000,0.000,0.000,0.000,0.000,0.000,0.000,0.000,0.000
22.136,0,0,-1.254,-0.144,-16.548,-1.295,-0.206,-18.799,-0.781,-0.256,-9.632,0.000,0.000,0.0103675,0.000,7500.000,0.058,1.564,1013.290,15.049,-0.330,-0.547,-9.657,-0.007,0.441,0.044,0.026,0.024,0.000,0.000,0.000,0.010,0.694,-0.008,0.719,0.0000000,0.0000000,0.000,0.000,0.000,0.000,0,00:00:00,0,0.000,0.000,0.000,0.000,0.000,0.000,0.000,0.000,0.000,0.000,0.000,0.000,0.000,0.000
22.237,0,0,-1.255,-0.151,-15.977,-1.311,-0.228,-17.889,-0.819,-0.298,-9.628,0.000,0.000,0.0103675,0.000,7500.000,0.055,2.015,1013.290,15.049,-0.330,-0.520,-9.657,-0.007,0.441,0.044,0.026,0.024,0.000,0.000,0.000,0.011,0.693,-0.010,0.721,0.0000000,0.0000000,0.000,0.000,0.000,0.000,0,00:00:00,0,0.000,0.000,0.000,0.000,0.000,0.000,0.000,0.000,0.000,0.000,0.000,0.000,0.000,0.000
22.338,0,0,-1.257,-0.158,-15.374,-1.309,-0.242,-17.048,-0.649,-0.215,-9.863,0.000,0.000,0.0103675,0.000,7500.000,0.053,2.241,1013.260,15.049,-0.084,-0.285,-9.882,0.080,0.306,-0.002,0.008,0.013,0.000,0.000,0.000,0.013,0.695,-0.009,0.719,0.0000000,0.0000000,0.000,0.000,0.000,0.000,0,00:00:00,0,0.000,0.000,0.000,0.000,0.000,0.000,0.000,0.000,0.000,0.000,0.000,0.000,0.000,0.000
22.439,0,0,-1.259,-0.166,-14.782,-1.306,-0.254,-16.277,-0.627,-0.212,-9.865,0.000,0.000,0.0103675,0.000,7500.000,0.050,1.984,1013.260,15.049,-0.084,-0.276,-9.882,0.080,0.306,-0.002,0.008,0.013,0.000,0.000,0.000,0.013,0.695,-0.008,0.718,0.0000000,0.0000000,0.000,0.000,0.000,0.000,0,00:00:00,0,0.000,0.000,0.000,0.000,0.000,0.000,0.000,0.000,0.000,0.000,0.000,0.000,0.000,0.000
22.540,0,0,-1.260,-0.174,-14.155,-1.308,-0.256,-15.539,-0.680,-0.107,-9.867,0.000,0.000,0.0103675,0.000,7500.000,0.048,1.855,1013.223,15.049,0.227,0.092,-9.883,0.211,0.341,0.030,-0.014,0.002,0.000,0.000,0.000,0.017,0.695,-0.007,0.719,0.0000000,0.0000000,0.000,0.000,0.000,0.000,0,00:00:00,0,0.000,0.000,0.000,0.000,0.000,0.000,0.000,0.000,0.000,0.000,0.000,0.000,0.000,0.000
22.641,0,0,-1.262,-0.181,-13.575,-1.318,-0.265,-14.878,-0.768,-0.184,-9.722,0.000,0.000,0.0103675,0.000,7500.000,0.046,1.957,1013.247,15.050,0.025,-0.083,-9.745,0.123,0.390,-0.007,-0.031,-0.005,0.000,0.000,0.000,0.016,0.693,-0.007,0.721,0.0000000,0.0000000,0.000,0.000,0.000,0.000,0,00:00:00,0,0.000,0.000,0.000,0.000,0.000,0.000,0.000,0.000,0.000,0.000,0.000,0.000,0.000,0.000
22.742,0,0,-1.264,-0.190,-12.991,-1.305,-0.295,-14.252,-0.533,-0.393,-9.591,0.000,0.000,0.0103675,0.000,7500.000,0.044,2.211,1013.224,15.051,0.218,0.106,-9.611,-0.105,0.237,-0.021,0.018,-0.000,0.000,0.000,0.000,0.011,0.696,-0.010,0.718,0.0000000,0.0000000,0.000,0.000,0.000,0.000,0,00:00:00,0,0.000,0.000,0.000,0.000,0.000,0.000,0.000,0.000,0.000,0.000,0.000,0.000,0.000,0.000
22.843,0,0,-1.264,-0.200,-12.432,-1.287,-0.322,-13.691,-0.493,-0.374,-9.594,0.000,0.000,0.0103675,0.000,7500.000,0.042,1.761,1013.224,15.051,0.218,0.134,-9.611,-0.105,0.237,-0.021,0.018,-0.000,0.000,0.000,0.000,0.008,0.698,-0.012,0.716,0.0000000,0.0000000,0.000,0.000,0.000,0.000,0,00:00:00,0,0.000,0.000,0.000,0.000,0.000,0.000,0.000,0.000,0.000,0.000,0.000,0.000,0.000,0.000
22.944,0,0,-1.264,-0.212,-11.965,-1.304,-0.339,-13.245,-0.828,-0.285,-9.637,0.000,0.000,0.0103675,0.000,7500.000,0.040,1.535,1013.273,15.050,-0.188,-0.315,-9.665,-0.024,0.468,-0.010,0.006,0.031,0.000,0.000,0.000,0.009,0.694,-0.010,0.720,0.0000000,0.0000000,0.000,0.000,0.000,0.000,0,00:00:00,0,0.000,0.000,0.000,0.000,0.000,0.000,0.000,0.000,0.000,0.000,0.000,0.000,0.000,0.000
