State - Time (s),State - Stage,State - Stage,State - PX (m),State - PY (m),State - PZ (m),State - VX (m/s),State - VY (m/s),State - VZ (m/s),State - AX (m/s/s),State - AY (m/s/s),State - AZ (m/s/s),State - Actuation Angle (deg),State - Acutal Angle (deg),State - CdA,State - Est Apo (m),State - Target Apogee (m),State - Mach Number,State - Tilt [deg],State - Pos - Accel Integrated [m],State - Velo - Accel Integrated [m/s],State - Baro Correction Altitude Delta [m],MockBarometer - Pres (hPa),MockBarometer - Temp (C),MockBarometer - Alt ASL (m),MockBarometer - Alt AGL (m),MockIMU - AccX (m/s^2),MockIMU - AccY (m/s^2),MockIMU - AccZ (m/s^2),MockIMU - GyroX (rad/s),MockIMU - GyroY (rad/s),MockIMU - GyroZ (rad/s),MockIMU - MagX (uT),MockIMU - MagY (uT),MockIMU - MagZ (uT),MockIMU - OriX,MockIMU - OriY,MockIMU - OriZ,MockIMU - OriW,MockGPS - Lat,MockGPS - Lon,MockGPS - Alt (m),MockGPS - Disp X (m),MockGPS - Disp Y (m),MockGPS - Disp Z (m),MockGPS - Fix Quality,MockGPS - Time of Day,E5 - Rel Steps,MockBR - Battery Voltage (V),MockBR - ALT (m),MockBR - PRES (Pa),MockBR - TEMP (C),MockBR - VEL (m/s),MockBR - ANG (deg),MockBR - ACCX (m/s^2),MockBR - ACCY (m/s^2),MockBR - ACCZ (m/s^2),MockBR - GYROX (rad/s),MockBR - GYROY (rad/s),MockBR - GYROZ (rad/s),MockBR - ROLL (deg),MockBR - TILT (deg)
15.414,0,0,769.144,13.566,885.074,99.798,1.760,114.840,6.475,0.114,7.450,0.000,0.000,0.0116870,0.000,9144.000,0.000,4.000,0.000,0.000,0.000,911.484,9.255,883.450,0.000,9.784,0.104,1.306,0.018,-0.071,0.073,0.000,0.000,0.000,0.006,-0.353,0.004,0.935,0.0000000,0.0000000,0.000,0.000,0.000,0.000,0,00:00:00,-1194,0.000,0.000,91149.047,9.256,0.000,0.000,1.080,-9.763,0.024,0.011,0.000,0.009,0.000,0.000
15.515,0,0,0.221,0.004,0.051,-0.936,-0.013,-0.569,3.422,0.097,9.258,0.000,0.000,0.0116870,0.000,9144.000,0.000,48.598,0.000,0.000,0.000,911.484,9.255,883.450,0.000,9.784,0.104,1.306,0.018,-0.071,0.073,0.000,0.000,0.000,0.009,-0.516,0.006,0.857,0.0000000,0.0000000,0.000,0.000,0.000,0.000,0,00:00:00,-1194,0.000,0.000,91149.047,9.256,0.000,0.000,1.080,-9.763,0.024,0.011,0.000,0.009,0.000,0.000
15.616,0,0,0.067,0.001,0.111,-0.745,-0.020,0.414,1.975,-0.070,9.647,0.000,0.000,0.0116870,0.000,9144.000,0.000,27.897,0.000,0.000,0.000,911.455,9.253,883.716,0.177,9.805,-0.090,0.906,0.149,0.086,-0.038,0.000,0.000,0.000,0.012,-0.596,0.012,0.803,0.0000000,0.0000000,0.000,0.000,0.000,0.000,0,00:00:00,-1194,0.000,0.000,91149.898,9.256,0.000,0.000,0.987,-9.795,0.009,-0.005,0.002,-0.016,0.000,0.000
15.717,0,0,-0.002,-0.000,0.018,-0.653,-0.014,1.370,0.911,0.064,9.709,0.000,0.000,0.0116870,0.000,9144.000,0.000,16.831,0.000,0.000,0.000,911.524,9.258,883.090,-0.337,9.700,0.083,1.006,-0.079,-0.031,0.021,0.000,0.000,0.000,0.010,-0.634,0.009,0.773,0.0000000,0.0000000,0.000,0.000,0.000,0.000,0,00:00:00,-1194,0.000,0.000,91150.320,9.256,0.000,0.000,1.020,-9.728,-0.043,0.009,0.017,-0.013,0.000,0.000
15.818,0,0,-0.049,-0.001,0.162,-0.603,-0.002,2.363,0.471,0.118,9.890,0.000,0.000,0.0116870,0.000,9144.000,0.000,11.290,0.000,0.000,0.000,911.482,9.255,883.470,0.035,9.841,0.121,1.088,-0.046,0.088,0.130,0.000,0.000,0.000,0.009,-0.649,0.009,0.761,0.0000000,0.0000000,0.000,0.000,0.000,0.000,0,00:00:00,-1194,0.000,0.000,91151.891,9.257,0.000,0.000,1.007,-9.742,0.077,-0.007,-0.013,0.005,0.000,0.000
15.919,0,0,-0.086,-0.001,0.395,-0.576,0.001,3.349,0.244,0.022,9.847,0.000,0.000,0.0116870,0.000,9144.000,0.000,9.051,0.000,0.000,0.000,911.461,9.254,883.659,0.187,9.813,-0.020,0.856,-0.007,-0.213,0.068,0.000,0.000,0.000,0.007,-0.666,0.010,0.745,0.0000000,0.0000000,0.000,0.000,0.000,0.000,0,00:00:00,-1194,0.000,0.000,91151.547,9.257,0.000,0.000,1.046,-9.702,-0.090,0.013,0.005,-0.002,0.000,0.000
16.020,0,0,-0.118,-0.001,0.685,-0.569,-0.001,4.334,0.038,-0.019,9.928,0.000,0.000,0.0116870,0.000,9144.000,0.000,6.410,0.000,0.000,0.000,911.452,9.253,883.742,0.231,9.868,-0.178,1.080,0.103,0.045,0.116,0.000,0.000,0.000,0.006,-0.666,0.019,0.746,0.0000000,0.0000000,0.000,0.000,0.000,0.000,0,00:00:00,-1194,0.000,0.000,91146.625,9.254,0.000,0.000,1.027,-9.699,0.030,0.008,-0.013,0.005,0.000,0.000
16.121,0,0,-0.148,-0.000,1.014,-0.553,0.008,5.289,0.114,0.096,9.771,0.000,0.000,0.0116870,0.000,9144.000,0.000,6.460,0.000,0.000,0.000,911.457,9.254,883.698,0.164,9.719,0.101,1.014,-0.024,0.152,-0.078,0.000,0.000,0.000,0.011,-0.665,0.012,0.747,0.0000000,0.0000000,0.000,0.000,0.000,0.000,0,00:00:00,-1194,0.000,0.000,91156.516,9.260,0.000,0.000,1.042,-9.725,0.049,0.015,-0.001,-0.004,0.000,0.000
16.222,0,0,-0.176,0.000,1.379,-0.551,-0.002,6.221,-0.020,-0.102,9.767,0.000,0.000,0.0116870,0.000,9144.000,0.000,6.642,0.000,0.000,0.000,911.469,9.254,883.586,0.046,9.710,-0.183,1.046,0.039,-0.134,-0.006,0.000,0.000,0.000,0.009,-0.669,0.016,0.743,0.0000000,0.0000000,0.000,0.000,0.000,0.000,0,00:00:00,-1194,0.000,0.000,91148.875,9.255,0.000,0.000,1.108,-9.644,0.048,0.010,-0.016,-0.008,0.000,0.000
16.323,0,0,-0.203,0.000,1.786,-0.557,-0.000,7.134,-0.099,0.018,9.842,0.000,0.000,0.0116870,0.000,9144.000,0.000,6.014,0.000,0.000,0.000,911.478,9.255,883.505,-0.032,9.787,-0.001,1.041,-0.029,-0.189,-0.044,0.000,0.000,0.000,0.010,-0.672,0.013,0.740,0.0000000,0.0000000,0.000,0.000,0.000,0.000,0,00:00:00,-1194,0.000,0.000,91140.398,9.250,0.000,0.000,1.111,-9.739,-0.001,0.001,-0.006,-0.000,0.000,0.000
16.424,0,0,-0.230,-0.000,2.245,-0.553,-0.005,8.007,-0.018,-0.054,9.740,0.000,0.000,0.0116870,0.000,9144.000,0.000,5.501,0.000,0.000,0.000,911.475,9.255,883.535,-0.002,9.694,-0.108,0.948,0.082,-0.026,-0.012,0.000,0.000,0.000,0.012,-0.672,0.017,0.740,0.0000000,0.0000000,0.000,0.000,0.000,0.000,0,00:00:00,-1194,0.000,0.000,91152.211,9.257,0.000,0.000,1.075,-9.761,-0.086,0.018,-0.004,-0.016,0.000,0.000
16.525,0,0,-0.256,-0.000,2.712,-0.553,-0.001,8.840,-0.050,0.046,9.873,0.000,0.000,0.0116870,0.000,9144.000,0.000,5.468,0.000,0.000,0.000,911.504,9.256,883.269,-0.268,9.806,0.023,1.150,-0.171,0.116,-0.001,0.000,0.000,0.000,0.007,-0.666,0.010,0.745,0.0000000,0.0000000,0.000,0.000,0.000,0.000,0,00:00:00,-1194,0.000,0.000,91141.219,9.251,0.000,0.000,1.050,-9.708,-0.015,-0.002,0.009,0.001,0.000,0.000
16.626,0,0,-0.281,-0.000,3.243,-0.542,0.005,9.624,0.045,0.055,9.722,0.000,0.000,0.0116870,0.000,9144.000,0.000,6.408,0.000,0.000,0.000,911.473,9.255,883.554,0.018,9.661,0.099,1.084,0.013,0.095,-0.014,0.000,0.000,0.000,0.010,-0.665,0.008,0.747,0.0000000,0.0000000,0.000,0.000,0.000,0.000,0,00:00:00,-1194,0.000,0.000,91153.156,9.258,0.000,0.000,1.164,-9.750,0.023,0.020,0.007,-0.015,0.000,0.000
16.727,0,0,-0.304,0.000,3.792,-0.528,0.007,10.350,0.069,0.021,9.722,0.000,0.000,0.0116870,0.000,9144.000,0.000,6.678,0.000,0.000,0.000,911.473,9.255,883.554,0.018,9.661,0.099,1.084,0.013,0.095,-0.014,0.000,0.000,0.000,0.012,-0.664,0.007,0.748,0.0000000,0.0000000,0.000,0.000,0.000,0.000,0,00:00:00,-1194,0.000,0.000,91153.156,9.258,0.000,0.000,1.164,-9.750,0.023,0.020,0.007,-0.015,0.000,0.000
16.828,0,0,-0.325,0.001,4.335,-0.510,0.006,11.007,0.100,-0.006,9.781,0.000,0.000,0.0116870,0.000,9144.000,0.000,6.812,0.000,0.000,0.000,911.483,9.255,883.456,-0.080,9.727,-0.039,1.036,-0.057,0.076,0.100,0.000,0.000,0.000,0.006,-0.665,0.009,0.747,0.0000000,0.0000000,0.000,0.000,0.000,0.000,0,00:00:00,-1194,0.000,0.000,91138.227,9.249,0.000,0.000,1.042,-9.788,0.060,0.005,-0.012,0.019,0.000,0.000
16.929,0,0,-0.344,0.002,4.867,-0.497,0.013,11.598,0.042,0.070,9.902,0.000,0.000,0.0116870,0.000,9144.000,0.000,6.665,0.000,0.000,0.000,911.489,9.255,883.407,-0.130,9.855,-0.040,0.966,-0.125,-0.098,0.136,0.000,0.000,0.000,-0.000,-0.670,0.008,0.742,0.0000000,0.0000000,0.000,0.000,0.000,0.000,0,00:00:00,-1194,0.000,0.000,91149.641,9.256,0.000,0.000,1.024,-9.798,-0.040,-0.002,0.010,0.007,0.000,0.000
17.030,0,0,-0.362,0.003,5.378,-0.502,0.015,12.115,-0.135,0.016,9.998,0.000,0.000,0.0116870,0.000,9144.000,0.000,5.848,0.000,0.000,0.000,911.493,9.256,883.365,-0.172,9.939,-0.078,1.096,-0.023,-0.191,0.000,0.000,0.000,0.000,-0.000,-0.672,0.007,0.740,0.0000000,0.0000000,0.000,0.000,0.000,0.000,0,00:00:00,-1194,0.000,0.000,91141.773,9.251,0.000,0.000,0.978,-9.736,0.089,-0.010,-0.022,0.022,0.000,0.000
17.131,0,0,-0.380,0.004,5.896,-0.493,0.023,12.580,-0.020,0.078,10.043,0.000,0.000,0.0116870,0.000,9144.000,0.000,5.522,0.000,0.000,0.000,911.460,9.254,883.668,0.131,10.005,0.032,0.878,0.094,-0.126,0.037,0.000,0.000,0.000,0.005,-0.676,0.009,0.737,0.0000000,0.0000000,0.000,0.000,0.000,0.000,0,00:00:00,-1194,0.000,0.000,91150.438,9.256,0.000,0.000,1.004,-9.714,-0.006,-0.012,-0.002,-0.010,0.000,0.000
17.232,0,0,-0.395,0.007,6.376,-0.484,0.031,12.939,-0.024,0.081,9.812,0.000,0.000,0.0116870,0.000,9144.000,0.000,4.910,0.000,0.000,0.000,911.460,9.254,883.667,0.130,9.769,0.133,0.908,0.030,0.024,-0.013,0.000,0.000,0.000,0.009,-0.674,0.006,0.738,0.0000000,0.0000000,0.000,0.000,0.000,0.000,0,00:00:00,-1194,0.000,0.000,91136.688,9.248,0.000,0.000,1.093,-9.680,-0.034,-0.002,-0.004,0.004,0.000,0.000
17.333,0,0,-0.409,0.009,6.808,-0.471,0.034,13.218,-0.000,0.033,9.812,0.000,0.000,0.0116870,0.000,9144.000,0.000,5.178,0.000,0.000,0.000,911.460,9.254,883.667,0.130,9.769,0.133,0.908,0.030,0.024,-0.013,0.000,0.000,0.000,0.012,-0.673,0.006,0.739,0.0000000,0.0000000,0.000,0.000,0.000,0.000,0,00:00:00,-1194,0.000,0.000,91136.688,9.248,0.000,0.000,1.093,-9.680,-0.034,-0.002,-0.004,0.004,0.000,0.000
17.434,0,0,-0.420,0.012,7.188,-0.456,0.034,13.422,0.012,0.009,9.812,0.000,0.000,0.0116870,0.000,9144.000,0.000,5.311,0.000,0.000,0.000,911.460,9.254,883.667,0.121,9.769,0.133,0.908,0.030,0.024,-0.013,0.000,0.000,0.000,0.014,-0.673,0.006,0.739,0.0000000,0.0000000,0.000,0.000,0.000,0.000,0,00:00:00,-1194,0.000,0.000,91136.688,9.248,0.000,0.000,1.093,-9.680,-0.034,-0.002,-0.004,0.004,0.000,0.000
17.535,0,0,-0.430,0.013,7.486,-0.449,0.016,13.557,-0.082,-0.174,10.003,0.000,0.000,0.0116870,0.000,9144.000,0.000,5.377,0.000,0.000,0.000,911.487,9.255,883.423,-0.104,9.943,-0.073,1.108,-0.106,-0.000,-0.156,0.000,0.000,0.000,0.009,-0.670,0.002,0.742,0.0000000,0.0000000,0.000,0.000,0.000,0.000,0,00:00:00,-1194,0.000,0.000,91145.523,9.254,0.000,0.000,1.068,-9.791,0.022,-0.016,-0.019,0.003,0.000,0.000
17.636,0,0,-0.439,0.013,7.762,-0.441,0.006,13.650,-0.078,-0.097,9.911,0.000,0.000,0.0116870,0.000,9144.000,0.000,5.873,0.000,0.000,0.000,911.465,9.254,883.624,0.113,9.841,-0.136,1.175,-0.008,0.003,0.042,0.000,0.000,0.000,0.004,-0.667,0.007,0.745,0.0000000,0.0000000,0.000,0.000,0.000,0.000,0,00:00:00,-1194,0.000,0.000,91145.930,9.254,0.000,0.000,0.971,-9.783,-0.071,0.006,-0.004,-0.015,0.000,0.000
17.737,0,0,-0.445,0.013,7.975,-0.418,0.008,13.683,0.051,0.022,9.895,0.000,0.000,0.0116870,0.000,9144.000,0.000,6.350,0.000,0.000,0.000,911.471,9.254,883.567,0.010,9.840,0.187,1.030,-0.070,0.036,-0.195,0.000,0.000,0.000,0.008,-0.667,-0.003,0.745,0.0000000,0.0000000,0.000,0.000,0.000,0.000,0,00:00:00,-1194,0.000,0.000,91139.484,9.250,0.000,0.000,1.107,-9.697,-0.008,-0.003,-0.009,0.002,0.000,0.000
17.838,0,0,-0.448,0.012,8.143,-0.396,-0.001,13.680,0.044,-0.081,9.895,0.000,0.000,0.0116870,0.000,9144.000,0.000,6.266,0.000,0.000,0.000,911.471,9.254,883.567,0.011,9.840,0.187,1.030,-0.070,0.036,-0.195,0.000,0.000,0.000,0.009,-0.668,-0.010,0.744,0.0000000,0.0000000,0.000,0.000,0.000,0.000,0,00:00:00,-1194,0.000,0.000,91139.484,9.250,0.000,0.000,1.107,-9.697,-0.008,-0.003,-0.009,0.002,0.000,0.000
17.939,0,0,-0.448,0.010,8.247,-0.373,-0.013,13.601,0.044,-0.111,9.588,0.000,0.000,0.0116870,0.000,9144.000,0.000,6.229,0.000,0.000,0.000,911.492,9.256,883.379,-0.151,9.539,-0.077,0.966,0.069,0.013,0.127,0.000,0.000,0.000,0.003,-0.669,0.001,0.743,0.0000000,0.0000000,0.000,0.000,0.000,0.000,0,00:00:00,-1194,0.000,0.000,91149.734,9.256,0.000,0.000,1.064,-9.707,-0.019,-0.007,0.005,0.002,0.000,0.000
18.040,0,0,-0.446,0.009,8.304,-0.356,-0.007,13.511,-0.026,0.057,9.736,0.000,0.000,0.0116870,0.000,9144.000,0.000,6.038,0.000,0.000,0.000,911.506,9.256,883.254,-0.239,9.669,0.054,1.135,-0.000,0.062,0.098,0.000,0.000,0.000,0.002,-0.666,0.002,0.746,0.0000000,0.0000000,0.000,0.000,0.000,0.000,0,00:00:00,-1194,0.000,0.000,91139.477,9.250,0.000,0.000,1.092,-9.690,-0.025,-0.003,-0.017,-0.017,0.000,0.000
18.141,0,0,-0.441,0.007,8.355,-0.321,-0.005,13.434,0.148,0.030,9.779,0.000,0.000,0.0116870,0.000,9144.000,0.000,6.544,0.000,0.000,0.000,911.490,9.256,883.401,-0.089,9.741,-0.066,0.877,0.008,0.060,0.125,0.000,0.000,0.000,-0.001,-0.669,0.006,0.743,0.0000000,0.0000000,0.000,0.000,0.000,0.000,0,00:00:00,-1194,0.000,0.000,91145.320,9.253,0.000,0.000,1.034,-9.764,-0.022,0.017,-0.010,0.001,0.000,0.000
18.242,0,0,-0.435,0.007,8.386,-0.315,0.008,13.375,-0.139,0.131,9.998,0.000,0.000,0.0116870,0.000,9144.000,0.000,6.015,0.000,0.000,0.000,911.486,9.255,883.430,-0.068,9.936,0.164,1.115,-0.117,-0.210,-0.010,0.000,0.000,0.000,0.000,-0.672,-0.002,0.741,0.0000000,0.0000000,0.000,0.000,0.000,0.000,0,00:00:00,-1194,0.000,0.000,91138.305,9.249,0.000,0.000,0.933,-9.756,0.000,0.001,0.014,-0.001,0.000,0.000
18.343,0,0,-0.427,0.008,8.373,-0.301,0.017,13.276,-0.068,0.087,9.824,0.000,0.000,0.0116870,0.000,9144.000,0.000,5.605,0.000,0.000,0.000,911.506,9.257,883.251,-0.264,9.760,0.168,1.111,0.035,0.016,0.042,0.000,0.000,0.000,0.003,-0.669,-0.003,0.744,0.0000000,0.0000000,0.000,0.000,0.000,0.000,0,00:00:00,-1194,0.000,0.000,91152.578,9.258,0.000,0.000,1.033,-9.732,-0.014,-0.023,-0.016,0.021,0.000,0.000
18.444,0,0,-0.417,0.008,8.333,-0.262,0.014,13.201,0.182,-0.023,10.153,0.000,0.000,0.0116870,0.000,9144.000,0.000,6.093,0.000,0.000,0.000,911.518,9.257,883.142,-0.386,10.120,0.010,0.840,0.005,0.124,0.026,0.000,0.000,0.000,0.002,-0.671,-0.001,0.742,0.0000000,0.0000000,0.000,0.000,0.000,0.000,0,00:00:00,-1194,0.000,0.000,91143.016,9.252,0.000,0.000,0.966,-9.723,-0.027,-0.001,-0.003,-0.009,0.000,0.000
18.545,0,0,-0.405,0.008,8.389,-0.251,0.003,13.179,-0.089,-0.103,9.816,0.000,0.000,0.0116870,0.000,9144.000,0.000,5.774,0.000,0.000,0.000,911.437,9.252,883.876,0.333,9.758,-0.293,1.027,0.007,-0.141,0.123,0.000,0.000,0.000,-0.006,-0.672,0.008,0.740,0.0000000,0.0000000,0.000,0.000,0.000,0.000,0,00:00:00,-1194,0.000,0.000,91157.141,9.260,0.000,0.000,0.977,-9.709,-0.053,-0.013,-0.012,-0.004,0.000,0.000
18.646,0,0,-0.393,0.008,8.399,-0.241,0.012,13.134,-0.096,0.095,9.871,0.000,0.000,0.0116870,0.000,9144.000,0.000,5.487,0.000,0.000,0.000,911.463,9.254,883.638,0.088,9.817,0.057,1.035,-0.017,-0.102,-0.061,0.000,0.000,0.000,-0.001,-0.673,0.002,0.740,0.0000000,0.0000000,0.000,0.000,0.000,0.000,0,00:00:00,-1194,0.000,0.000,91145.602,9.254,0.000,0.000,1.031,-9.787,-0.058,-0.019,-0.010,0.008,0.000,0.000
18.747,0,0,-0.380,0.009,8.360,-0.220,0.009,13.050,0.012,-0.030,9.779,0.000,0.000,0.0116870,0.000,9144.000,0.000,5.459,0.000,0.000,0.000,911.496,9.256,883.340,-0.211,9.735,-0.068,0.919,-0.068,0.014,-0.037,0.000,0.000,0.000,-0.003,-0.673,-0.001,0.740,0.0000000,0.0000000,0.000,0.000,0.000,0.000,0,00:00:00,-1194,0.000,0.000,91140.336,9.250,0.000,0.000,1.067,-9.797,0.078,0.004,0.011,-0.003,0.000,0.000
18.848,0,0,-0.366,0.008,8.379,-0.224,-0.006,13.046,-0.230,-0.145,10.051,0.000,0.000,0.0116870,0.000,9144.000,0.000,5.467,0.000,0.000,0.000,911.450,9.253,883.757,0.195,9.965,-0.291,1.307,0.002,-0.107,-0.041,0.000,0.000,0.000,-0.007,-0.668,0.003,0.744,0.0000000,0.0000000,0.000,0.000,0.000,0.000,0,00:00:00,-1194,0.000,0.000,91138.586,9.249,0.000,0.000,1.152,-9.698,0.056,0.010,0.001,0.003,0.000,0.000
18.949,0,0,-0.353,0.007,8.352,-0.198,0.000,12.990,0.068,0.069,9.828,0.000,0.000,0.0116870,0.000,9144.000,0.000,6.160,0.000,0.000,0.000,911.483,9.255,883.459,-0.100,9.769,0.085,1.070,0.004,0.153,-0.090,0.000,0.000,0.000,-0.002,-0.665,-0.003,0.747,0.0000000,0.0000000,0.000,0.000,0.000,0.000,0,00:00:00,-1194,0.000,0.000,91160.859,9.263,0.000,0.000,1.019,-9.796,0.042,-0.003,0.009,-0.018,0.000,0.000
19.050,0,0,-0.338,0.006,8.327,-0.169,-0.001,12.943,0.109,-0.010,9.827,0.000,0.000,0.0116870,0.000,9144.000,0.000,6.642,0.000,0.000,0.000,911.483,9.255,883.459,-0.089,9.769,0.085,1.070,0.004,0.153,-0.090,0.000,0.000,0.000,0.001,-0.663,-0.006,0.748,0.0000000,0.0000000,0.000,0.000,0.000,0.000,0,00:00:00,-1194,0.000,0.000,91160.859,9.263,0.000,0.000,1.019,-9.796,0.042,-0.003,0.009,-0.018,0.000,0.000
19.151,0,0,-0.321,0.006,8.296,-0.137,0.001,12.908,0.144,0.025,9.956,0.000,0.000,0.0116870,0.000,9144.000,0.000,6.883,0.000,0.000,0.000,911.492,9.256,883.381,-0.140,9.903,0.019,1.035,-0.269,0.125,0.103,0.000,0.000,0.000,-0.011,-0.664,-0.012,0.748,0.0000000,0.0000000,0.000,0.000,0.000,0.000,0,00:00:00,-1194,0.000,0.000,91142.273,9.252,0.000,0.000,0.984,-9.713,-0.087,-0.002,-0.014,-0.003,0.000,0.000
19.252,0,0,-0.303,0.005,8.255,-0.112,-0.004,12.852,0.092,-0.047,9.764,0.000,0.000,0.0116870,0.000,9144.000,0.000,6.785,0.000,0.000,0.000,911.504,9.256,883.269,-0.229,9.710,0.009,1.031,0.178,0.064,-0.091,0.000,0.000,0.000,-0.003,-0.665,-0.008,0.747,0.0000000,0.0000000,0.000,0.000,0.000,0.000,0,00:00:00,-1194,0.000,0.000,91159.055,9.261,0.000,0.000,0.994,-9.746,0.011,-0.007,-0.017,0.004,0.000,0.000
19.353,0,0,-0.285,0.004,8.249,-0.098,-0.001,12.831,-0.017,0.030,9.800,0.000,0.000,0.0116870,0.000,9144.000,0.000,6.603,0.000,0.000,0.000,911.483,9.255,883.464,0.008,9.738,0.104,1.090,0.017,-0.073,0.013,0.000,0.000,0.000,-0.002,-0.667,-0.008,0.745,0.0000000,0.0000000,0.000,0.000,0.000,0.000,0,00:00:00,-1194,0.000,0.000,91156.367,9.260,0.000,0.000,0.967,-9.714,-0.022,-0.010,0.003,-0.009,0.000,0.000
19.454,0,0,-0.266,0.004,8.284,-0.072,0.003,12.839,0.112,0.045,9.758,0.000,0.000,0.0116870,0.000,9144.000,0.000,6.286,0.000,0.000,0.000,911.457,9.254,883.694,0.291,9.714,0.053,0.929,0.071,0.087,0.124,0.000,0.000,0.000,-0.002,-0.668,-0.002,0.744,0.0000000,0.0000000,0.000,0.000,0.000,0.000,0,00:00:00,-1194,0.000,0.000,91151.156,9.257,0.000,0.000,0.996,-9.737,0.038,-0.004,0.011,0.005,0.000,0.000
19.555,0,0,-0.247,0.004,8.309,-0.048,0.011,12.839,0.098,0.080,9.758,0.000,0.000,0.0116870,0.000,9144.000,0.000,6.123,0.000,0.000,0.000,911.457,9.254,883.694,0.245,9.714,0.053,0.929,0.071,0.087,0.124,0.000,0.000,0.000,-0.000,-0.669,0.002,0.743,0.0000000,0.0000000,0.000,0.000,0.000,0.000,0,00:00:00,-1194,0.000,0.000,91151.156,9.257,0.000,0.000,0.996,-9.737,0.038,-0.004,0.011,0.005,0.000,0.000
19.656,0,0,-0.228,0.005,8.319,-0.045,0.020,12.827,-0.092,0.086,9.748,0.000,0.000,0.0116870,0.000,9144.000,0.000,6.043,0.000,0.000,0.000,911.468,9.254,883.596,0.146,9.685,0.008,1.119,0.014,-0.093,0.146,0.000,0.000,0.000,-0.001,-0.669,0.005,0.743,0.0000000,0.0000000,0.000,0.000,0.000,0.000,0,00:00:00,-1194,0.000,0.000,91142.125,9.252,0.000,0.000,1.012,-9.723,-0.065,0.000,-0.005,0.002,0.000,0.000
19.757,0,0,-0.210,0.007,8.331,-0.035,0.016,12.813,-0.014,-0.026,9.687,0.000,0.000,0.0116870,0.000,9144.000,0.000,6.052,0.000,0.000,0.000,911.467,9.254,883.609,0.181,9.632,-0.058,1.030,-0.066,-0.021,-0.083,0.000,0.000,0.000,-0.002,-0.669,0.000,0.743,0.0000000,0.0000000,0.000,0.000,0.000,0.000,0,00:00:00,-1194,0.000,0.000,91138.609,9.249,0.000,0.000,0.994,-9.801,0.024,-0.011,0.011,0.006,0.000,0.000
19.858,0,0,-0.193,0.008,8.342,-0.026,0.019,12.798,-0.013,0.033,9.683,0.000,0.000,0.0116870,0.000,9144.000,0.000,6.016,0.000,0.000,0.000,911.464,9.254,883.635,0.188,9.629,-0.034,1.027,0.244,-0.014,0.098,0.000,0.000,0.000,0.005,-0.669,0.011,0.743,0.0000000,0.0000000,0.000,0.000,0.000,0.000,0,00:00:00,-1194,0.000,0.000,91138.359,9.249,0.000,0.000,1.016,-9.837,0.074,-0.007,0.005,0.002,0.000,0.000
19.959,0,0,-0.177,0.009,8.311,-0.018,0.033,12.763,-0.020,0.137,9.790,0.000,0.000,0.0116870,0.000,9144.000,0.000,6.019,0.000,0.000,0.000,911.496,9.256,883.345,-0.110,9.740,0.022,0.996,-0.018,-0.066,0.188,0.000,0.000,0.000,0.004,-0.671,0.013,0.742,0.0000000,0.0000000,0.000,0.000,0.000,0.000,0,00:00:00,-1194,0.000,0.000,91146.008,9.254,0.000,0.000,1.041,-9.754,0.025,0.013,0.008,0.007,0.000,0.000
20.060,0,0,-0.162,0.011,8.294,-0.015,0.022,12.740,-0.059,-0.102,9.778,0.000,0.000,0.0116870,0.000,9144.000,0.000,5.741,0.000,0.000,0.000,911.483,9.255,883.462,-0.013,9.723,-0.242,1.022,0.135,-0.085,-0.062,0.000,0.000,0.000,0.007,-0.671,0.018,0.741,0.0000000,0.0000000,0.000,0.000,0.000,0.000,0,00:00:00,-1195,0.000,0.000,91150.125,9.256,0.000,0.000,1.032,-9.730,-0.007,-0.007,-0.000,0.007,0.000,0.000
20.161,0,0,-0.148,0.012,8.315,-0.007,0.036,12.758,0.002,0.143,9.891,0.000,0.000,0.0116870,0.000,9144.000,0.000,5.630,0.000,0.000,0.000,911.455,9.253,883.718,0.244,9.852,0.048,0.891,0.030,-0.064,0.097,0.000,0.000,0.000,0.010,-0.674,0.018,0.738,0.0000000,0.0000000,0.000,0.000,0.000,0.000,0,00:00:00,-1195,0.000,0.000,91147.492,9.255,0.000,0.000,1.059,-9.712,0.015,0.007,-0.004,0.009,0.000,0.000
20.262,0,0,-0.135,0.015,8.348,-0.019,0.056,12.761,-0.188,0.215,9.667,0.000,0.000,0.0116870,0.000,9144.000,0.000,5.218,0.000,0.000,0.000,911.446,9.253,883.799,0.342,9.612,0.194,1.052,-0.177,-0.197,0.145,0.000,0.000,0.000,0.007,-0.675,0.010,0.738,0.0000000,0.0000000,0.000,0.000,0.000,0.000,0,00:00:00,-1195,0.000,0.000,91134.930,9.247,0.000,0.000,1.030,-9.728,-0.045,0.000,-0.001,-0.004,0.000,0.000
20.363,0,0,-0.124,0.020,8.374,-0.031,0.074,12.758,-0.189,0.185,9.668,0.000,0.000,0.0116870,0.000,9144.000,0.000,5.160,0.000,0.000,0.000,911.446,9.253,883.799,0.320,9.612,0.194,1.052,-0.177,-0.197,0.145,0.000,0.000,0.000,0.003,-0.675,0.003,0.738,0.0000000,0.0000000,0.000,0.000,0.000,0.000,0,00:00:00,-1195,0.000,0.000,91134.930,9.247,0.000,0.000,1.030,-9.728,-0.045,0.000,-0.001,-0.004,0.000,0.000
20.464,0,0,-0.116,0.025,8.366,-0.047,0.078,12.752,-0.222,0.056,9.881,0.000,0.000,0.0116870,0.000,9144.000,0.000,5.134,0.000,0.000,0.000,911.464,9.254,883.634,0.100,9.814,0.033,1.166,-0.131,-0.164,0.077,0.000,0.000,0.000,-0.002,-0.672,-0.001,0.740,0.0000000,0.0000000,0.000,0.000,0.000,0.000,0,00:00:00,-1195,0.000,0.000,91144.508,9.253,0.000,0.000,1.045,-9.675,-0.019,-0.012,0.014,-0.015,0.000,0.000
20.565,0,0,-0.110,0.030,8.361,-0.061,0.084,12.747,-0.192,0.074,9.881,0.000,0.000,0.0116870,0.000,9144.000,0.000,5.483,0.000,0.000,0.000,911.464,9.254,883.634,0.118,9.814,0.033,1.166,-0.131,-0.164,0.077,0.000,0.000,0.000,-0.007,-0.671,-0.005,0.741,0.0000000,0.0000000,0.000,0.000,0.000,0.000,0,00:00:00,-1195,0.000,0.000,91144.508,9.253,0.000,0.000,1.045,-9.675,-0.019,-0.012,0.014,-0.015,0.000,0.000
20.666,0,0,-0.105,0.035,8.423,-0.047,0.080,12.789,0.077,-0.024,9.841,0.000,0.000,0.0116870,0.000,9144.000,0.000,5.656,0.000,0.000,0.000,911.412,9.251,884.104,0.592,9.794,-0.131,0.956,-0.067,0.144,0.041,0.000,0.000,0.000,-0.012,-0.669,-0.005,0.743,0.0000000,0.0000000,0.000,0.000,0.000,0.000,0,00:00:00,-1195,0.000,0.000,91141.320,9.251,0.000,0.000,0.984,-9.751,-0.029,-0.011,-0.001,0.011,0.000,0.000
20.767,0,0,-0.099,0.039,8.366,-0.045,0.082,12.735,-0.032,0.039,9.802,0.000,0.000,0.0116870,0.000,9144.000,0.000,6.028,0.000,0.000,0.000,911.499,9.256,883.316,-0.223,9.747,0.064,1.041,0.143,-0.056,-0.081,0.000,0.000,0.000,-0.002,-0.670,-0.004,0.743,0.0000000,0.0000000,0.000,0.000,0.000,0.000,0,00:00:00,-1195,0.000,0.000,91145.445,9.253,0.000,0.000,0.987,-9.727,-0.006,-0.000,0.004,0.001,0.000,0.000
20.868,0,0,-0.093,0.042,8.347,-0.042,0.073,12.709,-0.015,-0.067,9.764,0.000,0.000,0.0116870,0.000,9144.000,0.000,5.904,0.000,0.000,0.000,911.472,9.255,883.557,0.030,9.705,-0.023,1.076,0.104,0.045,-0.078,0.000,0.000,0.000,0.002,-0.668,-0.001,0.745,0.0000000,0.0000000,0.000,0.000,0.000,0.000,0,00:00:00,-1195,0.000,0.000,91144.391,9.253,0.000,0.000,1.033,-9.707,0.020,-0.000,-0.019,-0.011,0.000,0.000
20.969,0,0,-0.088,0.045,8.366,-0.027,0.075,12.714,0.097,0.051,9.773,0.000,0.000,0.0116870,0.000,9144.000,0.000,6.241,0.000,0.000,0.000,911.445,9.253,883.808,0.293,9.730,-0.051,0.918,0.013,0.049,0.203,0.000,0.000,0.000,-0.003,-0.669,0.005,0.743,0.0000000,0.0000000,0.000,0.000,0.000,0.000,0,00:00:00,-1195,0.000,0.000,91150.875,9.257,0.000,0.000,1.088,-9.788,-0.028,0.004,0.030,-0.007,0.000,0.000
21.070,0,0,-0.082,0.048,8.351,-0.024,0.083,12.699,-0.016,0.099,9.827,0.000,0.000,0.0116870,0.000,9144.000,0.000,5.956,0.000,0.000,0.000,911.469,9.254,883.586,0.071,9.769,0.059,1.073,-0.114,0.021,0.026,0.000,0.000,0.000,-0.004,-0.668,-0.001,0.744,0.0000000,0.0000000,0.000,0.000,0.000,0.000,0,00:00:00,-1195,0.000,0.000,91146.664,9.254,0.000,0.000,1.071,-9.715,-0.152,0.006,-0.013,-0.004,0.000,0.000
21.171,0,0,-0.076,0.051,8.385,-0.015,0.092,12.739,0.054,0.117,10.012,0.000,0.000,0.0116870,0.000,9144.000,0.000,6.167,0.000,0.000,0.000,911.429,9.252,883.952,0.403,9.964,0.136,0.971,0.164,0.004,0.075,0.000,0.000,0.000,0.004,-0.670,0.003,0.742,0.0000000,0.0000000,0.000,0.000,0.000,0.000,0,00:00:00,-1195,0.000,0.000,91145.242,9.253,0.000,0.000,0.996,-9.758,-0.006,-0.003,0.020,0.002,0.000,0.000
21.272,0,0,-0.070,0.055,8.284,-0.012,0.083,12.651,-0.012,-0.057,9.754,0.000,0.000,0.0116870,0.000,9144.000,0.000,5.883,0.000,0.000,0.000,911.527,9.258,883.065,-0.537,9.709,-0.071,0.940,-0.109,-0.085,-0.035,0.000,0.000,0.000,-0.001,-0.673,-0.000,0.740,0.0000000,0.0000000,0.000,0.000,0.000,0.000,0,00:00:00,-1195,0.000,0.000,91144.172,9.253,0.000,0.000,0.966,-9.709,0.050,0.000,0.005,-0.022,0.000,0.000
21.373,0,0,-0.064,0.057,8.225,-0.013,0.085,12.588,-0.036,0.044,9.630,0.000,0.000,0.0116870,0.000,9144.000,0.000,5.464,0.000,0.000,0.000,911.495,9.256,883.352,-0.283,9.567,-0.038,1.103,0.057,0.119,0.123,0.000,0.000,0.000,-0.001,-0.667,0.005,0.745,0.0000000,0.0000000,0.000,0.000,0.000,0.000,0,00:00:00,-1195,0.000,0.000,91144.641,9.253,0.000,0.000,1.055,-9.722,-0.066,-0.003,0.005,0.003,0.000,0.000
21.474,0,0,-0.059,0.060,8.180,-0.005,0.099,12.541,0.043,0.177,9.637,0.000,0.000,0.0116870,0.000,9144.000,0.000,6.362,0.000,0.000,0.000,911.487,9.255,883.428,-0.201,9.584,0.129,1.018,0.113,0.041,0.161,0.000,0.000,0.000,0.004,-0.667,0.009,0.745,0.0000000,0.0000000,0.000,0.000,0.000,0.000,0,00:00:00,-1195,0.000,0.000,91142.023,9.251,0.000,0.000,1.070,-9.666,0.043,-0.005,0.005,-0.009,0.000,0.000
21.575,0,0,-0.054,0.064,8.161,-0.011,0.103,12.529,-0.089,0.070,9.757,0.000,0.000,0.0116870,0.000,9144.000,0.000,6.336,0.000,0.000,0.000,911.469,9.254,883.590,-0.033,9.688,0.029,1.159,0.061,-0.095,0.078,0.000,0.000,0.000,0.007,-0.667,0.011,0.745,0.0000000,0.0000000,0.000,0.000,0.000,0.000,0,00:00:00,-1195,0.000,0.000,91146.508,9.254,0.000,0.000,0.957,-9.787,-0.009,-0.004,-0.004,0.008,0.000,0.000
21.676,0,0,-0.050,0.067,8.130,-0.009,0.101,12.504,-0.010,0.010,9.716,0.000,0.000,0.0116870,0.000,9144.000,0.000,6.308,0.000,0.000,0.000,911.474,9.255,883.541,-0.133,9.662,-0.102,1.015,-0.066,-0.073,0.075,0.000,0.000,0.000,0.002,-0.670,0.011,0.743,0.0000000,0.0000000,0.000,0.000,0.000,0.000,0,00:00:00,-1195,0.000,0.000,91141.008,9.251,0.000,0.000,1.024,-9.755,-0.054,-0.016,-0.003,0.002,0.000,0.000
21.777,0,0,-0.046,0.070,8.089,-0.013,0.107,12.497,-0.060,0.096,9.956,0.000,0.000,0.0116870,0.000,9144.000,0.000,5.940,0.000,0.000,0.000,911.487,9.255,883.424,-0.220,9.904,0.101,1.016,0.048,-0.131,-0.017,0.000,0.000,0.000,0.008,-0.672,0.009,0.740,0.0000000,0.0000000,0.000,0.000,0.000,0.000,0,00:00:00,-1195,0.000,0.000,91152.648,9.258,0.000,0.000,1.050,-9.798,0.041,-0.014,-0.014,0.003,0.000,0.000
21.878,0,0,-0.044,0.074,8.039,-0.017,0.113,12.478,-0.065,0.106,9.889,0.000,0.000,0.0116870,0.000,9144.000,0.000,5.524,0.000,0.000,0.000,911.499,9.256,883.315,-0.322,9.842,0.167,0.957,-0.048,-0.121,0.047,0.000,0.000,0.000,0.009,-0.674,0.005,0.738,0.0000000,0.0000000,0.000,0.000,0.000,0.000,0,00:00:00,-1195,0.000,0.000,91151.703,9.257,0.000,0.000,1.011,-9.689,0.021,-0.026,-0.007,-0.008,0.000,0.000
21.979,0,0,-0.041,0.077,8.027,-0.015,0.103,12.489,0.000,-0.066,9.899,0.000,0.000,0.0116870,0.000,9144.000,0.000,5.194,0.000,0.000,0.000,911.469,9.254,883.591,-0.092,9.862,0.071,0.857,0.010,-0.042,-0.143,0.000,0.000,0.000,0.012,-0.676,0.003,0.737,0.0000000,0.0000000,0.000,0.000,0.000,0.000,0,00:00:00,-1195,0.000,0.000,91150.617,9.257,0.000,0.000,0.965,-9.786,-0.033,0.028,-0.010,0.018,0.000,0.000
22.080,0,0,-0.039,0.078,8.010,-0.023,0.095,12.486,-0.095,-0.038,9.799,0.000,0.000,0.0116870,0.000,9144.000,0.000,4.959,0.000,0.000,0.000,911.473,9.255,883.554,-0.142,9.742,0.012,1.064,-0.068,0.027,0.045,0.000,0.000,0.000,0.006,-0.671,0.003,0.741,0.0000000,0.0000000,0.000,0.000,0.000,0.000,0,00:00:00,-1195,0.000,0.000,91150.727,9.257,0.000,0.000,1.039,-9.693,0.017,-0.011,0.012,0.009,0.000,0.000
22.181,0,0,-0.037,0.079,7.947,-0.027,0.087,12.445,-0.062,-0.033,9.757,0.000,0.000,0.0116870,0.000,9144.000,0.000,5.675,0.000,0.000,0.000,911.508,9.257,883.237,-0.482,9.696,0.037,1.085,-0.128,-0.005,-0.068,0.000,0.000,0.000,0.003,-0.669,-0.002,0.743,0.0000000,0.0000000,0.000,0.000,0.000,0.000,0,00:00:00,-1195,0.000,0.000,91148.023,9.255,0.000,0.000,1.026,-9.706,-0.078,-0.009,0.004,-0.001,0.000,0.000
22.282,0,0,-0.037,0.079,7.928,-0.032,0.076,12.455,-0.071,-0.069,9.909,0.000,0.000,0.0116870,0.000,9144.000,0.000,6.018,0.000,0.000,0.000,911.486,9.255,883.436,-0.209,9.842,0.030,1.150,0.006,-0.030,-0.099,0.000,0.000,0.000,0.004,-0.667,-0.004,0.745,0.0000000,0.0000000,0.000,0.000,0.000,0.000,0,00:00:00,-1195,0.000,0.000,91142.797,9.252,0.000,0.000,1.000,-9.739,-0.059,-0.012,-0.006,0.001,0.000,0.000
22.383,0,0,-0.036,0.078,7.919,-0.035,0.063,12.471,-0.050,-0.084,9.909,0.000,0.000,0.0116870,0.000,9144.000,0.000,6.256,0.000,0.000,0.000,911.486,9.255,883.436,-0.164,9.842,0.030,1.150,0.006,-0.030,-0.099,0.000,0.000,0.000,0.004,-0.667,-0.004,0.745,0.0000000,0.0000000,0.000,0.000,0.000,0.000,0,00:00:00,-1195,0.000,0.000,91142.797,9.252,0.000,0.000,1.000,-9.739,-0.059,-0.012,-0.006,0.001,0.000,0.000
22.484,0,0,-0.036,0.076,7.960,-0.040,0.047,12.496,-0.068,-0.123,9.627,0.000,0.000,0.0116870,0.000,9144.000,0.000,6.375,0.000,0.000,0.000,911.450,9.253,883.759,0.179,9.557,0.009,1.169,-0.003,-0.037,-0.152,0.000,0.000,0.000,0.004,-0.665,-0.006,0.746,0.0000000,0.0000000,0.000,0.000,0.000,0.000,0,00:00:00,-1195,0.000,0.000,91157.594,9.261,0.000,0.000,1.005,-9.740,0.006,0.006,0.012,0.007,0.000,0.000
22.585,0,0,-0.036,0.072,8.008,-0.035,0.029,12.527,0.038,-0.137,9.645,0.000,0.000,0.0116870,0.000,9144.000,0.000,6.567,0.000,0.000,0.000,911.442,9.253,883.836,0.260,9.584,-0.016,1.092,-0.025,0.067,-0.133,0.000,0.000,0.000,0.002,-0.664,-0.007,0.747,0.0000000,0.0000000,0.000,0.000,0.000,0.000,0,00:00:00,-1195,0.000,0.000,91140.664,9.251,0.000,0.000,1.026,-9.616,-0.007,-0.005,0.004,0.007,0.000,0.000
22.686,0,0,-0.036,0.068,8.010,-0.034,0.020,12.535,-0.017,-0.051,9.799,0.000,0.000,0.0116870,0.000,9144.000,0.000,6.728,0.000,0.000,0.000,911.482,9.255,883.471,-0.049,9.744,-0.133,1.033,-0.076,-0.152,0.149,0.000,0.000,0.000,-0.007,-0.669,-0.002,0.743,0.0000000,0.0000000,0.000,0.000,0.000,0.000,0,00:00:00,-1195,0.000,0.000,91150.438,9.256,0.000,0.000,1.078,-9.685,-0.005,0.000,0.009,-0.014,0.000,0.000
22.787,0,0,-0.036,0.063,8.010,-0.041,0.022,12.542,-0.082,0.052,9.799,0.000,0.000,0.0116870,0.000,9144.000,0.000,5.955,0.000,0.000,0.000,911.482,9.255,883.471,-0.060,9.744,-0.133,1.033,-0.076,-0.152,0.149,0.000,0.000,0.000,-0.013,-0.672,-0.001,0.741,0.0000000,0.0000000,0.000,0.000,0.000,0.000,0,00:00:00,-1195,0.000,0.000,91150.438,9.256,0.000,0.000,1.078,-9.685,-0.005,0.000,0.009,-0.014,0.000,0.000
22.888,0,0,-0.036,0.060,8.000,-0.041,0.032,12.519,-0.018,0.131,9.586,0.000,0.000,0.0116870,0.000,9144.000,0.000,5.564,0.000,0.000,0.000,911.493,9.256,883.370,-0.137,9.546,0.068,0.890,-0.039,-0.085,0.010,0.000,0.000,0.000,-0.010,-0.674,-0.006,0.738,0.0000000,0.0000000,0.000,0.000,0.000,0.000,0,00:00:00,-1195,0.000,0.000,91151.023,9.257,0.000,0.000,1.023,-9.864,-0.023,-0.020,-0.003,-0.006,0.000,0.000
22.989,0,0,-0.037,0.058,7.987,-0.040,0.037,12.522,-0.016,0.076,9.850,0.000,0.000,0.0116870,0.000,9144.000,0.000,5.200,0.000,0.000,0.000,911.497,9.256,883.329,-0.155,9.799,-0.008,1.000,-0.082,0.073,0.090,0.000,0.000,0.000,-0.013,-0.671,-0.008,0.741,0.0000000,0.0000000,0.000,0.000,0.000,0.000,0,00:00:00,-1195,0.000,0.000,91144.281,9.253,0.000,0.000,1.003,-9.719,0.009,-0.008,-0.008,0.008,0.000,0.000
23.090,0,0,-0.037,0.056,7.937,-0.035,0.041,12.502,0.029,0.071,9.897,0.000,0.000,0.0116870,0.000,9144.000,0.000,5.719,0.000,0.000,0.000,911.529,9.258,883.041,-0.440,9.859,0.021,0.878,0.077,-0.055,0.048,0.000,0.000,0.000,-0.009,-0.674,-0.006,0.739,0.0000000,0.0000000,0.000,0.000,0.000,0.000,0,00:00:00,-1195,0.000,0.000,91146.969,9.254,0.000,0.000,1.072,-9.781,0.043,0.019,0.004,0.004,0.000,0.000
23.191,0,0,-0.036,0.054,8.018,-0.030,0.038,12.594,0.034,-0.007,10.040,0.000,0.000,0.0116870,0.000,9144.000,0.000,5.251,0.000,0.000,0.000,911.439,9.253,883.860,0.451,9.985,-0.105,1.040,-0.170,0.192,0.024,0.000,0.000,0.000,-0.017,-0.668,-0.011,0.744,0.0000000,0.0000000,0.000,0.000,0.000,0.000,0,00:00:00,-1195,0.000,0.000,91148.195,9.255,0.000,0.000,1.018,-9.688,0.048,-0.009,0.001,0.011,0.000,0.000
23.292,0,0,-0.036,0.053,8.017,-0.030,0.042,12.583,-0.023,0.066,9.676,0.000,0.000,0.0116870,0.000,9144.000,0.000,6.144,0.000,0.000,0.000,911.495,9.256,883.350,-0.097,9.616,0.032,1.080,0.090,-0.007,0.013,0.000,0.000,0.000,-0.011,-0.667,-0.010,0.745,0.0000000,0.0000000,0.000,0.000,0.000,0.000,0,00:00:00,-1195,0.000,0.000,91155.984,9.260,0.000,0.000,1.011,-9.722,-0.049,-0.022,0.003,0.000,0.000,0.000
23.393,0,0,-0.035,0.051,8.021,-0.028,0.035,12.599,0.003,-0.034,9.895,0.000,0.000,0.0116870,0.000,9144.000,0.000,6.260,0.000,0.000,0.000,911.490,9.256,883.395,-0.060,9.827,-0.108,1.155,0.060,0.086,0.012,0.000,0.000,0.000,-0.011,-0.664,-0.006,0.747,0.0000000,0.0000000,0.000,0.000,0.000,0.000,0,00:00:00,-1195,0.000,0.000,91150.969,9.257,0.000,0.000,0.976,-9.715,-0.017,-0.013,0.011,-0.009,0.000,0.000
23.494,0,0,-0.034,0.049,8.021,-0.022,0.031,12.610,0.045,-0.016,9.895,0.000,0.000,0.0116870,0.000,9144.000,0.000,6.730,0.000,0.000,0.000,911.490,9.256,883.395,-0.093,9.827,-0.108,1.155,0.060,0.086,0.012,0.000,0.000,0.000,-0.009,-0.663,-0.003,0.749,0.0000000,0.0000000,0.000,0.000,0.000,0.000,0,00:00:00,-1195,0.000,0.000,91150.969,9.257,0.000,0.000,0.976,-9.715,-0.017,-0.013,0.011,-0.009,0.000,0.000
23.595,0,0,-0.033,0.048,8.069,-0.016,0.034,12.640,0.042,0.056,9.737,0.000,0.000,0.0116870,0.000,9144.000,0.000,6.965,0.000,0.000,0.000,911.451,9.253,883.754,0.241,9.687,0.134,0.974,-0.037,-0.130,-0.119,0.000,0.000,0.000,-0.005,-0.669,-0.011,0.743,0.0000000,0.0000000,0.000,0.000,0.000,0.000,0,00:00:00,-1195,0.000,0.000,91147.703,9.255,0.000,0.000,0.970,-9.770,0.040,0.000,0.007,-0.002,0.000,0.000
23.696,0,0,-0.031,0.046,8.091,-0.018,0.023,12.668,-0.035,-0.093,9.923,0.000,0.000,0.0116870,0.000,9144.000,0.000,5.981,0.000,0.000,0.000,911.468,9.254,883.593,0.087,9.863,-0.130,1.087,-0.033,-0.011,0.018,0.000,0.000,0.000,-0.010,-0.668,-0.008,0.744,0.0000000,0.0000000,0.000,0.000,0.000,0.000,0,00:00:00,-1195,0.000,0.000,91151.086,9.257,0.000,0.000,0.964,-9.806,-0.073,0.009,0.011,-0.009,0.000,0.000
23.797,0,0,-0.029,0.044,8.053,-0.009,0.023,12.631,0.068,0.025,9.750,0.000,0.000,0.0116870,0.000,9144.000,0.000,6.102,0.000,0.000,0.000,911.515,9.257,883.174,-0.336,9.697,-0.004,1.012,-0.081,0.112,0.015,0.000,0.000,0.000,-0.012,-0.667,-0.011,0.745,0.0000000,0.0000000,0.000,0.000,0.000,0.000,0,00:00:00,-1195,0.000,0.000,91158.914,9.261,0.000,0.000,1.113,-9.722,0.022,-0.004,0.011,0.002,0.000,0.000
23.898,0,0,-0.027,0.042,8.047,-0.006,0.027,12.618,0.018,0.061,9.723,0.000,0.000,0.0116870,0.000,9144.000,0.000,6.350,0.000,0.000,0.000,911.490,9.256,883.399,-0.117,9.667,0.085,1.040,0.261,-0.001,0.036,0.000,0.000,0.000,-0.001,-0.668,-0.003,0.745,0.0000000,0.0000000,0.000,0.000,0.000,0.000,0,00:00:00,-1195,0.000,0.000,91145.438,9.253,0.000,0.000,1.050,-9.721,0.027,0.000,-0.004,-0.001,0.000,0.000
23.999,0,0,-0.025,0.041,8.068,-0.006,0.038,12.632,-0.015,0.129,9.785,0.000,0.000,0.0116870,0.000,9144.000,0.000,6.244,0.000,0.000,0.000,911.473,9.255,883.555,0.065,9.729,0.181,1.042,-0.169,-0.059,0.084,0.000,0.000,0.000,-0.006,-0.669,-0.010,0.743,0.0000000,0.0000000,0.000,0.000,0.000,0.000,0,00:00:00,-1195,0.000,0.000,91143.289,9.252,0.000,0.000,0.937,-9.744,0.015,-0.017,0.004,-0.003,0.000,0.000
24.100,0,0,-0.024,0.040,8.067,-0.022,0.025,12.643,-0.170,-0.106,9.921,0.000,0.000,0.0116870,0.000,9144.000,0.000,6.009,0.000,0.000,0.000,911.493,9.256,883.366,-0.073,9.865,-0.018,1.069,0.025,-0.307,-0.147,0.000,0.000,0.000,-0.004,-0.674,-0.011,0.738,0.0000000,0.0000000,0.000,0.000,0.000,0.000,0,00:00:00,-1195,0.000,0.000,91154.609,9.259,0.000,0.000,1.037,-9.734,0.023,0.006,0.004,-0.005,0.000,0.000
24.201,0,0,-0.024,0.038,8.044,-0.024,0.009,12.609,-0.031,-0.134,9.644,0.000,0.000,0.0116870,0.000,9144.000,0.000,5.218,0.000,0.000,0.000,911.505,9.256,883.265,-0.236,9.593,-0.004,1.001,0.092,0.070,-0.176,0.000,0.000,0.000,0.000,-0.671,-0.010,0.742,0.0000000,0.0000000,0.000,0.000,0.000,0.000,0,00:00:00,-1195,0.000,0.000,91156.062,9.260,0.000,0.000,0.957,-9.733,-0.015,0.021,0.004,0.005,0.000,0.000
24.302,0,0,-0.024,0.034,8.079,-0.024,-0.012,12.645,-0.013,-0.188,9.890,0.000,0.000,0.0116870,0.000,9144.000,0.000,5.787,0.000,0.000,0.000,911.461,9.254,883.664,0.172,9.827,-0.113,1.130,0.169,0.111,-0.113,0.000,0.000,0.000,0.003,-0.666,-0.002,0.746,0.0000000,0.0000000,0.000,0.000,0.000,0.000,0,00:00:00,-1195,0.000,0.000,91156.375,9.260,0.000,0.000,1.055,-9.736,0.020,-0.011,-0.010,0.001,0.000,0.000
24.403,0,0,-0.024,0.029,8.046,-0.021,-0.020,12.594,0.021,-0.066,9.544,0.000,0.000,0.0116870,0.000,9144.000,0.000,6.483,0.000,0.000,0.000,911.512,9.257,883.201,-0.287,9.487,-0.046,1.045,0.025,0.008,-0.011,0.000,0.000,0.000,0.002,-0.666,0.001,0.746,0.0000000,0.0000000,0.000,0.000,0.000,0.000,0,00:00:00,-1195,0.000,0.000,91151.570,9.257,0.000,0.000,1.059,-9.703,-0.020,0.009,-0.004,-0.012,0.000,0.000
24.504,0,0,-0.023,0.025,8.060,-0.012,-0.020,12.613,0.077,0.008,9.865,0.000,0.000,0.0116870,0.000,9144.000,0.000,6.407,0.000,0.000,0.000,911.480,9.255,883.485,0.033,9.809,0.039,1.057,0.150,0.112,0.013,0.000,0.000,0.000,0.007,-0.665,0.006,0.747,0.0000000,0.0000000,0.000,0.000,0.000,0.000,0,00:00:00,-1195,0.000,0.000,91148.922,9.256,0.000,0.000,0.943,-9.755,0.024,-0.004,0.001,0.016,0.000,0.000
24.605,0,0,-0.022,0.020,8.082,-0.018,-0.029,12.651,-0.071,-0.078,10.015,0.000,0.000,0.0116870,0.000,9144.000,0.000,6.599,0.000,0.000,0.000,911.475,9.255,883.531,0.088,9.949,0.028,1.151,-0.151,-0.144,-0.168,0.000,0.000,0.000,0.004,-0.668,-0.003,0.744,0.0000000,0.0000000,0.000,0.000,0.000,0.000,0,00:00:00,-1195,0.000,0.000,91153.141,9.258,0.000,0.000,1.042,-9.800,-0.026,-0.004,0.006,-0.008,0.000,0.000
24.706,0,0,-0.022,0.016,8.096,-0.015,-0.032,12.664,0.011,-0.019,9.852,0.000,0.000,0.0116870,0.000,9144.000,0.000,6.192,0.000,0.000,0.000,911.480,9.255,883.488,0.032,9.794,0.208,1.046,0.073,0.006,-0.136,0.000,0.000,0.000,0.011,-0.668,-0.005,0.744,0.0000000,0.0000000,0.000,0.000,0.000,0.000,0,00:00:00,-1195,0.000,0.000,91143.383,9.252,0.000,0.000,1.034,-9.745,0.006,-0.005,0.002,0.000,0.000,0.000
24.807,0,0,-0.021,0.011,8.104,-0.018,-0.043,12.666,-0.036,-0.100,9.787,0.000,0.000,0.0116870,0.000,9144.000,0.000,6.158,0.000,0.000,0.000,911.486,9.255,883.429,0.003,9.722,0.087,1.132,-0.187,0.007,-0.084,0.000,0.000,0.000,0.003,-0.666,-0.011,0.746,0.0000000,0.0000000,0.000,0.000,0.000,0.000,0,00:00:00,-1195,0.000,0.000,91141.250,9.251,0.000,0.000,1.009,-9.832,-0.104,-0.003,-0.018,-0.010,0.000,0.000
24.908,0,0,-0.020,0.005,8.096,0.001,-0.050,12.655,0.175,-0.068,9.796,0.000,0.000,0.0116870,0.000,9144.000,0.000,6.435,0.000,0.000,0.000,911.499,9.256,883.316,-0.113,9.750,0.052,0.965,-0.007,0.221,0.003,0.000,0.000,0.000,0.000,-0.665,-0.009,0.747,0.0000000,0.0000000,0.000,0.000,0.000,0.000,0,00:00:00,-1195,0.000,0.000,91152.383,9.258,0.000,0.000,0.984,-9.739,0.046,0.020,-0.012,0.010,0.000,0.000
25.009,0,0,-0.017,-0.001,8.089,0.012,-0.068,12.655,0.106,-0.183,9.873,0.000,0.000,0.0116870,0.000,9144.000,0.000,6.676,0.000,0.000,0.000,911.495,9.256,883.349,-0.103,9.822,0.056,1.025,0.207,0.092,-0.287,0.000,0.000,0.000,0.011,-0.665,-0.006,0.746,0.0000000,0.0000000,0.000,0.000,0.000,0.000,0,00:00:00,-1195,0.000,0.000,91155.148,9.259,0.000,0.000,0.968,-9.724,-0.040,-0.005,-0.014,0.003,0.000,0.000
25.110,0,0,-0.015,-0.007,8.129,0.011,-0.084,12.684,-0.021,-0.157,9.824,0.000,0.000,0.0116870,0.000,9144.000,0.000,6.564,0.000,0.000,0.000,911.456,9.254,883.706,0.222,9.759,-0.084,1.136,0.056,-0.032,0.015,0.000,0.000,0.000,0.006,-0.666,0.001,0.746,0.0000000,0.0000000,0.000,0.000,0.000,0.000,0,00:00:00,-1195,0.000,0.000,91149.000,9.256,0.000,0.000,1.056,-9.776,-0.014,0.015,-0.003,0.005,0.000,0.000
25.211,0,0,-0.012,-0.015,8.160,0.016,-0.096,12.694,0.039,-0.130,9.703,0.000,0.000,0.0116870,0.000,9144.000,0.000,6.506,0.000,0.000,0.000,911.466,9.254,883.611,0.187,9.646,-0.079,1.055,-0.050,0.033,-0.119,0.000,0.000,0.000,0.003,-0.666,-0.000,0.746,0.0000000,0.0000000,0.000,0.000,0.000,0.000,0,00:00:00,-1195,0.000,0.000,91138.352,9.249,0.000,0.000,1.192,-9.813,0.024,0.028,0.012,0.017,0.000,0.000
25.312,0,0,-0.010,-0.023,8.141,0.017,-0.100,12.691,0.009,-0.053,9.967,0.000,0.000,0.0116870,0.000,9144.000,0.000,6.471,0.000,0.000,0.000,911.500,9.256,883.308,-0.148,9.909,-0.095,1.073,-0.100,-0.032,0.031,0.000,0.000,0.000,-0.003,-0.668,-0.001,0.745,0.0000000,0.0000000,0.000,0.000,0.000,0.000,0,00:00:00,-1195,0.000,0.000,91148.859,9.255,0.000,0.000,0.953,-9.741,-0.052,0.000,0.015,-0.006,0.000,0.000
25.413,0,0,-0.007,-0.029,8.177,0.024,-0.090,12.712,0.066,0.082,9.807,0.000,0.000,0.0116870,0.000,9144.000,0.000,6.236,0.000,0.000,0.000,911.461,9.254,883.657,0.221,9.755,0.068,1.014,0.043,0.082,0.061,0.000,0.000,0.000,-0.001,-0.667,0.000,0.745,0.0000000,0.0000000,0.000,0.000,0.000,0.000,0,00:00:00,-1195,0.000,0.000,91141.188,9.251,0.000,0.000,0.987,-9.712,0.091,0.010,0.012,0.006,0.000,0.000
25.514,0,0,-0.004,-0.035,8.236,0.029,-0.096,12.749,0.050,-0.074,9.793,0.000,0.000,0.0116870,0.000,9144.000,0.000,6.322,0.000,0.000,0.000,911.439,9.253,883.861,0.416,9.738,-0.136,1.032,-0.006,0.056,-0.028,0.000,0.000,0.000,-0.003,-0.667,0.002,0.745,0.0000000,0.0000000,0.000,0.000,0.000,0.000,0,00:00:00,-1195,0.000,0.000,91145.875,9.254,0.000,0.000,0.994,-9.683,0.029,0.006,-0.009,-0.013,0.000,0.000
25.615,0,0,-0.000,-0.040,8.245,0.036,-0.090,12.759,0.063,0.038,9.923,0.000,0.000,0.0116870,0.000,9144.000,0.000,6.348,0.000,0.000,0.000,911.477,9.255,883.517,0.094,9.869,0.023,1.038,-0.091,0.068,-0.019,0.000,0.000,0.000,-0.004,-0.667,-0.003,0.745,0.0000000,0.0000000,0.000,0.000,0.000,0.000,0,00:00:00,-1195,0.000,0.000,91150.211,9.256,0.000,0.000,1.008,-9.760,0.058,0.003,-0.010,-0.010,0.000,0.000
25.716,0,0,0.003,-0.044,8.256,0.042,-0.086,12.768,0.065,0.014,9.923,0.000,0.000,0.0116870,0.000,9144.000,0.000,6.370,0.000,0.000,0.000,911.477,9.255,883.517,0.104,9.869,0.023,1.038,-0.091,0.068,-0.019,0.000,0.000,0.000,-0.006,-0.667,-0.008,0.745,0.0000000,0.0000000,0.000,0.000,0.000,0.000,0,00:00:00,-1195,0.000,0.000,91150.211,9.256,0.000,0.000,1.008,-9.760,0.058,0.003,-0.010,-0.010,0.000,0.000
25.817,0,0,0.007,-0.048,8.262,0.049,-0.084,12.774,0.066,0.001,9.923,0.000,0.000,0.0116870,0.000,9144.000,0.000,6.383,0.000,0.000,0.000,911.477,9.255,883.517,0.079,9.869,0.023,1.038,-0.091,0.068,-0.019,0.000,0.000,0.000,-0.009,-0.667,-0.012,0.745,0.0000000,0.0000000,0.000,0.000,0.000,0.000,0,00:00:00,-1195,0.000,0.000,91150.211,9.256,0.000,0.000,1.008,-9.760,0.058,0.003,-0.010,-0.010,0.000,0.000
25.918,0,0,0.010,-0.052,8.216,0.038,-0.103,12.722,-0.098,-0.218,9.732,0.000,0.000,0.0116870,0.000,9144.000,0.000,6.390,0.000,0.000,0.000,911.518,9.257,883.145,-0.285,9.661,-0.212,1.181,-0.031,-0.085,-0.222,0.000,0.000,0.000,-0.011,-0.666,-0.013,0.746,0.0000000,0.0000000,0.000,0.000,0.000,0.000,0,00:00:00,-1195,0.000,0.000,91145.477,9.253,0.000,0.000,1.027,-9.748,0.004,0.002,-0.000,-0.002,0.000,0.000
26.019,0,0,0.013,-0.057,8.187,0.041,-0.101,12.707,0.037,-0.009,9.958,0.000,0.000,0.0116870,0.000,9144.000,0.000,6.438,0.000,0.000,0.000,911.510,9.257,883.219,-0.190,9.915,-0.058,0.926,0.036,-0.117,0.057,0.000,0.000,0.000,-0.012,-0.672,-0.010,0.740,0.0000000,0.0000000,0.000,0.000,0.000,0.000,0,00:00:00,-1195,0.000,0.000,91149.891,9.256,0.000,0.000,0.985,-9.749,0.031,-0.015,0.006,0.002,0.000,0.000
26.120,0,0,0.015,-0.060,8.214,0.025,-0.095,12.723,-0.151,0.030,9.819,0.000,0.000,0.0116870,0.000,9144.000,0.000,5.554,0.000,0.000,0.000,911.463,9.254,883.640,0.196,9.748,0.037,1.190,0.023,-0.064,-0.035,0.000,0.000,0.000,-0.009,-0.669,-0.011,0.744,0.0000000,0.0000000,0.000,0.000,0.000,0.000,0,00:00:00,-1195,0.000,0.000,91140.633,9.251,0.000,0.000,1.065,-9.702,0.027,0.001,0.006,0.013,0.000,0.000
26.221,0,0,0.016,-0.063,8.218,0.031,-0.095,12.738,0.065,-0.034,10.006,0.000,0.000,0.0116870,0.000,9144.000,0.000,6.076,0.000,0.000,0.000,911.476,9.255,883.527,0.049,9.961,-0.070,0.941,0.141,0.012,0.031,0.000,0.000,0.000,-0.006,-0.671,-0.004,0.742,0.0000000,0.0000000,0.000,0.000,0.000,0.000,0,00:00:00,-1195,0.000,0.000,91151.945,9.257,0.000,0.000,0.989,-9.773,-0.025,0.010,-0.016,-0.007,0.000,0.000
26.322,0,0,0.017,-0.066,8.235,0.029,-0.098,12.723,-0.011,-0.068,9.606,0.000,0.000,0.0116870,0.000,9144.000,0.000,5.770,0.000,0.000,0.000,911.469,9.254,883.586,0.144,9.554,-0.102,0.997,0.015,0.012,-0.073,0.000,0.000,0.000,-0.006,-0.670,-0.004,0.743,0.0000000,0.0000000,0.000,0.000,0.000,0.000,0,00:00:00,-1195,0.000,0.000,91154.164,9.259,0.000,0.000,0.981,-9.862,0.117,-0.010,0.017,0.005,0.000,0.000
26.423,0,0,0.018,-0.069,8.230,0.026,-0.095,12.722,-0.015,-0.008,9.909,0.000,0.000,0.0116870,0.000,9144.000,0.000,5.897,0.000,0.000,0.000,911.480,9.255,883.491,0.003,9.859,0.022,0.995,-0.043,-0.053,-0.079,0.000,0.000,0.000,-0.005,-0.671,-0.008,0.741,0.0000000,0.0000000,0.000,0.000,0.000,0.000,0,00:00:00,-1195,0.000,0.000,91144.297,9.253,0.000,0.000,0.946,-9.755,-0.023,0.001,-0.003,0.013,0.000,0.000
26.524,0,0,0.018,-0.071,8.157,0.009,-0.096,12.662,-0.159,-0.040,9.813,0.000,0.000,0.0116870,0.000,9144.000,0.000,5.679,0.000,0.000,0.000,911.528,9.258,883.048,-0.478,9.748,-0.076,1.134,0.020,-0.154,0.024,0.000,0.000,0.000,-0.007,-0.671,-0.005,0.741,0.0000000,0.0000000,0.000,0.000,0.000,0.000,0,00:00:00,-1195,0.000,0.000,91154.742,9.259,0.000,0.000,1.069,-9.670,-0.007,0.019,0.021,0.005,0.000,0.000
26.625,0,0,0.017,-0.072,8.152,0.015,-0.082,12.664,0.063,0.096,9.896,0.000,0.000,0.0116870,0.000,9144.000,0.000,5.716,0.000,0.000,0.000,911.480,9.255,883.488,-0.036,9.850,0.098,0.963,0.062,0.102,0.068,0.000,0.000,0.000,-0.003,-0.669,-0.004,0.743,0.0000000,0.0000000,0.000,0.000,0.000,0.000,0,00:00:00,-1195,0.000,0.000,91152.164,9.257,0.000,0.000,0.997,-9.773,0.106,-0.003,0.001,-0.006,0.000,0.000
26.726,0,0,0.017,-0.072,8.093,0.006,-0.065,12.608,-0.083,0.127,9.712,0.000,0.000,0.0116870,0.000,9144.000,0.000,5.943,0.000,0.000,0.000,911.522,9.257,883.104,-0.423,9.650,0.131,1.090,-0.149,-0.088,0.110,0.000,0.000,0.000,-0.008,-0.669,-0.009,0.743,0.0000000,0.0000000,0.000,0.000,0.000,0.000,0,00:00:00,-1195,0.000,0.000,91151.570,9.257,0.000,0.000,1.039,-9.804,-0.058,-0.019,0.014,0.009,0.000,0.000
26.827,0,0,0.015,-0.072,8.118,-0.009,-0.069,12.631,-0.138,-0.071,9.825,0.000,0.000,0.0116870,0.000,9144.000,0.000,5.940,0.000,0.000,0.000,911.458,9.254,883.691,0.155,9.761,-0.076,1.125,0.121,-0.169,-0.053,0.000,0.000,0.000,-0.004,-0.671,-0.004,0.742,0.0000000,0.0000000,0.000,0.000,0.000,0.000,0,00:00:00,-1195,0.000,0.000,91150.836,9.257,0.000,0.000,1.005,-9.712,-0.047,-0.010,-0.011,-0.007,0.000,0.000
26.928,0,0,0.013,-0.071,8.075,-0.005,-0.064,12.608,0.043,0.005,9.908,0.000,0.000,0.0116870,0.000,9144.000,0.000,5.771,0.000,0.000,0.000,911.513,9.257,883.191,-0.327,9.863,0.037,0.942,-0.028,0.032,-0.033,0.000,0.000,0.000,-0.004,-0.671,-0.007,0.741,0.0000000,0.0000000,0.000,0.000,0.000,0.000,0,00:00:00,-1195,0.000,0.000,91152.852,9.258,0.000,0.000,1.034,-9.730,-0.008,-0.012,0.006,0.005,0.000,0.000
27.029,0,0,0.011,-0.071,8.073,-0.004,-0.069,12.632,0.018,-0.083,10.043,0.000,0.000,0.0116870,0.000,9144.000,0.000,5.705,0.000,0.000,0.000,911.485,9.255,883.442,-0.064,9.991,-0.136,1.014,-0.169,0.056,-0.013,0.000,0.000,0.000,-0.013,-0.670,-0.010,0.743,0.0000000,0.0000000,0.000,0.000,0.000,0.000,0,00:00:00,-1195,0.000,0.000,91143.562,9.252,0.000,0.000,1.018,-9.678,-0.017,0.005,-0.006,0.002,0.000,0.000
27.130,0,0,0.010,-0.071,8.083,-0.003,-0.078,12.644,0.015,-0.122,9.854,0.000,0.000,0.0116870,0.000,9144.000,0.000,5.910,0.000,0.000,0.000,911.478,9.255,883.507,0.008,9.807,-0.084,0.964,-0.070,-0.011,-0.225,0.000,0.000,0.000,-0.012,-0.671,-0.017,0.741,0.0000000,0.0000000,0.000,0.000,0.000,0.000,0,00:00:00,-1195,0.000,0.000,91146.062,9.254,0.000,0.000,1.117,-9.842,-0.021,0.016,0.002,0.015,0.000,0.000
27.231,0,0,0.009,-0.071,8.121,-0.003,-0.079,12.667,0.009,-0.049,9.768,0.000,0.000,0.0116870,0.000,9144.000,0.000,5.732,0.000,0.000,0.000,911.456,9.254,883.702,0.211,9.714,0.010,1.030,0.184,0.079,-0.053,0.000,0.000,0.000,-0.006,-0.668,-0.011,0.744,0.0000000,0.0000000,0.000,0.000,0.000,0.000,0,00:00:00,-1195,0.000,0.000,91148.102,9.255,0.000,0.000,0.976,-9.813,-0.037,-0.006,0.005,0.008,0.000,0.000
27.332,0,0,0.008,-0.072,8.159,-0.002,-0.077,12.710,0.014,-0.021,9.982,0.000,0.000,0.0116870,0.000,9144.000,0.000,6.115,0.000,0.000,0.000,911.451,9.253,883.752,0.233,9.921,-0.023,1.102,-0.018,0.069,0.039,0.000,0.000,0.000,-0.008,-0.666,-0.009,0.746,0.0000000,0.0000000,0.000,0.000,0.000,0.000,0,00:00:00,-1195,0.000,0.000,91149.461,9.256,0.000,0.000,0.959,-9.731,0.034,-0.011,0.003,0.008,0.000,0.000
27.433,0,0,0.007,-0.071,8.172,0.001,-0.060,12.711,0.029,0.128,9.776,0.000,0.000,0.0116870,0.000,9144.000,0.000,6.424,0.000,0.000,0.000,911.471,9.254,883.571,0.070,9.715,0.269,1.061,-0.136,0.015,-0.027,0.000,0.000,0.000,-0.008,-0.667,-0.019,0.745,0.0000000,0.0000000,0.000,0.000,0.000,0.000,0,00:00:00,-1195,0.000,0.000,91155.422,9.259,0.000,0.000,0.973,-9.738,0.005,-0.013,0.006,-0.012,0.000,0.000
27.534,0,0,0.006,-0.070,8.195,0.003,-0.051,12.718,0.023,0.058,9.777,0.000,0.000,0.0116870,0.000,9144.000,0.000,6.371,0.000,0.000,0.000,911.471,9.254,883.571,0.151,9.715,0.269,1.061,-0.136,0.015,-0.027,0.000,0.000,0.000,-0.009,-0.667,-0.027,0.745,0.0000000,0.0000000,0.000,0.000,0.000,0.000,0,00:00:00,-1195,0.000,0.000,91155.422,9.259,0.000,0.000,0.973,-9.738,0.005,-0.013,0.006,-0.012,0.000,0.000
27.635,0,0,0.006,-0.068,8.197,-0.004,-0.060,12.718,-0.061,-0.127,9.860,0.000,0.000,0.0116870,0.000,9144.000,0.000,6.349,0.000,0.000,0.000,911.486,9.255,883.435,0.018,9.806,-0.000,1.038,-0.140,-0.165,-0.064,0.000,0.000,0.000,-0.018,-0.671,-0.029,0.741,0.0000000,0.0000000,0.000,0.000,0.000,0.000,0,00:00:00,-1195,0.000,0.000,91147.547,9.255,0.000,0.000,1.013,-9.628,0.084,0.007,-0.010,0.004,0.000,0.000
27.736,0,0,0.004,-0.067,8.201,-0.016,-0.058,12.712,-0.115,-0.012,9.776,0.000,0.000,0.0116870,0.000,9144.000,0.000,5.733,0.000,0.000,0.000,911.487,9.255,883.421,0.045,9.722,0.073,1.031,-0.001,-0.177,0.016,0.000,0.000,0.000,-0.019,-0.673,-0.028,0.739,0.0000000,0.0000000,0.000,0.000,0.000,0.000,0,00:00:00,-1195,0.000,0.000,91152.305,9.258,0.000,0.000,1.091,-9.704,0.079,0.010,0.019,0.004,0.000,0.000
27.837,0,0,0.002,-0.066,8.222,-0.019,-0.066,12.717,-0.028,-0.119,9.764,0.000,0.000,0.0116870,0.000,9144.000,0.000,5.387,0.000,0.000,0.000,911.472,9.254,883.559,0.165,9.701,-0.165,1.098,0.013,0.145,0.019,0.000,0.000,0.000,-0.024,-0.667,-0.023,0.745,0.0000000,0.0000000,0.000,0.000,0.000,0.000,0,00:00:00,-1195,0.000,0.000,91155.680,9.259,0.000,0.000,0.953,-9.706,0.033,-0.011,0.005,-0.004,0.000,0.000
27.938,0,0,0.001,-0.066,8.240,-0.013,-0.068,12.720,0.057,-0.056,9.764,0.000,0.000,0.0116870,0.000,9144.000,0.000,6.338,0.000,0.000,0.000,911.472,9.254,883.559,0.161,9.701,-0.165,1.098,0.013,0.145,0.019,0.000,0.000,0.000,-0.026,-0.663,-0.020,0.748,0.0000000,0.0000000,0.000,0.000,0.000,0.000,0,00:00:00,-1195,0.000,0.000,91155.680,9.259,0.000,0.000,0.953,-9.706,0.033,-0.011,0.005,-0.004,0.000,0.000
28.039,0,0,0.000,-0.066,8.206,0.004,-0.049,12.687,0.168,0.161,9.795,0.000,0.000,0.0116870,0.000,9144.000,0.000,6.813,0.000,0.000,0.000,911.508,9.257,883.235,-0.186,9.756,0.141,0.893,-0.013,0.044,0.090,0.000,0.000,0.000,-0.023,-0.668,-0.023,0.744,0.0000000,0.0000000,0.000,0.000,0.000,0.000,0,00:00:00,-1195,0.000,0.000,91140.344,9.250,0.000,0.000,1.060,-9.777,-0.087,-0.011,0.006,0.012,0.000,0.000
28.140,0,0,0.001,-0.063,8.215,0.011,-0.040,12.682,0.065,0.053,9.738,0.000,0.000,0.0116870,0.000,9144.000,0.000,6.149,0.000,0.000,0.000,911.478,9.255,883.508,0.100,9.696,0.109,0.903,-0.082,-0.020,-0.034,0.000,0.000,0.000,-0.023,-0.671,-0.029,0.741,0.0000000,0.0000000,0.000,0.000,0.000,0.000,0,00:00:00,-1195,0.000,0.000,91148.664,9.255,0.000,0.000,1.032,-9.800,0.030,-0.016,-0.000,-0.013,0.000,0.000
28.241,0,0,0.002,-0.061,8.285,0.008,-0.046,12.749,-0.022,-0.093,9.994,0.000,0.000,0.0116870,0.000,9144.000,0.000,5.676,0.000,0.000,0.000,911.427,9.252,883.970,0.545,9.945,-0.013,0.993,-0.029,-0.025,-0.127,0.000,0.000,0.000,-0.023,-0.671,-0.031,0.740,0.0000000,0.0000000,0.000,0.000,0.000,0.000,0,00:00:00,-1195,0.000,0.000,91138.711,9.249,0.000,0.000,0.953,-9.632,-0.016,0.009,-0.012,0.015,0.000,0.000
28.342,0,0,0.002,-0.060,8.292,0.013,-0.053,12.751,0.046,-0.100,9.866,0.000,0.000,0.0116870,0.000,9144.000,0.000,5.617,0.000,0.000,0.000,911.472,9.254,883.564,0.122,9.818,-0.042,0.978,0.018,0.121,-0.069,0.000,0.000,0.000,-0.023,-0.669,-0.030,0.743,0.0000000,0.0000000,0.000,0.000,0.000,0.000,0,00:00:00,-1195,0.000,0.000,91151.594,9.257,0.000,0.000,1.033,-9.769,-0.003,0.014,0.005,0.003,0.000,0.000
28.443,0,0,0.003,-0.059,8.274,0.004,-0.051,12.727,-0.088,-0.015,9.796,0.000,0.000,0.0116870,0.000,9144.000,0.000,6.000,0.000,0.000,0.000,911.489,9.255,883.407,-0.042,9.733,0.062,1.109,0.046,-0.091,-0.047,0.000,0.000,0.000,-0.021,-0.669,-0.030,0.742,0.0000000,0.0000000,0.000,0.000,0.000,0.000,0,00:00:00,-1195,0.000,0.000,91145.195,9.253,0.000,0.000,1.072,-9.696,0.080,-0.015,0.008,-0.004,0.000,0.000
28.544,0,0,0.003,-0.059,8.265,-0.001,-0.058,12.718,-0.050,-0.096,9.858,0.000,0.000,0.0116870,0.000,9144.000,0.000,5.988,0.000,0.000,0.000,911.477,9.255,883.517,0.015,9.792,-0.192,1.125,0.068,0.010,0.085,0.000,0.000,0.000,-0.025,-0.667,-0.021,0.745,0.0000000,0.0000000,0.000,0.000,0.000,0.000,0,00:00:00,-1195,0.000,0.000,91142.469,9.252,0.000,0.000,1.012,-9.738,0.075,-0.001,0.020,-0.008,0.000,0.000
28.645,0,0,0.003,-0.059,8.276,0.008,-0.067,12.710,0.091,-0.125,9.708,0.000,0.000,0.0116870,0.000,9144.000,0.000,6.298,0.000,0.000,0.000,911.462,9.254,883.653,0.156,9.657,-0.092,0.997,-0.042,0.136,-0.248,0.000,0.000,0.000,-0.023,-0.666,-0.027,0.745,0.0000000,0.0000000,0.000,0.000,0.000,0.000,0,00:00:00,-1195,0.000,0.000,91145.961,9.254,0.000,0.000,1.093,-9.830,-0.018,0.001,0.015,0.011,0.000,0.000
28.746,0,0,0.003,-0.060,8.247,0.011,-0.071,12.680,0.037,-0.069,9.779,0.000,0.000,0.0116870,0.000,9144.000,0.000,6.487,0.000,0.000,0.000,911.488,9.255,883.415,-0.113,9.721,-0.150,1.056,-0.092,0.037,0.036,0.000,0.000,0.000,-0.030,-0.666,-0.027,0.745,0.0000000,0.0000000,0.000,0.000,0.000,0.000,0,00:00:00,-1195,0.000,0.000,91156.117,9.260,0.000,0.000,1.090,-9.811,-0.037,0.008,0.016,0.013,0.000,0.000
28.847,0,0,0.004,-0.060,8.246,0.016,-0.068,12.673,0.046,-0.002,9.780,0.000,0.000,0.0116870,0.000,9144.000,0.000,6.449,0.000,0.000,0.000,911.468,9.254,883.595,0.080,9.733,0.000,0.954,-0.109,-0.055,-0.095,0.000,0.000,0.000,-0.031,-0.669,-0.034,0.742,0.0000000,0.0000000,0.000,0.000,0.000,0.000,0,00:00:00,-1195,0.000,0.000,91137.398,9.249,0.000,0.000,1.043,-9.776,-0.010,0.008,0.004,-0.008,0.000,0.000
28.948,0,0,0.006,-0.061,8.224,0.026,-0.062,12.670,0.105,0.028,9.974,0.000,0.000,0.0116870,0.000,9144.000,0.000,5.864,0.000,0.000,0.000,911.481,9.255,883.476,-0.076,9.932,0.077,0.924,-0.235,0.106,-0.024,0.000,0.000,0.000,-0.037,-0.669,-0.044,0.741,0.0000000,0.0000000,0.000,0.000,0.000,0.000,0,00:00:00,-1195,0.000,0.000,91141.523,9.251,0.000,0.000,1.017,-9.783,-0.051,-0.017,0.020,-0.017,0.000,0.000
29.049,0,0,0.008,-0.061,8.192,0.024,-0.064,12.658,-0.018,-0.047,9.968,0.000,0.000,0.0116870,0.000,9144.000,0.000,5.894,0.000,0.000,0.000,911.494,9.256,883.359,-0.172,9.911,-0.112,1.059,-0.119,0.012,0.039,0.000,0.000,0.000,-0.045,-0.667,-0.045,0.742,0.0000000,0.0000000,0.000,0.000,0.000,0.000,0,00:00:00,-1195,0.000,0.000,91151.805,9.257,0.000,0.000,1.018,-9.732,0.049,-0.003,-0.007,-0.004,0.000,0.000
29.150,0,0,0.009,-0.061,8.161,0.026,-0.060,12.641,0.032,0.007,9.884,0.000,0.000,0.0116870,0.000,9144.000,0.000,6.031,0.000,0.000,0.000,911.495,9.256,883.355,-0.177,9.830,-0.165,1.017,-0.008,0.041,0.126,0.000,0.000,0.000,-0.049,-0.667,-0.041,0.743,0.0000000,0.0000000,0.000,0.000,0.000,0.000,0,00:00:00,-1195,0.000,0.000,91155.039,9.259,0.000,0.000,1.053,-9.707,0.051,0.010,-0.008,-0.008,0.000,0.000
29.251,0,0,0.011,-0.060,8.130,0.030,-0.050,12.624,0.044,0.062,9.884,0.000,0.000,0.0116870,0.000,9144.000,0.000,6.087,0.000,0.000,0.000,911.495,9.256,883.355,-0.204,9.830,-0.165,1.017,-0.008,0.041,0.126,0.000,0.000,0.000,-0.051,-0.666,-0.039,0.743,0.0000000,0.0000000,0.000,0.000,0.000,0.000,0,00:00:00,-1195,0.000,0.000,91155.039,9.259,0.000,0.000,1.053,-9.707,0.051,0.010,-0.008,-0.008,0.000,0.000
29.352,0,0,0.013,-0.059,8.160,0.032,-0.047,12.638,0.024,-0.003,9.711,0.000,0.000,0.0116870,0.000,9144.000,0.000,6.115,0.000,0.000,0.000,911.451,9.253,883.754,0.214,9.656,-0.108,1.024,-0.026,0.039,-0.127,0.000,0.000,0.000,-0.048,-0.666,-0.045,0.743,0.0000000,0.0000000,0.000,0.000,0.000,0.000,0,00:00:00,-1195,0.000,0.000,91151.844,9.257,0.000,0.000,1.044,-9.783,0.060,0.018,0.010,-0.003,0.000,0.000
29.453,0,0,0.015,-0.057,8.173,0.042,-0.042,12.670,0.107,0.019,10.045,0.000,0.000,0.0116870,0.000,9144.000,0.000,6.195,0.000,0.000,0.000,911.464,9.254,883.634,0.111,9.993,-0.066,1.023,0.006,0.146,0.019,0.000,0.000,0.000,-0.047,-0.665,-0.045,0.744,0.0000000,0.0000000,0.000,0.000,0.000,0.000,0,00:00:00,-1195,0.000,0.000,91149.562,9.256,0.000,0.000,1.050,-9.730,-0.001,0.014,0.009,-0.004,0.000,0.000
29.554,0,0,0.017,-0.056,8.168,0.031,-0.039,12.659,-0.102,-0.000,9.759,0.000,0.000,0.0116870,0.000,9144.000,0.000,6.437,0.000,0.000,0.000,911.479,9.255,883.496,-0.021,9.684,0.034,1.213,0.062,-0.084,-0.153,0.000,0.000,0.000,-0.040,-0.664,-0.048,0.745,0.0000000,0.0000000,0.000,0.000,0.000,0.000,0,00:00:00,-1195,0.000,0.000,91146.031,9.254,0.000,0.000,1.051,-9.778,-0.077,-0.006,-0.008,-0.021,0.000,0.000
29.655,0,0,0.018,-0.054,8.200,0.026,-0.034,12.688,-0.035,0.030,9.883,0.000,0.000,0.0116870,0.000,9144.000,0.000,6.548,0.000,0.000,0.000,911.447,9.253,883.784,0.245,9.810,0.120,1.191,0.284,-0.009,0.012,0.000,0.000,0.000,-0.029,-0.664,-0.039,0.746,0.0000000,0.0000000,0.000,0.000,0.000,0.000,0,00:00:00,-1195,0.000,0.000,91147.102,9.254,0.000,0.000,1.083,-9.775,-0.103,-0.005,-0.001,0.004,0.000,0.000
29.756,0,0,0.019,-0.052,8.154,0.039,-0.034,12.649,0.132,-0.031,9.805,0.000,0.000,0.0116870,0.000,9144.000,0.000,6.702,0.000,0.000,0.000,911.507,9.257,883.242,-0.297,9.760,-0.041,0.950,0.015,0.074,0.102,0.000,0.000,0.000,-0.032,-0.666,-0.034,0.744,0.0000000,0.0000000,0.000,0.000,0.000,0.000,0,00:00:00,-1195,0.000,0.000,91155.234,9.259,0.000,0.000,1.123,-9.754,0.026,-0.024,-0.011,-0.003,0.000,0.000
29.857,0,0,0.021,-0.050,8.143,0.042,-0.028,12.638,0.043,0.031,9.796,0.000,0.000,0.0116870,0.000,9144.000,0.000,6.344,0.000,0.000,0.000,911.482,9.255,883.471,-0.072,9.749,0.111,0.948,-0.029,-0.057,-0.070,0.000,0.000,0.000,-0.030,-0.670,-0.039,0.741,0.0000000,0.0000000,0.000,0.000,0.000,0.000,0,00:00:00,-1195,0.000,0.000,91144.578,9.253,0.000,0.000,1.020,-9.696,0.078,0.002,0.002,0.007,0.000,0.000
29.958,0,0,0.022,-0.048,8.199,0.027,-0.027,12.667,-0.137,-0.015,9.679,0.000,0.000,0.0116870,0.000,9144.000,0.000,5.786,0.000,0.000,0.000,911.429,9.252,883.946,0.412,9.617,-0.062,1.101,-0.122,-0.148,0.069,0.000,0.000,0.000,-0.038,-0.670,-0.039,0.741,0.0000000,0.0000000,0.000,0.000,0.000,0.000,0,00:00:00,-1195,0.000,0.000,91150.758,9.257,0.000,0.000,1.035,-9.804,0.011,0.003,0.003,-0.004,0.000,0.000
30.059,0,0,0.022,-0.046,8.228,0.019,-0.031,12.693,-0.067,-0.066,9.878,0.000,0.000,0.0116870,0.000,9144.000,0.000,5.736,0.000,0.000,0.000,911.446,9.253,883.794,0.248,9.817,0.001,1.108,0.131,0.002,-0.167,0.000,0.000,0.000,-0.030,-0.668,-0.039,0.743,0.0000000,0.0000000,0.000,0.000,0.000,0.000,0,00:00:00,-1195,0.000,0.000,91152.070,9.257,0.000,0.000,1.008,-9.692,-0.053,0.014,0.025,0.007,0.000,0.000
30.160,0,0,0.022,-0.045,8.150,0.015,-0.039,12.623,-0.026,-0.098,9.736,0.000,0.000,0.0116870,0.000,9144.000,0.000,6.092,0.000,0.000,0.000,911.530,9.258,883.030,-0.501,9.682,-0.091,1.026,-0.086,-0.041,-0.048,0.000,0.000,0.000,-0.035,-0.668,-0.040,0.742,0.0000000,0.0000000,0.000,0.000,0.000,0.000,0,00:00:00,-1195,0.000,0.000,91154.281,9.259,0.000,0.000,1.133,-9.674,0.046,-0.001,-0.001,-0.001,0.000,0.000
30.261,0,0,0.021,-0.044,8.082,0.019,-0.023,12.572,0.050,0.132,9.803,0.000,0.000,0.0116870,0.000,9144.000,0.000,5.956,0.000,0.000,0.000,911.534,9.258,883.001,-0.469,9.756,0.104,0.959,0.016,0.013,0.184,0.000,0.000,0.000,-0.036,-0.669,-0.037,0.741,0.0000000,0.0000000,0.000,0.000,0.000,0.000,0,00:00:00,-1195,0.000,0.000,91150.664,9.257,0.000,0.000,1.017,-9.706,0.077,-0.009,0.007,-0.019,0.000,0.000
30.362,0,0,0.021,-0.041,8.091,0.029,-0.018,12.586,0.105,0.031,9.832,0.000,0.000,0.0116870,0.000,9144.000,0.000,5.822,0.000,0.000,0.000,911.474,9.255,883.542,0.053,9.787,0.055,0.937,-0.025,0.143,-0.007,0.000,0.000,0.000,-0.035,-0.668,-0.040,0.742,0.0000000,0.0000000,0.000,0.000,0.000,0.000,0,00:00:00,-1195,0.000,0.000,91138.836,9.250,0.000,0.000,0.972,-9.771,-0.018,0.005,0.001,0.004,0.000,0.000
30.463,0,0,0.022,-0.039,8.070,0.028,-0.013,12.562,0.004,0.030,9.693,0.000,0.000,0.0116870,0.000,9144.000,0.000,6.056,0.000,0.000,0.000,911.495,9.256,883.347,-0.164,9.643,0.073,0.979,0.020,-0.044,0.002,0.000,0.000,0.000,-0.033,-0.670,-0.040,0.741,0.0000000,0.0000000,0.000,0.000,0.000,0.000,0,00:00:00,-1195,0.000,0.000,91164.727,9.265,0.000,0.000,1.082,-9.776,0.079,-0.002,0.006,0.002,0.000,0.000
