SimTime,SimAlt,SimVel,State - Time (s),State - Flight Stage,State - PX (m),State - PY (m),State - PZ (m),State - VX (m/s),State - VY (m/s),State - VZ (m/s),State - AX (m/s/s),State - AY (m/s/s),State - AZ (m/s/s),State - Apogee Est (m),State - Time to Apogee (s),State - Off-Vert Angle (deg),State - Time in Stage (s),HITL_Barometer - Pres (hPa),HITL_Barometer - Temp (C),HITL_Barometer - Alt ASL (m),HITL_GPS - Lat (deg),HITL_GPS - Lon (deg),HITL_GPS - Alt (m),HITL_GPS - vN (m/s),HITL_GPS - vE (m/s),HITL_GPS - vD (m/s),HITL_GPS - Fix Quality,HITL_GPS - Time of Day,HITL_Accelerometer - Acc X (m/s^2),HITL_Accelerometer - Acc Y (m/s^2),HITL_Accelerometer - Acc Z (m/s^2),HITL_Gyroscope - Gyro X (rad/s),HITL_Gyroscope - Gyro Y (rad/s),HITL_Gyroscope - Gyro Z (rad/s),HITL_Magnetometer - Mag X (uT),HITL_Magnetometer - Mag Y (uT),HITL_Magnetometer - Mag Z (uT),MotorDriver - Motor Position,MotorDriver - Motor Angle,MotorDriver - Motor Velocity,MotorDriver - Battery Voltage,Bat Voltage - Voltage (V)
0.44,0.0,0.0,12.577,0,0.000,0.000,-1551.755,0.000,0.000,-246.761,0.000,0.000,-19.620,0.000,0.000,180.000,12.577,1013.250,25.000,0.000,45.0000000,-122.0000000,0.000,0.000,0.000,0.000,8,00:00:00,0.000,0.000,9.810,0.000,0.000,0.000,20.000,10.000,-45.000,-0.026,-0.1,0.051,24.598,4.831
0.72,0.0,0.0,12.834,0,33.603,-91.100,-191.575,1.999,-5.419,-176.563,0.000,0.000,-19.620,0.000,0.000,180.000,12.834,1013.250,25.000,0.000,45.0000000,-122.0000000,0.000,0.000,0.000,0.000,8,00:00:00,0.000,0.000,9.810,0.000,0.000,0.000,20.000,10.000,-45.000,-0.026,-0.1,-0.033,24.603,4.865
0.98,0.0,0.0,13.126,0,44.149,-119.692,-17.854,4.106,-11.131,-129.191,0.000,0.000,-19.620,0.000,0.000,180.000,13.126,1013.250,25.000,0.000,45.0000000,-122.0000000,0.000,0.000,0.000,0.000,8,00:00:00,0.000,0.000,9.810,0.000,0.000,0.000,20.000,10.000,-45.000,-0.026,-0.1,0.016,24.616,4.848
1.24,0.0,0.0,13.374,0,45.261,-122.708,-8.971,4.113,-11.151,-114.830,0.000,0.000,-19.620,0.000,0.000,180.000,13.374,1013.250,25.000,0.000,45.0000000,-122.0000000,0.000,0.000,0.000,0.000,8,00:00:00,0.000,0.000,9.810,0.000,0.000,0.000,20.000,10.000,-45.000,-0.026,-0.1,0.017,24.594,4.848
1.5,-105.88,0.0,15.569,0,40.243,-82.111,-111.074,-2.504,19.300,-65.019,0.035,-0.285,-19.642,0.000,0.000,179.720,15.569,1026.040,12.310,-105.883,39.0824767,-75.8752763,2.190,0.000,0.000,0.000,8,00:00:00,0.029,0.237,9.833,0.000,0.000,0.000,575.000,1971.000,-14220.000,-0.026,-0.1,0.009,24.591,4.842
1.76,-105.88,0.0,15.965,0,38.913,-74.463,-110.584,-2.637,19.343,-63.621,0.036,-0.296,-19.641,0.000,0.000,179.653,15.965,1026.040,12.310,-105.883,39.0824767,-75.8752763,2.190,0.000,0.000,0.000,8,00:00:00,0.029,0.237,9.833,0.000,0.000,0.000,575.000,1971.000,-14220.000,-0.026,-0.1,-0.007,24.587,4.848
2.02,-105.88,0.0,16.259,0,38.822,-73.955,-110.530,-2.394,17.506,-62.719,0.037,-0.305,-19.641,0.000,0.000,179.600,16.259,1026.040,12.310,-105.883,39.0824767,-75.8752763,2.190,0.000,0.000,0.000,8,00:00:00,0.029,0.237,9.833,0.000,0.000,0.000,575.000,1971.000,-14220.000,-0.026,-0.1,0.000,24.607,4.854
2.28,-105.88,0.0,16.508,0,38.851,-74.178,-110.102,-2.080,15.193,-59.075,0.038,-0.313,-19.641,0.000,0.000,179.555,16.508,1026.040,12.310,-105.883,39.0824767,-75.8752763,2.190,0.000,0.000,0.000,8,00:00:00,0.029,0.237,9.833,0.000,0.000,0.000,575.000,1971.000,-14220.000,-0.026,-0.1,-0.009,24.589,4.854
2.54,-105.88,0.0,16.801,0,38.894,-74.497,-109.670,-1.679,12.253,-53.259,0.039,-0.322,-19.641,0.000,0.000,179.499,16.802,1026.040,12.310,-105.883,39.0824767,-75.8752763,2.190,0.000,0.000,0.000,8,00:00:00,0.029,0.237,9.833,0.000,0.000,0.000,575.000,1971.000,-14220.000,-0.026,-0.1,0.002,24.594,4.854
2.8,-105.88,0.0,17.055,0,38.928,-74.748,-109.325,-1.352,9.859,-47.873,0.040,-0.331,-19.640,0.000,0.000,179.450,17.055,1026.040,12.310,-105.883,39.0824767,-75.8752763,2.190,0.000,0.000,0.000,8,00:00:00,0.029,0.237,9.833,0.000,0.000,0.000,575.000,1971.000,-14220.000,-0.026,-0.1,0.034,24.591,4.848
3.06,-105.88,0.0,17.467,0,38.969,-75.050,-108.768,-0.850,6.187,-37.230,0.042,-0.345,-19.640,0.000,0.000,179.368,17.467,1026.040,12.310,-105.883,39.0824767,-75.8752763,2.190,0.000,0.000,0.000,8,00:00:00,0.029,0.237,9.833,0.000,0.000,0.000,575.000,1971.000,-14220.000,-0.026,-0.1,0.027,24.591,4.848
3.32,-105.88,0.0,17.719,0,39.005,-75.311,-108.341,-0.661,4.801,-34.658,0.043,-0.354,-19.639,0.000,0.000,179.315,17.719,1026.040,12.310,-105.883,39.0824767,-75.8752763,2.190,0.000,0.000,0.000,8,00:00:00,0.029,0.237,9.833,0.000,0.000,0.000,575.000,1971.000,-14220.000,-0.026,-0.1,-0.031,24.594,4.831
3.58,-105.88,0.0,18.017,0,39.024,-75.452,-108.216,-0.494,3.575,-32.136,0.045,-0.364,-19.639,0.000,0.000,179.252,18.017,1026.040,12.310,-105.883,39.0824767,-75.8752763,2.190,0.000,0.000,0.000,8,00:00:00,0.029,0.237,9.833,0.000,0.000,0.000,575.000,1971.000,-14220.000,-0.026,-0.1,-0.033,24.573,4.854
3.84,-105.88,0.0,18.262,0,39.039,-75.561,-107.969,-0.381,2.746,-30.132,0.046,-0.374,-19.639,0.000,0.000,179.198,18.262,1026.040,12.310,-105.883,39.0824767,-75.8752763,2.190,0.000,0.000,0.000,8,00:00:00,0.029,0.237,9.833,0.000,0.000,0.000,575.000,1971.000,-14220.000,-0.026,-0.1,0.019,24.598,4.842
4.1,-105.88,0.0,18.559,0,39.050,-75.644,-107.891,-0.273,1.958,-28.145,0.047,-0.385,-19.638,0.000,0.000,179.131,18.559,1026.040,12.310,-105.883,39.0824767,-75.8752763,2.190,0.000,0.000,0.000,8,00:00:00,0.029,0.237,9.833,0.000,0.000,0.000,575.000,1971.000,-14220.000,-0.026,-0.1,0.008,24.580,4.836
4.36,-105.88,0.0,18.807,0,39.059,-75.708,-107.712,-0.202,1.434,-26.646,0.048,-0.395,-19.638,0.000,0.000,179.073,18.807,1026.040,12.310,-105.883,39.0824767,-75.8752763,2.190,0.000,0.000,0.000,8,00:00:00,0.029,0.237,9.833,0.000,0.000,0.000,575.000,1971.000,-14220.000,-0.026,-0.1,-0.002,24.589,4.836
4.62,-105.88,0.0,19.102,0,39.066,-75.761,-107.622,-0.137,0.955,-25.286,0.050,-0.407,-19.637,0.000,0.000,179.002,19.102,1026.040,12.310,-105.883,39.0824767,-75.8752763,2.190,0.000,0.000,0.000,8,00:00:00,0.029,0.237,9.833,0.000,0.000,0.000,575.000,1971.000,-14220.000,-0.026,-0.1,-0.036,24.568,4.836
4.88,-105.88,0.0,19.355,0,39.071,-75.796,-107.581,-0.094,0.640,-24.395,0.051,-0.418,-19.637,0.000,0.000,178.940,19.355,1026.040,12.310,-105.883,39.0824767,-75.8752763,2.190,0.000,0.000,0.000,8,00:00:00,0.029,0.237,9.833,0.000,0.000,0.000,575.000,1971.000,-14220.000,-0.026,-0.1,-0.018,24.584,4.848
5.14,-105.97,0.17,19.648,0,39.076,-75.828,-107.565,-0.046,0.343,-23.645,0.112,-0.617,-19.737,0.000,0.000,178.363,19.649,1026.050,12.310,-105.966,39.0824771,-75.8752764,2.180,0.000,0.000,0.000,8,00:00:00,0.014,0.352,9.941,-0.040,0.071,0.117,544.000,1989.000,-14271.000,-0.026,-0.1,0.034,24.578,4.836
5.4,-105.88,0.16,19.897,0,39.081,-75.852,-107.441,0.023,0.133,-23.005,0.324,-0.599,-19.625,0.000,0.000,177.882,19.897,1026.040,12.300,-105.883,39.0824765,-75.8752762,2.200,0.000,0.000,0.000,8,00:00:00,0.129,0.294,9.833,0.007,0.067,0.036,562.000,2006.000,-14305.000,-0.026,-0.1,0.031,24.578,4.842
5.66,-105.88,0.14,20.310,0,39.091,-75.878,-107.400,0.098,-0.104,-20.824,0.116,-0.320,-19.683,0.000,0.000,179.284,20.310,1026.040,12.300,-105.883,39.0824761,-75.8752762,2.220,0.000,0.000,0.000,8,00:00:00,0.065,0.208,9.876,0.074,-0.021,-0.059,571.000,1992.000,-14304.000,-0.026,-0.1,-0.005,24.584,4.859
5.92,-105.8,0.09,20.563,0,39.093,-75.890,-107.348,0.117,-0.183,-21.357,0.180,-0.484,-19.658,0.000,0.000,179.111,20.563,1026.030,12.310,-105.801,39.0824757,-75.8752767,2.150,0.000,0.000,0.000,8,00:00:00,0.108,0.352,9.855,0.009,0.016,0.138,544.000,1987.000,-14285.000,-0.026,-0.1,0.031,24.584,4.831
6.18,-105.88,0.12,20.857,0,39.096,-75.898,-107.409,0.134,-0.245,-21.791,0.121,-0.359,-19.700,0.000,0.000,179.538,20.857,1026.040,12.320,-105.883,39.0824754,-75.8752768,2.120,0.000,0.000,0.000,8,00:00:00,0.050,0.338,9.891,-0.014,0.020,-0.099,547.000,2007.000,-14272.000,-0.026,-0.1,0.007,24.578,4.831
6.44,-105.88,0.24,21.106,0,39.098,-75.902,-107.373,0.168,-0.286,-21.837,0.244,-0.437,-19.744,0.000,0.000,178.851,21.106,1026.040,12.310,-105.883,39.0824745,-75.8752767,2.080,0.000,0.000,0.000,8,00:00:00,0.086,0.323,9.941,0.041,-0.012,0.022,520.000,2014.000,-14335.000,-0.026,-0.1,0.014,24.573,4.831
6.7,-105.97,0.17,21.402,0,39.101,-75.906,-107.427,0.191,-0.327,-21.844,0.211,-0.420,-19.646,0.000,0.000,179.227,21.402,1026.050,12.320,-105.966,39.0824742,-75.8752767,2.170,0.000,0.000,0.000,8,00:00:00,0.129,0.323,9.841,-0.016,-0.076,-0.046,533.000,2000.000,-14305.000,-0.026,-0.1,0.006,24.568,4.831
6.96,-105.97,0.13,21.655,0,39.101,-75.910,-107.464,0.188,-0.357,-21.792,0.122,-0.479,-19.635,0.000,0.000,178.920,21.655,1026.050,12.310,-105.966,39.0824737,-75.8752775,2.020,0.000,0.000,0.000,8,00:00:00,0.072,0.302,9.833,0.012,-0.014,0.013,508.000,2015.000,-14277.000,-0.026,-0.1,-0.028,24.584,4.859
7.22,-105.88,0.2,21.948,0,39.100,-75.914,-107.400,0.173,-0.420,-21.645,0.139,-0.642,-19.729,0.000,0.000,178.366,21.948,1026.040,12.310,-105.883,39.0824734,-75.8752782,1.860,0.000,0.000,0.000,8,00:00:00,0.079,0.366,9.934,-0.071,0.097,-0.096,540.000,2007.000,-14306.000,-0.026,-0.1,0.012,24.566,4.831
7.48,-105.97,0.16,22.201,0,39.100,-75.921,-107.428,0.182,-0.492,-21.577,0.189,-0.683,-19.716,0.000,0.000,177.515,22.201,1026.050,12.320,-105.966,39.0824729,-75.8752780,1.700,0.000,0.000,0.000,8,00:00:00,0.108,0.259,9.927,0.008,-0.016,0.075,522.000,1988.000,-14281.000,-0.026,-0.1,-0.001,24.552,4.836
7.74,-105.97,0.14,22.495,0,39.101,-75.928,-107.451,0.182,-0.549,-21.515,0.156,-0.686,-19.609,0.000,0.000,177.814,22.495,1026.050,12.320,-105.966,39.0824727,-75.8752784,1.630,0.000,0.000,0.000,8,00:00:00,0.065,0.323,9.819,-0.057,0.067,-0.022,544.000,1969.000,-14319.000,-0.026,-0.1,-0.030,24.568,4.842
8.0,-105.97,0.18,22.745,0,39.102,-75.933,-107.467,0.202,-0.578,-21.493,0.244,-0.576,-19.738,0.000,0.000,178.473,22.745,1026.050,12.300,-105.966,39.0824715,-75.8752782,1.590,0.000,0.000,0.000,8,00:00:00,0.129,0.338,9.941,0.094,-0.007,-0.170,521.000,2029.000,-14354.000,-0.026,-0.1,-0.026,24.580,4.842
8.26,-105.88,0.14,23.151,0,39.106,-75.934,-107.326,0.239,-0.544,-19.908,0.352,-0.458,-19.687,0.000,0.000,177.978,23.151,1026.040,12.300,-105.883,39.0824709,-75.8752782,1.500,0.000,0.000,0.000,8,00:00:00,0.079,0.244,9.891,-0.009,0.001,0.039,525.000,1993.000,-14274.000,-0.026,-0.1,-0.010,24.575,4.825
8.52,-105.88,0.14,23.441,0,39.110,-75.931,-107.278,0.298,-0.568,-20.730,0.459,-0.587,-19.663,0.000,0.000,177.540,23.441,1026.040,12.300,-105.883,39.0824700,-75.8752789,1.460,0.000,0.000,0.000,8,00:00:00,0.165,0.287,9.876,-0.060,0.018,0.150,576.000,2026.000,-14263.000,-0.026,-0.1,-0.010,24.573,4.836
8.78,-105.88,0.12,23.694,0,39.114,-75.934,-107.307,0.332,-0.589,-21.170,0.394,-0.509,-19.701,0.000,0.000,178.138,23.694,1026.040,12.300,-105.883,39.0824692,-75.8752792,1.440,0.000,0.000,0.000,8,00:00:00,0.136,0.338,9.905,0.137,-0.096,-0.058,587.000,1997.000,-14297.000,-0.026,-0.1,-0.018,24.566,4.825
9.04,-105.97,0.1,23.988,0,39.116,-75.934,-107.397,0.343,-0.586,-21.467,0.290,-0.546,-19.681,0.000,0.000,178.358,23.988,1026.050,12.310,-105.966,39.0824683,-75.8752794,1.240,0.000,0.000,0.000,8,00:00:00,0.101,0.345,9.884,-0.011,-0.035,-0.013,514.000,2002.000,-14257.000,-0.026,-0.1,0.014,24.559,4.836
9.3,-105.88,0.12,24.241,0,39.118,-75.936,-107.393,0.352,-0.602,-21.528,0.285,-0.648,-19.680,0.000,0.000,177.447,24.241,1026.040,12.310,-105.883,39.0824678,-75.8752797,1.180,0.000,0.000,0.000,8,00:00:00,0.036,0.294,9.891,-0.053,0.027,0.015,531.000,2011.000,-14320.000,-0.026,-0.1,0.015,24.566,4.848
9.56,-105.88,0.18,24.534,0,39.119,-75.938,-107.377,0.370,-0.638,-21.504,0.386,-0.688,-19.646,0.000,0.000,177.314,24.534,1026.040,12.310,-105.883,39.0824677,-75.8752799,1.250,0.000,0.000,0.000,8,00:00:00,0.158,0.287,9.862,-0.019,-0.046,-0.085,488.000,1997.000,-14249.000,-0.026,-0.1,-0.002,24.559,4.842
9.82,-105.88,0.19,24.783,0,39.121,-75.942,-107.371,0.393,-0.686,-21.484,0.358,-0.837,-19.737,0.000,0.000,176.340,24.783,1026.040,12.310,-105.883,39.0824672,-75.8752798,1.290,0.000,0.000,0.000,8,00:00:00,0.000,0.323,9.963,-0.060,0.044,0.037,492.000,2029.000,-14294.000,-0.026,-0.1,-0.026,24.564,4.836
10.08,-105.88,0.13,25.072,0,39.124,-75.947,-107.360,0.421,-0.744,-21.457,0.437,-0.788,-19.633,0.000,0.000,176.041,25.073,1026.040,12.310,-105.883,39.0824674,-75.8752818,1.250,0.000,0.000,0.000,8,00:00:00,0.086,0.208,9.862,0.002,-0.029,0.044,544.000,2039.000,-14334.000,-0.026,-0.1,-0.013,24.562,4.848
10.34,-105.88,0.16,25.318,0,39.125,-75.951,-107.319,0.440,-0.803,-21.361,0.460,-1.036,-19.673,0.000,0.000,175.665,25.318,1026.040,12.300,-105.883,39.0824667,-75.8752812,1.310,0.000,0.000,0.000,8,00:00:00,0.101,0.388,9.920,-0.082,0.076,0.014,519.000,2015.000,-14262.000,-0.026,-0.1,0.026,24.552,4.836
10.6,-105.88,0.22,25.611,0,39.129,-75.962,-107.361,0.484,-0.896,-21.357,0.611,-1.087,-19.657,0.000,0.000,174.545,25.611,1026.040,12.300,-105.883,39.0824663,-75.8752813,1.320,0.000,0.000,0.000,8,00:00:00,0.086,0.316,9.920,0.009,0.068,0.002,516.000,1968.000,-14299.000,-0.026,-0.1,0.004,24.564,4.831
10.86,-105.97,0.13,26.019,0,39.141,-75.979,-107.362,0.564,-0.970,-19.326,0.743,-1.217,-19.525,0.000,0.000,173.615,26.019,1026.050,12.310,-105.966,39.0824666,-75.8752817,1.310,0.000,0.000,0.000,8,00:00:00,0.086,0.366,9.812,0.026,0.013,0.104,553.000,1959.000,-14247.000,-0.026,-0.1,-0.019,24.571,4.831
11.12,-105.97,0.11,26.308,0,39.145,-75.980,-107.349,0.656,-1.086,-20.444,0.856,-1.270,-19.616,0.000,0.000,172.835,26.308,1026.050,12.310,-105.966,39.0824662,-75.8752815,1.420,0.000,0.000,0.000,8,00:00:00,0.129,0.280,9.920,-0.035,-0.005,-0.038,539.000,2012.000,-14335.000,-0.026,-0.1,0.000,24.582,4.831
11.38,-105.88,0.23,26.557,0,39.152,-75.989,-107.342,0.731,-1.172,-21.023,0.863,-1.238,-19.540,0.000,0.000,172.762,26.557,1026.040,12.310,-105.883,39.0824658,-75.8752811,1.320,0.000,0.000,0.000,8,00:00:00,0.065,0.309,9.841,-0.061,0.015,0.047,541.000,1988.000,-14297.000,-0.026,-0.1,0.017,24.564,4.848
11.64,-105.8,0.28,26.850,0,39.162,-76.000,-107.312,0.819,-1.263,-21.351,0.985,-1.334,-19.572,0.000,0.000,171.992,26.850,1026.030,12.310,-105.801,39.0824653,-75.8752803,1.340,0.000,0.000,0.000,8,00:00:00,0.144,0.251,9.898,-0.017,0.032,0.048,524.000,1962.000,-14380.000,-0.026,-0.1,-0.016,24.548,4.836
11.9,-105.8,0.08,27.099,0,39.166,-76.004,-107.266,0.869,-1.331,-21.372,0.886,-1.417,-19.602,0.000,0.000,172.149,27.099,1026.030,12.290,-105.801,39.0824654,-75.8752809,1.190,0.000,0.000,0.000,8,00:00:00,0.093,0.338,9.927,0.055,-0.026,-0.016,544.000,1965.000,-14265.000,-0.026,-0.1,0.014,24.591,4.842
12.16,-105.8,0.14,27.389,0,39.170,-76.009,-107.255,0.903,-1.366,-21.396,0.921,-1.231,-19.512,0.000,0.000,172.517,27.389,1026.030,12.310,-105.801,39.0824654,-75.8752810,1.140,0.000,0.000,0.000,8,00:00:00,0.115,0.251,9.819,-0.047,0.053,-0.028,537.000,1977.000,-14312.000,-0.026,-0.1,0.015,24.557,4.854
12.42,-105.8,0.13,27.642,0,39.176,-76.014,-107.303,0.951,-1.379,-21.398,1.105,-1.208,-19.546,0.000,0.000,171.975,27.642,1026.030,12.310,-105.801,39.0824656,-75.8752809,0.950,0.000,0.000,0.000,8,00:00:00,0.129,0.251,9.869,0.046,0.048,-0.008,557.000,1992.000,-14274.000,-0.026,-0.1,-0.011,24.557,4.859
12.68,-105.88,0.17,27.932,0,39.180,-76.012,-107.254,1.033,-1.395,-21.268,1.218,-1.266,-19.483,0.000,0.000,171.438,27.932,1026.040,12.310,-105.883,39.0824655,-75.8752816,1.020,0.000,0.000,0.000,8,00:00:00,0.158,0.273,9.826,0.035,-0.005,-0.057,545.000,1955.000,-14259.000,-0.026,-0.1,0.009,24.566,4.848
12.94,-105.88,0.13,28.185,0,39.189,-76.015,-107.338,1.097,-1.395,-21.280,1.203,-1.236,-19.532,0.000,0.000,171.241,28.185,1026.040,12.310,-105.883,39.0824655,-75.8752820,0.980,0.000,0.000,0.000,8,00:00:00,0.057,0.287,9.869,0.022,0.077,-0.148,580.000,1984.000,-14291.000,-0.026,-0.1,0.007,24.557,4.825
13.2,-105.88,0.18,28.479,0,39.198,-76.015,-107.325,1.192,-1.395,-21.169,1.398,-1.235,-19.530,0.000,0.000,170.896,28.479,1026.040,12.310,-105.883,39.0824659,-75.8752837,0.830,0.000,0.000,0.000,8,00:00:00,0.151,0.309,9.891,0.023,0.064,0.009,532.000,1982.000,-14267.000,-0.026,-0.1,0.019,24.559,4.836
13.46,-105.88,0.16,28.847,0,39.212,-76.016,-107.246,1.239,-1.293,-19.633,1.374,-1.151,-19.577,0.000,0.000,170.791,28.847,1026.040,12.300,-105.883,39.0824663,-75.8752844,0.770,0.000,0.000,0.000,8,00:00:00,0.086,0.244,9.927,-0.003,-0.021,-0.073,568.000,1980.000,-14243.000,-0.026,-0.1,0.012,24.571,4.842
13.72,-105.88,0.2,29.145,0,39.216,-76.011,-107.315,1.345,-1.337,-20.573,1.476,-1.242,-19.546,0.000,0.000,170.482,29.145,1026.040,12.300,-105.883,39.0824669,-75.8752854,0.740,0.000,0.000,0.000,8,00:00:00,0.165,0.287,9.920,0.006,0.066,0.025,555.000,2025.000,-14313.000,-0.026,-0.1,-0.012,24.566,4.854
13.98,-105.88,0.16,29.395,0,39.223,-76.012,-107.312,1.440,-1.367,-20.989,1.494,-1.222,-19.589,0.000,0.000,170.095,29.395,1026.040,12.310,-105.883,39.0824673,-75.8752862,0.650,0.000,0.000,0.000,8,00:00:00,0.079,0.287,9.963,0.014,-0.004,-0.066,542.000,2009.000,-14294.000,-0.026,-0.1,-0.027,24.550,4.854
14.24,-105.88,0.11,29.688,0,39.232,-76.015,-107.330,1.524,-1.412,-21.237,1.533,-1.368,-19.490,0.000,0.000,169.178,29.689,1026.040,12.300,-105.883,39.0824671,-75.8752858,0.830,0.000,0.000,0.000,8,00:00:00,0.050,0.280,9.891,-0.036,0.032,0.023,541.000,1987.000,-14300.000,-0.026,-0.1,0.024,24.564,4.831
14.5,-105.88,0.15,29.940,0,39.241,-76.021,-107.362,1.592,-1.460,-21.328,1.505,-1.527,-19.531,0.000,0.000,169.229,29.941,1026.040,12.310,-105.883,39.0824670,-75.8752857,0.920,0.000,0.000,0.000,8,00:00:00,0.086,0.359,9.948,-0.008,-0.088,0.087,545.000,1971.000,-14246.000,-0.026,-0.1,-0.001,24.539,4.836
14.76,-105.88,0.21,30.230,0,39.240,-76.022,-107.316,1.603,-1.509,-21.280,1.468,-1.573,-19.499,0.000,0.000,168.931,30.230,1026.040,12.310,-105.883,39.0824669,-75.8752861,0.860,0.000,0.000,0.000,8,00:00:00,0.072,0.302,9.920,-0.058,0.046,0.063,552.000,1981.000,-14267.000,-0.026,-0.1,0.013,24.562,4.848
15.02,-105.88,0.16,30.483,0,39.248,-76.033,-107.373,1.638,-1.583,-21.307,1.507,-1.585,-19.444,0.000,0.000,168.472,30.483,1026.040,12.300,-105.883,39.0824663,-75.8752856,1.000,0.000,0.000,0.000,8,00:00:00,0.072,0.251,9.876,-0.029,0.015,-0.021,563.000,2005.000,-14310.000,-0.026,-0.1,-0.002,24.568,4.848
15.28,-105.88,0.09,30.776,0,39.249,-76.039,-107.353,1.658,-1.664,-21.210,1.508,-1.843,-19.380,0.000,0.000,167.708,30.777,1026.040,12.300,-105.883,39.0824664,-75.8752861,0.990,0.000,0.000,0.000,8,00:00:00,0.072,0.345,9.855,-0.070,0.080,0.058,555.000,1939.000,-14268.000,-0.026,-0.1,0.010,24.566,4.854
15.54,-105.88,1.34,31.029,0,39.252,-76.049,-107.359,1.669,-1.753,-21.117,1.494,-1.888,-19.143,0.000,0.000,167.085,31.029,1026.040,12.300,-105.883,39.0824656,-75.8752868,0.910,0.000,0.000,0.000,8,00:00:00,0.014,0.366,9.632,-0.035,0.072,0.060,527.000,1995.000,-14254.000,-0.026,-0.1,-0.014,24.580,4.842
15.8,-104.24,43.14,31.323,1,39.342,-76.133,-106.876,3.200,-3.184,-28.260,7.781,-7.923,-56.979,-98.257,0.423,167.239,0.042,1025.840,12.300,-104.236,39.0824670,-75.8752879,1.120,0.000,0.000,0.000,8,00:00:00,0.474,0.093,48.456,-0.074,-0.019,-0.335,370.000,2156.000,-13996.000,-0.026,-0.1,-0.021,24.562,4.842
16.06,-100.28,60.5,31.719,1,39.542,-76.316,-104.092,5.074,-4.826,-33.665,9.236,-7.646,-59.127,-92.061,0.488,166.750,0.439,1025.360,12.300,-100.281,39.0824675,-75.8752899,2.100,0.000,0.000,0.000,8,00:00:00,1.860,-1.271,50.704,-0.062,-0.012,0.439,-1317.000,4246.000,-14450.000,-0.026,-0.1,0.012,24.594,4.848
16.32,-94.18,71.72,32.013,1,39.662,-76.438,-98.810,6.182,-6.125,-38.104,8.069,-9.810,-60.780,-83.896,0.540,167.365,0.733,1024.620,12.310,-94.181,39.0824681,-75.8752928,7.080,0.000,0.000,0.000,8,00:00:00,0.690,1.049,52.514,0.091,-0.070,0.064,1206.000,1349.000,-13890.000,-0.026,-0.1,0.034,24.594,4.848
16.58,-85.11,72.89,32.285,1,39.717,-76.531,-90.370,6.680,-7.178,-39.074,7.109,-7.266,-60.753,-74.288,0.554,169.378,1.004,1023.520,12.300,-85.106,39.0824711,-75.8752905,13.280,0.000,0.000,0.000,8,00:00:00,1.221,-0.294,51.932,0.149,-0.189,0.228,1184.000,1276.000,-13962.000,-0.026,-0.1,-0.001,24.598,4.831
16.84,-76.27,73.86,32.538,1,39.773,-76.614,-81.844,6.747,-7.306,-38.819,3.732,-5.790,-61.384,-65.688,0.545,172.861,1.257,1022.450,12.310,-76.271,39.0824739,-75.8752854,24.830,0.000,0.000,0.000,8,00:00:00,-0.330,0.783,52.025,0.214,-0.208,-0.069,1079.000,1166.000,-13939.000,-0.026,-0.1,0.039,24.610,4.854
17.1,-61.48,79.55,32.829,1,39.716,-76.544,-65.952,6.085,-6.216,-33.893,3.134,0.129,-67.386,-54.035,0.439,176.645,1.548,1020.660,12.300,-61.475,39.0824753,-75.8752782,34.890,0.000,0.000,0.000,8,00:00:00,1.077,-2.902,57.578,0.175,-0.050,0.116,970.000,1068.000,-13977.000,-0.025,-0.1,-0.021,24.619,4.836
17.36,-43.1,92.51,33.078,1,39.639,-76.441,-49.632,5.132,-5.242,-29.111,0.646,-2.005,-71.257,-37.869,0.359,177.282,1.797,1018.440,12.300,-43.096,39.0824805,-75.8752649,53.510,0.000,0.000,0.000,8,00:00:00,-0.237,-0.776,61.478,-0.009,-0.001,0.184,898.000,996.000,-13970.000,-0.025,-0.1,0.018,24.632,4.854
17.62,-16.3,90.18,33.371,1,39.550,-76.361,-25.047,4.220,-4.717,-19.895,-0.906,-6.620,-67.177,-13.725,0.258,176.648,2.090,1015.210,12.290,-16.296,39.0824853,-75.8752392,76.510,0.000,0.000,0.000,8,00:00:00,-1.472,3.642,57.621,-0.071,-0.195,0.234,897.000,883.000,-13961.000,-0.025,-0.1,0.020,24.630,4.848
17.88,2.83,85.15,33.621,1,39.474,-76.335,-4.916,3.656,-4.431,-14.192,1.651,-2.598,-69.368,4.101,0.179,176.811,2.340,1012.910,12.290,2.829,39.0824889,-75.8752173,94.130,0.000,0.000,0.000,8,00:00:00,1.164,-0.984,59.618,-0.054,-0.256,0.404,868.000,861.000,-13970.000,-0.025,-0.1,-0.016,24.642,4.848
18.14,30.92,79.81,33.914,1,39.378,-76.290,24.735,2.349,-3.952,-3.671,-4.275,-2.214,-67.285,31.003,0.048,176.374,2.633,1009.540,12.280,30.916,39.0824962,-75.8751775,124.250,0.000,0.000,0.000,8,00:00:00,-0.977,0.697,57.664,-0.006,-0.244,0.467,795.000,556.000,-13903.000,-0.025,-0.1,0.025,24.642,4.842
18.4,62.84,92.01,34.162,1,39.222,-76.231,56.072,0.740,-3.288,8.437,-3.415,-0.179,-68.003,62.845,0.000,177.528,2.881,1005.720,12.280,62.845,39.0825023,-75.8751476,146.870,0.000,0.000,0.000,8,00:00:00,-1.156,0.036,58.282,0.226,0.183,1.043,703.000,407.000,-13975.000,-0.025,-0.1,0.029,24.655,4.848
18.66,96.97,95.11,34.588,1,39.136,-76.114,89.893,0.505,-1.635,14.852,1.781,1.370,-63.786,96.972,0.000,178.768,3.307,1001.650,12.270,96.972,39.0825064,-75.8750844,183.360,0.000,0.000,0.000,8,00:00:00,0.223,-1.235,54.008,0.023,-0.016,1.473,663.000,-138.000,-13944.000,-0.025,-0.1,-0.037,24.685,4.842
18.92,134.58,75.39,34.837,1,39.141,-76.004,125.842,0.732,-0.952,24.521,2.421,-0.128,-61.527,134.582,0.000,177.425,3.556,997.180,12.260,134.582,39.0825175,-75.8750140,223.730,0.000,0.000,0.000,8,00:00:00,1.164,-0.223,51.760,0.232,0.037,1.570,793.000,-667.000,-13968.000,-0.024,-0.1,-0.041,24.655,4.836
19.18,175.38,70.5,35.131,1,39.202,-75.931,166.674,1.539,-0.269,34.829,4.882,0.571,-56.232,175.375,0.000,176.580,3.850,992.350,12.250,175.375,39.0825166,-75.8749722,252.290,0.000,0.000,0.000,8,00:00:00,-0.618,-2.241,46.624,0.007,0.044,2.012,1283.000,-1243.000,-13942.000,-0.024,-0.1,-0.010,24.676,4.848
19.44,217.77,70.61,35.384,1,39.265,-75.887,205.972,2.141,0.008,46.892,4.794,-0.207,-52.181,217.774,0.000,175.741,4.103,987.350,12.250,217.774,39.0825098,-75.8749048,296.140,0.000,0.000,0.000,8,00:00:00,-0.963,-1.573,42.602,0.120,-0.038,2.069,1871.000,-1492.000,-14033.000,-0.024,-0.1,0.011,24.664,4.848
19.7,263.16,77.39,35.677,1,39.343,-75.877,258.176,2.955,0.009,64.059,6.079,0.456,-49.903,263.163,0.000,175.319,4.396,982.020,12.230,263.163,39.0825112,-75.8748459,328.430,0.000,0.000,0.000,8,00:00:00,-2.837,-0.093,40.454,-0.066,0.010,2.097,2728.000,-1432.000,-14020.000,-0.024,-0.1,0.005,24.674,4.854
19.96,310.81,57.64,35.927,1,39.384,-75.886,300.485,3.028,-0.176,75.274,1.971,-0.677,-44.744,310.809,0.000,176.420,4.646,976.450,12.290,310.809,39.0825132,-75.8747580,380.060,0.000,0.000,0.000,8,00:00:00,-0.158,-0.718,34.988,0.116,-0.003,2.022,3219.000,-1059.000,-14060.000,-0.024,-0.1,0.024,24.683,4.842
20.22,359.71,49.79,36.220,1,39.387,-75.910,351.683,3.045,-0.483,87.918,2.427,-2.015,-41.590,359.709,0.000,176.923,4.939,970.760,12.280,359.709,39.0825183,-75.8746617,436.040,0.000,0.000,0.000,8,00:00:00,-1.501,0.302,31.899,0.159,-0.147,2.065,3484.000,-159.000,-14104.000,-0.024,-0.1,-0.011,24.692,4.848
20.48,410.92,45.47,36.478,1,39.370,-75.945,402.912,2.544,-0.847,102.595,-0.034,-2.680,-37.684,410.920,0.000,177.526,5.197,964.830,12.270,410.920,39.0825217,-75.8745888,474.020,0.000,0.000,0.000,8,00:00:00,-2.176,-0.862,27.905,0.035,0.027,2.041,3382.000,485.000,-14077.000,-0.024,-0.1,-0.004,24.703,4.831
20.74,463.52,56.18,36.773,1,39.293,-75.976,455.019,1.805,-1.073,110.862,-0.428,-0.189,-35.671,463.517,0.000,178.357,5.492,958.770,12.260,463.517,39.0825238,-75.8745109,512.020,0.000,0.000,0.000,8,00:00:00,-0.445,-0.941,25.844,0.037,-0.051,1.974,2714.000,1195.000,-14026.000,-0.024,-0.1,-0.033,24.696,4.854
21.0,503.36,44.09,37.025,1,39.227,-75.970,502.754,1.145,-0.908,118.706,-0.240,-1.055,-34.941,503.361,0.000,179.563,5.744,954.200,12.250,503.361,39.0825265,-75.8743899,569.830,0.000,0.000,0.000,8,00:00:00,-0.769,0.912,25.126,0.224,0.038,1.991,2141.000,1434.000,-14027.000,-0.024,-0.1,-0.010,24.676,4.831
21.26,571.99,28.53,37.452,1,39.152,-75.906,564.894,0.389,-0.042,118.154,0.759,-1.047,-28.908,571.987,0.000,179.185,6.171,946.370,12.250,571.987,39.0825316,-75.8742607,629.650,0.000,0.000,0.000,8,00:00:00,1.458,0.560,19.078,0.063,0.001,2.093,1261.000,1256.000,-14043.000,-0.023,-0.1,0.023,24.694,4.842
21.52,625.06,20.25,37.704,2,39.119,-75.854,615.727,0.118,0.527,128.341,-1.640,2.803,-18.684,625.062,0.000,177.967,0.039,940.350,12.250,625.062,39.0825376,-75.8741205,689.610,0.000,0.000,0.000,8,00:00:00,-2.931,0.294,8.979,0.098,0.037,2.374,745.000,609.000,-13968.000,0.285,0.9,-9.415,24.598,4.836
21.78,677.7,20.96,38.123,2,39.118,-75.782,672.327,0.449,0.987,126.262,0.916,1.846,-12.176,677.703,0.000,176.689,0.458,934.410,12.250,677.703,39.0825404,-75.8740233,729.350,0.000,0.000,0.000,8,00:00:00,-1.925,0.000,2.478,0.003,-0.056,2.242,664.000,-88.000,-13910.000,4.479,13.8,-10.260,24.660,4.836
22.04,728.47,-1.04,38.376,2,39.130,-75.783,719.633,0.536,0.792,135.932,0.232,-1.340,-6.302,728.472,0.000,175.941,0.711,928.710,12.250,728.472,39.0825440,-75.8738753,788.680,0.000,0.000,0.000,8,00:00:00,0.244,-1.164,-3.570,0.078,-0.122,2.293,1123.000,-972.000,-14001.000,7.323,22.5,-10.433,24.696,4.825
22.3,768.28,-14.9,38.667,2,39.155,-75.807,770.881,0.776,0.453,143.148,1.204,-1.837,-5.106,768.284,0.000,175.868,1.002,924.260,12.250,768.284,39.0825468,-75.8737768,828.550,0.000,0.000,0.000,8,00:00:00,-1.623,-1.408,-4.726,-0.022,-0.148,2.150,1692.000,-1354.000,-13978.000,10.107,31.1,-10.231,24.674,4.854
22.56,820.5,-11.9,38.921,2,39.157,-75.849,821.610,0.744,0.001,153.372,1.480,-2.101,-2.328,820.496,0.000,176.205,1.256,918.450,12.230,820.496,39.0825536,-75.8736319,888.780,0.000,0.000,0.000,8,00:00:00,-2.658,-0.180,-7.449,0.044,-0.002,2.236,2565.000,-1428.000,-13970.000,12.868,39.6,-10.263,24.685,4.848
22.82,886.48,0.7,39.216,2,39.151,-75.909,880.729,0.621,-0.509,163.481,0.376,0.238,-3.348,886.479,0.000,177.432,1.551,911.150,12.220,886.479,39.0825600,-75.8734932,946.570,0.000,0.000,0.000,8,00:00:00,0.251,0.690,-6.436,-0.005,-0.105,2.204,3265.000,-796.000,-13977.000,15.662,48.2,-9.945,24.671,4.842
23.08,925.27,-6.18,39.465,2,39.136,-75.928,923.366,0.417,-0.667,164.191,-0.829,-1.941,-3.151,925.274,0.000,178.456,1.800,906.880,12.210,925.274,39.0825642,-75.8734069,985.980,0.000,0.000,0.000,8,00:00:00,-1.968,-0.086,-6.702,0.070,0.055,2.166,3369.000,-227.000,-14052.000,18.397,56.6,-9.987,24.676,4.831
23.34,988.83,-15.69,39.761,2,39.095,-75.960,982.254,-0.049,-0.899,171.970,-0.730,-0.765,-3.852,988.825,0.000,179.331,2.096,899.920,12.220,988.825,39.0825718,-75.8732699,1040.340,0.000,0.000,0.000,8,00:00:00,-0.977,0.172,-5.969,-0.060,-0.082,2.071,3231.000,625.000,-14032.000,19.489,60.0,-0.146,24.685,4.848
23.6,1024.89,-8.19,40.011,2,39.060,-75.964,1026.332,-0.353,-0.846,172.501,-0.885,0.132,-2.695,1024.886,0.000,178.842,2.346,895.990,12.220,1024.886,39.0825778,-75.8731779,1075.100,0.000,0.000,0.000,8,00:00:00,-0.776,-0.388,-7.118,0.117,0.038,1.981,2899.000,1051.000,-13994.000,19.496,60.0,-0.018,24.678,4.836
23.86,1073.26,4.29,40.437,2,39.032,-75.923,1076.528,-0.525,-0.284,151.390,-1.531,0.332,-4.573,1073.260,0.000,178.429,2.772,890.740,12.230,1073.260,39.0825873,-75.8730430,1126.860,0.000,0.000,0.000,8,00:00:00,-1.429,0.646,-5.236,0.030,0.013,2.055,2075.000,1358.000,-14012.000,19.497,60.0,-0.018,24.680,4.842
24.12,1118.52,-6.87,40.686,2,39.029,-75.893,1116.631,-0.534,-0.060,152.443,-0.134,1.592,-4.826,1118.524,0.000,176.977,3.021,885.850,12.210,1118.524,39.0825937,-75.8729095,1177.840,0.000,0.000,0.000,8,00:00:00,-1.724,-0.596,-4.906,0.076,-0.080,2.043,1302.000,1143.000,-14027.000,19.502,60.0,0.008,24.694,4.854
24.38,1164.55,-14.1,40.978,2,39.036,-75.860,1163.016,-0.411,0.202,152.812,1.212,0.362,-4.671,1164.551,0.000,178.096,3.313,880.900,12.220,1164.551,39.0825981,-75.8728211,1211.500,0.000,0.000,0.000,8,00:00:00,-0.869,-1.085,-5.107,0.032,-0.057,2.109,956.000,732.000,-14012.000,19.503,60.0,0.009,24.715,4.842
24.64,1208.73,-6.43,41.227,2,39.054,-75.849,1207.042,-0.197,0.279,156.338,1.092,0.381,-3.638,1208.728,0.000,178.747,3.562,876.170,12.230,1208.728,39.0826026,-75.8727328,1244.520,0.000,0.000,0.000,8,00:00:00,-1.164,-0.431,-6.156,0.039,0.023,1.991,808.000,12.000,-13979.000,19.502,60.0,0.018,24.692,4.842
24.9,1250.56,3.61,41.523,2,39.084,-75.834,1252.569,0.087,0.413,154.487,0.123,0.284,-5.077,1250.560,0.000,178.892,3.858,871.710,12.240,1250.560,39.0826072,-75.8726020,1291.390,0.000,0.000,0.000,8,00:00:00,-0.237,0.323,-4.726,-0.035,0.042,1.870,893.000,-481.000,-13963.000,19.502,60.0,-0.027,24.699,4.848
25.16,1293.04,-5.89,41.773,2,39.103,-75.831,1290.267,0.266,0.376,152.795,0.472,-0.325,-4.674,1293.038,0.000,179.214,4.108,867.200,12.240,1293.038,39.0826099,-75.8724706,1337.250,0.000,0.000,0.000,8,00:00:00,-0.481,-0.158,-5.143,0.054,-0.032,1.753,1413.000,-1080.000,-13965.000,19.502,60.0,0.026,24.712,4.842
25.42,1333.14,-15.17,42.064,2,39.118,-75.846,1334.812,0.355,0.195,151.490,-0.206,-0.503,-5.324,1333.136,0.000,178.312,4.399,862.960,12.240,1333.136,39.0826138,-75.8723424,1382.590,0.000,0.000,0.000,8,00:00:00,-0.237,-0.632,-4.468,0.134,-0.006,1.822,1776.000,-1281.000,-13932.000,19.502,60.0,-0.013,24.694,4.836
25.68,1372.82,-6.96,42.318,2,39.129,-75.859,1371.660,0.553,0.077,149.119,1.285,-0.546,-6.251,1372.824,0.000,176.315,4.653,858.780,12.240,1372.824,39.0826156,-75.8722574,1412.640,0.000,0.000,0.000,8,00:00:00,-1.085,0.804,-3.577,0.167,-0.002,1.583,2458.000,-1322.000,-13961.000,19.502,60.0,-0.018,24.685,4.825
25.94,1410.66,0.29,42.604,2,39.134,-75.870,1410.479,0.492,-0.030,144.500,-0.597,-0.343,-5.725,1410.662,0.000,174.762,4.939,854.810,12.240,1410.662,39.0826196,-75.8721288,1455.970,0.000,0.000,0.000,8,00:00:00,-0.711,-0.769,-4.008,0.105,-0.056,1.653,2998.000,-1056.000,-13948.000,19.502,60.0,0.002,24.699,4.836
26.2,1438.87,-8.07,42.858,2,39.124,-75.883,1443.621,0.350,-0.175,140.102,-0.276,-0.731,-6.335,1438.871,0.000,174.130,5.193,851.860,12.250,1438.871,39.0826235,-75.8720444,1484.500,0.000,0.000,0.000,8,00:00:00,-1.092,-0.014,-3.390,0.123,0.012,1.587,3242.000,-752.000,-13993.000,19.502,60.0,0.008,24.701,4.848
26.46,1484.46,-9.28,43.284,2,39.104,-75.897,1482.512,0.118,-0.252,118.289,-0.461,-0.424,-6.903,1484.459,0.000,173.447,5.619,847.110,12.240,1484.459,39.0826287,-75.8719178,1525.770,0.000,0.000,0.000,8,00:00:00,-0.905,0.230,-2.823,0.011,-0.015,1.634,3387.000,-163.000,-13991.000,19.501,60.0,0.023,24.708,4.848
26.72,1519.44,-2.74,43.533,2,39.087,-75.897,1516.326,-0.059,-0.260,119.975,-1.315,-0.617,-6.474,1519.438,0.000,173.228,5.868,843.480,12.240,1519.438,39.0826337,-75.8718358,1552.260,0.000,0.000,0.000,8,00:00:00,-1.666,0.754,-3.146,0.042,0.063,1.526,3305.000,231.000,-13978.000,19.501,60.0,-0.004,24.706,4.848
26.98,1554.25,0.18,43.829,2,39.072,-75.891,1552.695,-0.101,-0.125,119.201,-0.106,0.328,-6.361,1554.248,0.000,173.997,6.164,839.880,12.200,1554.248,39.0826411,-75.8717128,1590.900,0.000,0.000,0.000,8,00:00:00,-0.524,0.000,-3.426,0.056,0.009,1.525,3021.000,897.000,-13982.000,19.501,60.0,0.002,24.699,4.848
27.24,1579.27,-11.97,44.083,2,39.072,-75.876,1581.140,-0.122,0.027,115.964,-0.453,0.458,-7.042,1579.270,0.000,173.753,6.418,837.300,12.190,1579.270,39.0826460,-75.8716313,1616.180,0.000,0.000,0.000,8,00:00:00,-0.769,0.338,-2.715,-0.056,-0.006,1.531,2657.000,1128.000,-13890.000,19.501,60.0,-0.044,24.692,4.848
27.5,1611.76,-10.77,44.379,2,39.073,-75.866,1615.290,-0.046,0.087,113.641,0.702,0.117,-7.504,1611.755,0.000,174.538,6.714,833.960,12.190,1611.755,39.0826550,-75.8715073,1652.740,0.000,0.000,0.000,8,00:00:00,0.029,-0.488,-2.363,0.075,-0.057,1.500,2091.000,1335.000,-13930.000,19.501,60.0,-0.000,24.708,4.836
27.76,1643.66,-5.22,44.629,2,39.079,-75.856,1643.951,-0.033,0.211,111.916,-0.220,0.419,-7.677,1643.662,0.000,175.841,6.964,830.690,12.190,1643.662,39.0826573,-75.8714662,1664.770,0.000,0.000,0.000,8,00:00:00,-0.366,0.424,-2.112,0.009,-0.085,1.373,1699.000,1283.000,-13919.000,19.501,60.0,-0.021,24.722,4.836
28.02,1674.49,-4.36,44.925,2,39.079,-75.841,1678.296,-0.008,0.312,110.633,0.447,-0.031,-7.291,1674.494,0.000,177.499,7.260,827.540,12.200,1674.494,39.0826660,-75.8713030,1711.260,0.000,0.000,0.000,8,00:00:00,-0.151,-0.302,-2.536,0.112,-0.093,1.440,1216.000,980.000,-13872.000,19.501,60.0,-0.018,24.703,4.848
28.28,1704.54,-12.36,45.179,2,39.086,-75.837,1705.012,0.033,0.367,107.687,-0.320,0.819,-7.358,1704.536,0.000,178.164,7.514,824.480,12.200,1704.536,39.0826738,-75.8711827,1744.760,0.000,0.000,0.000,8,00:00:00,-0.215,0.862,-2.449,0.057,0.060,1.302,1024.000,765.000,-13962.000,19.501,60.0,0.014,24.703,4.836
28.54,1740.79,-9.32,45.470,2,39.087,-75.832,1738.188,0.055,0.388,107.362,-0.148,0.125,-7.850,1740.786,0.000,178.227,7.805,820.800,12.180,1740.786,39.0826804,-75.8710596,1776.950,0.000,0.000,0.000,8,00:00:00,0.136,0.115,-1.961,0.102,-0.112,1.276,805.000,255.000,-13846.000,19.501,60.0,0.002,24.712,4.848
28.8,1762.03,-2.64,45.724,2,39.092,-75.833,1763.194,0.140,0.392,103.826,0.607,0.623,-8.578,1762.025,0.000,177.575,8.059,818.650,12.190,1762.025,39.0826849,-75.8709790,1798.030,0.000,0.000,0.000,8,00:00:00,-0.611,0.582,-1.250,0.068,-0.123,1.427,712.000,-186.000,-13878.000,19.501,60.0,-0.002,24.717,4.842
29.06,1789.36,-6.78,46.163,2,39.104,-75.832,1791.394,0.235,0.330,84.701,0.305,-0.499,-8.234,1789.356,0.000,175.791,8.499,815.890,12.190,1789.356,39.0826908,-75.8708596,1828.740,0.000,0.000,0.000,8,00:00:00,-0.618,-0.323,-1.530,0.040,-0.032,1.428,954.000,-721.000,-13912.000,19.500,60.0,-0.019,24.703,4.848
29.32,1815.77,-13.34,46.417,2,39.110,-75.845,1814.306,0.295,0.188,83.877,0.281,-0.534,-8.111,1815.768,0.000,174.840,8.752,813.230,12.200,1815.768,39.0826965,-75.8707427,1858.300,0.000,0.000,0.000,8,00:00:00,-0.733,-0.172,-1.638,0.026,-0.003,1.180,1278.000,-1230.000,-13961.000,19.500,60.0,0.023,24.710,4.842
29.58,1841.45,-8.96,46.708,2,39.111,-75.858,1842.690,0.283,0.081,84.643,0.111,-0.558,-8.614,1841.453,0.000,173.775,9.043,810.650,12.200,1841.453,39.0826995,-75.8706616,1877.840,0.000,0.000,0.000,8,00:00:00,-0.690,-0.079,-1.128,0.017,-0.007,1.232,1666.000,-1405.000,-13951.000,19.497,60.0,0.085,24.710,4.836
29.84,1866.6,-3.46,46.962,2,39.107,-75.864,1865.868,0.212,0.055,83.983,0.264,-0.090,-8.263,1866.604,0.000,173.122,9.297,808.130,12.190,1866.604,39.0827052,-75.8705414,1905.890,0.000,0.000,0.000,8,00:00:00,-0.280,0.309,-1.516,0.003,-0.007,1.159,2192.000,-1536.000,-14053.000,19.495,60.0,0.014,24.722,4.842
30.1,1890.62,-7.41,47.258,2,39.098,-75.867,1890.090,0.113,0.049,81.193,-0.077,0.227,-8.545,1890.617,0.000,172.248,9.593,805.730,12.180,1890.617,39.0827116,-75.8704205,1932.920,0.000,0.000,0.000,8,00:00:00,0.057,-0.036,-1.286,-0.039,-0.069,0.908,2729.000,-1486.000,-13972.000,19.496,60.0,0.002,24.710,4.842
30.36,1913.78,-13.53,47.507,2,39.092,-75.865,1912.369,0.069,0.048,80.798,0.074,-0.245,-8.721,1913.784,0.000,171.877,9.842,803.420,12.180,1913.784,39.0827161,-75.8703395,1950.010,0.000,0.000,0.000,8,00:00:00,-0.273,0.302,-1.042,-0.006,-0.032,0.885,3025.000,-1354.000,-13968.000,19.496,60.0,0.008,24.703,4.848
30.62,1936.3,-10.25,47.803,2,39.086,-75.871,1937.018,0.006,-0.031,79.153,-0.133,-0.218,-8.752,1936.300,0.000,171.671,10.138,801.180,12.180,1936.300,39.0827205,-75.8702589,1966.350,0.000,0.000,0.000,8,00:00:00,-0.294,0.208,-1.027,-0.078,-0.011,1.118,3309.000,-1133.000,-14026.000,19.496,60.0,-0.008,24.696,4.842
30.88,1957.96,-5.4,48.057,2,39.080,-75.874,1957.309,-0.064,-0.036,77.384,-0.390,-0.070,-8.828,1957.960,0.000,172.482,10.392,799.030,12.190,1957.960,39.0827275,-75.8701388,1990.680,0.000,0.000,0.000,8,00:00:00,-0.374,-0.007,-0.991,0.031,-0.021,1.002,3543.000,-706.000,-14076.000,19.496,60.0,0.000,24.712,4.848
31.14,1978.96,-10.08,48.349,2,39.074,-75.873,1979.929,-0.113,-0.019,75.219,-0.350,0.050,-8.545,1978.960,0.000,172.187,10.684,796.950,12.190,1978.960,39.0827346,-75.8700194,2014.140,0.000,0.000,0.000,8,00:00:00,-0.266,0.036,-1.286,0.045,0.011,1.054,3645.000,-214.000,-14088.000,19.497,60.0,-0.018,24.694,4.842
31.4,1994.23,-14.94,48.598,2,39.070,-75.872,1996.566,-0.150,-0.033,71.501,-0.349,-0.206,-8.993,1994.233,0.000,172.139,10.933,795.440,12.180,1994.233,39.0827402,-75.8699410,2029.120,0.000,0.000,0.000,8,00:00:00,-0.273,0.294,-0.819,0.107,0.017,0.935,3614.000,145.000,-14028.000,19.502,60.0,-0.036,24.712,4.854
31.66,2018.66,-10.24,49.024,2,39.066,-75.874,2017.450,-0.163,-0.042,59.539,-0.155,0.030,-8.785,2018.657,0.000,173.502,11.359,793.030,12.190,2018.657,39.0827489,-75.8698233,2051.120,0.000,0.000,0.000,8,00:00:00,-0.043,0.065,-1.034,0.057,-0.029,0.773,3449.000,608.000,-14126.000,19.502,60.0,-0.021,24.708,4.836
31.92,2037.24,-4.21,49.278,2,39.064,-75.873,2034.975,-0.208,-0.022,59.334,-0.345,-0.022,-9.080,2037.244,0.000,174.042,11.613,791.200,12.180,2037.244,39.0827584,-75.8697066,2072.300,0.000,0.000,0.000,8,00:00:00,-0.194,0.215,-0.754,0.115,-0.035,0.719,3209.000,1046.000,-14059.000,19.502,60.0,0.010,24.717,4.842
32.18,2055.25,-10.73,49.551,2,39.060,-75.870,2053.710,-0.258,0.016,59.123,-0.252,0.188,-9.065,2055.254,0.000,173.534,11.887,789.430,12.190,2055.254,39.0827636,-75.8696289,2085.830,0.000,0.000,0.000,8,00:00:00,-0.223,0.050,-0.776,0.008,-0.037,0.936,2994.000,1223.000,-13948.000,19.502,60.0,-0.014,24.708,4.836
32.44,2072.28,-15.99,49.848,2,39.058,-75.865,2071.401,-0.278,0.074,57.126,-0.404,0.188,-9.159,2072.277,0.000,172.324,12.183,787.760,12.180,2072.277,39.0827706,-75.8695142,2104.970,0.000,0.000,0.000,8,00:00:00,-0.266,0.237,-0.704,0.028,0.069,0.855,2597.000,1497.000,-14014.000,19.502,60.0,0.008,24.715,4.836
32.7,2088.72,-11.87,50.121,2,39.056,-75.862,2087.960,-0.266,0.079,55.697,-0.283,0.013,-9.230,2088.715,0.000,171.225,12.456,786.150,12.190,2088.715,39.0827781,-75.8694010,2122.740,0.000,0.000,0.000,8,00:00:00,-0.014,0.208,-0.611,0.097,0.041,0.815,2294.000,1600.000,-14092.000,19.502,60.0,-0.016,24.703,4.836
32.96,2100.68,-7.62,50.393,2,39.058,-75.861,2102.244,-0.251,0.096,52.761,-0.268,0.154,-9.258,2100.679,0.000,170.435,12.728,784.980,12.170,2100.679,39.0827842,-75.8693241,2134.030,0.000,0.000,0.000,8,00:00:00,-0.115,0.180,-0.596,0.010,-0.015,0.809,1849.000,1661.000,-14074.000,19.501,60.0,0.042,24.724,4.836
33.22,2115.73,-12.73,50.646,2,39.059,-75.860,2115.707,-0.240,0.098,50.659,-0.410,0.176,-9.423,2115.730,0.000,169.815,12.981,783.510,12.190,2115.730,39.0827944,-75.8692092,2150.260,0.000,0.000,0.000,8,00:00:00,-0.093,0.359,-0.460,0.104,-0.077,0.635,1608.000,1582.000,-14095.000,19.501,60.0,0.023,24.715,4.848
33.48,2133.57,-14.67,50.938,2,39.060,-75.859,2132.430,-0.222,0.109,49.898,-0.105,0.251,-9.424,2133.575,0.000,168.735,13.273,781.770,12.190,2133.575,39.0828062,-75.8690945,2165.080,0.000,0.000,0.000,8,00:00:00,-0.194,0.108,-0.417,0.087,0.015,0.778,1225.000,1465.000,-14105.000,19.501,60.0,0.012,24.712,4.848
33.74,2143.74,-11.91,51.196,2,39.061,-75.857,2143.633,-0.218,0.129,46.338,-0.302,0.164,-9.497,2143.743,0.000,167.035,13.531,780.780,12.180,2143.743,39.0828140,-75.8690186,2174.800,0.000,0.000,0.000,8,00:00:00,0.000,0.266,-0.381,0.126,-0.026,0.659,1039.000,1348.000,-14062.000,19.501,60.0,-0.016,24.685,4.842
34.0,2159.79,-9.08,51.487,2,39.062,-75.855,2158.555,-0.207,0.141,45.185,-0.261,0.129,-9.329,2159.786,0.000,165.028,13.822,779.220,12.180,2159.786,39.0828227,-75.8689047,2189.370,0.000,0.000,0.000,8,00:00:00,0.022,0.158,-0.539,0.078,-0.018,0.735,791.000,1126.000,-14065.000,19.501,60.0,0.025,24.710,4.848
34.26,2168.95,-14.46,51.894,2,39.062,-75.856,2169.064,-0.184,0.110,34.103,-0.081,0.094,-9.325,2168.951,0.000,163.909,14.229,778.330,12.170,2168.951,39.0828290,-75.8688287,2198.380,0.000,0.000,0.000,8,00:00:00,-0.065,0.014,-0.496,0.075,0.071,0.874,588.000,918.000,-14142.000,19.501,60.0,-0.004,24.708,4.848
34.52,2183.28,-12.21,52.185,2,39.065,-75.856,2181.768,-0.175,0.129,33.650,-0.117,0.096,-9.569,2183.281,0.000,163.196,14.520,776.940,12.180,2183.281,39.0828371,-75.8687160,2212.110,0.000,0.000,0.000,8,00:00:00,0.022,0.079,-0.273,0.020,-0.038,0.617,368.000,581.000,-14107.000,19.501,60.0,0.016,24.715,4.854
34.78,2191.33,-11.67,52.439,2,39.066,-75.855,2190.618,-0.153,0.136,31.752,-0.014,0.079,-9.598,2191.332,0.000,162.011,14.774,776.160,12.190,2191.332,39.0828394,-75.8686784,2216.350,0.000,0.000,0.000,8,00:00:00,-0.057,0.043,-0.215,0.058,-0.052,0.711,311.000,177.000,-14113.000,19.501,60.0,-0.023,24.701,4.842
35.04,2201.35,-10.55,52.730,2,39.069,-75.855,2201.131,-0.130,0.136,30.199,-0.170,0.066,-9.579,2201.352,0.000,159.722,15.065,775.190,12.180,2201.352,39.0828498,-75.8685289,2232.530,0.000,0.000,0.000,8,00:00:00,0.086,0.029,-0.280,0.028,-0.197,0.589,339.000,-136.000,-14172.000,19.501,60.0,0.021,24.717,4.859
35.3,2210.87,-15.18,52.984,2,39.069,-75.854,2210.400,-0.133,0.149,29.255,-0.083,0.147,-9.708,2210.866,0.000,157.286,15.319,774.270,12.160,2210.866,39.0828578,-75.8684150,2243.470,0.000,0.000,0.000,8,00:00:00,0.057,0.122,-0.144,-0.113,-0.062,0.592,393.000,-539.000,-14152.000,19.501,60.0,-0.032,24.719,4.825
35.56,2219.56,-13.65,53.275,2,39.070,-75.852,2219.786,-0.130,0.170,27.442,-0.146,0.252,-9.594,2219.560,0.000,154.751,15.610,773.430,12.180,2219.560,39.0828620,-75.8683385,2250.080,0.000,0.000,0.000,8,00:00:00,0.101,0.187,-0.294,0.073,-0.208,0.514,505.000,-798.000,-14241.000,19.501,60.0,-0.005,24.710,4.842
35.82,2227.54,-12.23,53.529,2,39.070,-75.850,2226.954,-0.135,0.188,25.404,-0.170,0.204,-9.577,2227.536,0.000,152.057,15.864,772.660,12.180,2227.536,39.0828682,-75.8682259,2259.490,0.000,0.000,0.000,8,00:00:00,0.108,0.115,-0.316,-0.007,-0.150,0.700,734.000,-1256.000,-14224.000,19.500,60.0,0.012,24.722,4.842
36.08,2236.56,-12.23,53.821,2,39.070,-75.849,2235.606,-0.119,0.185,24.002,-0.014,0.084,-9.589,2236.556,0.000,149.686,16.156,771.790,12.170,2236.556,39.0828733,-75.8681131,2268.150,0.000,0.000,0.000,8,00:00:00,-0.050,0.086,-0.215,-0.019,-0.212,0.662,1060.000,-1723.000,-14253.000,19.500,60.0,0.014,24.703,4.842
36.34,2241.43,-16.58,54.070,2,39.072,-75.850,2241.197,-0.100,0.182,21.544,-0.045,0.078,-9.737,2241.433,0.000,147.438,16.406,771.320,12.180,2241.433,39.0828769,-75.8680387,2273.240,0.000,0.000,0.000,8,00:00:00,0.043,0.036,-0.101,-0.118,-0.131,0.770,1294.000,-1966.000,-14370.000,19.500,60.0,0.025,24.706,4.842
36.6,2247.35,-14.83,54.371,2,39.074,-75.852,2247.151,-0.079,0.150,18.572,-0.093,0.080,-9.657,2247.350,0.000,143.620,16.707,770.750,12.180,2247.350,39.0828824,-75.8679278,2280.310,0.000,0.000,0.000,8,00:00:00,0.022,0.022,-0.194,-0.118,-0.272,0.569,1840.000,-2326.000,-14522.000,19.500,60.0,-0.047,24.726,4.836
36.86,2251.3,-11.98,54.750,2,39.075,-75.852,2251.510,-0.070,0.144,12.948,-0.024,0.083,-9.729,2251.296,0.000,139.623,17.085,770.370,12.160,2251.296,39.0828866,-75.8678538,2284.540,0.000,0.000,0.000,8,00:00:00,0.043,0.043,-0.101,-0.109,-0.088,0.793,2236.000,-2447.000,-14604.000,19.500,60.0,-0.028,24.733,4.842
37.12,2257.11,-14.03,55.046,2,39.077,-75.854,2256.884,-0.051,0.136,11.488,-0.028,0.169,-9.599,2257.115,0.000,135.998,17.381,769.810,12.170,2257.115,39.0828937,-75.8677427,2290.240,0.000,0.000,0.000,8,00:00:00,0.079,0.122,-0.230,-0.186,-0.183,0.634,2883.000,-2490.000,-14727.000,19.500,60.0,0.000,24.706,4.859
37.38,2261.07,-17.26,55.295,2,39.078,-75.854,2260.511,-0.045,0.125,9.898,-0.031,0.004,-9.778,2261.066,0.000,132.340,17.630,769.430,12.170,2261.066,39.0828991,-75.8676682,2293.410,0.000,0.000,0.000,8,00:00:00,-0.014,0.000,-0.043,-0.229,-0.077,0.810,3315.000,-2448.000,-14906.000,19.496,60.0,-0.008,24.726,4.842
37.64,2264.19,-16.31,55.587,2,39.078,-75.856,2263.918,-0.043,0.114,7.801,-0.036,0.084,-9.743,2264.186,0.000,127.422,17.922,769.130,12.160,2264.186,39.0829074,-75.8675567,2297.260,0.000,0.000,0.000,8,00:00:00,0.050,0.014,-0.101,-0.290,-0.131,0.692,3979.000,-2188.000,-15030.000,19.496,60.0,-0.040,24.699,4.842
37.9,2266.68,-13.17,55.836,2,39.078,-75.857,2266.327,-0.051,0.106,5.992,-0.049,0.057,-9.762,2266.683,0.000,122.987,18.172,768.890,12.170,2266.683,39.0829155,-75.8674455,2300.440,0.000,0.000,0.000,8,00:00:00,0.022,0.000,-0.086,-0.384,0.046,0.728,4544.000,-1726.000,-15307.000,19.496,60.0,-0.021,24.717,4.848
38.16,2268.24,-15.1,56.128,2,39.076,-75.857,2268.270,-0.075,0.111,3.613,-0.136,0.129,-9.855,2268.243,0.000,117.169,18.463,768.740,12.180,2268.243,39.0829217,-75.8673719,2301.980,0.000,0.000,0.000,8,00:00:00,0.000,-0.129,-0.144,-0.317,0.030,0.707,4836.000,-1308.000,-15552.000,19.496,60.0,-0.032,24.724,4.842
38.4,2269.7,-17.76,56.382,3,39.074,-75.856,2269.651,-0.094,0.109,1.759,-0.166,0.031,-9.810,2269.700,0.000,111.243,0.000,768.600,12.180,2269.700,39.0829304,-75.8672613,2303.430,0.000,0.000,0.000,8,00:00:00,-0.086,-0.022,-0.144,-0.443,0.156,0.616,5202.000,-639.000,-15881.000,19.496,60.0,-0.000,24.491,4.819
38.68,2270.64,-17.3,56.852,3,39.070,-75.854,2270.408,-0.131,0.123,-1.936,-0.198,0.149,-9.919,2270.637,0.000,98.041,0.467,768.510,12.180,2270.637,39.0829397,-75.8671510,2303.960,0.000,0.000,0.000,8,00:00:00,-0.101,-0.101,-0.230,-0.516,0.236,0.671,5364.000,113.000,-16334.000,15.094,46.4,10.046,24.706,4.842
38.94,2270.53,-14.05,57.102,3,39.069,-75.854,2270.371,-0.153,0.140,-3.884,-0.232,0.153,-9.960,2270.637,0.000,90.900,0.717,768.520,12.190,2270.533,39.0829447,-75.8670770,2303.830,0.000,0.000,0.000,8,00:00:00,-0.144,-0.065,-0.273,-0.489,0.266,0.617,5368.000,581.000,-16566.000,12.385,38.1,9.941,24.694,4.836
39.2,2273.76,7.43,57.394,3,39.310,-75.786,2234.995,2.978,1.055,-39.348,-0.426,-0.167,-9.815,2273.760,0.000,88.049,1.009,768.210,12.180,2273.760,39.0829525,-75.8669664,2302.940,0.000,0.000,0.000,8,00:00:00,-0.180,0.338,-0.251,-0.266,0.593,0.663,5154.000,1273.000,-17106.000,9.701,29.8,9.767,24.685,4.848
39.46,2270.53,-15.92,57.818,4,39.311,-75.766,2269.261,1.588,0.848,3.809,-0.657,0.474,-9.628,2273.760,0.000,71.555,0.083,768.520,12.170,2270.533,39.0829571,-75.8668881,2301.720,0.000,0.000,0.000,8,00:00:00,0.417,0.101,-0.711,-0.205,0.387,0.512,4989.000,1686.000,-17440.000,5.290,16.3,9.982,24.699,4.848
39.72,2268.14,-18.62,58.288,4,39.204,-75.795,2268.623,0.741,0.539,-1.948,-0.382,-0.026,-9.918,2273.760,0.000,63.215,0.554,768.750,12.170,2268.139,39.0829646,-75.8667656,2299.250,0.000,0.000,0.000,8,00:00:00,0.057,0.244,-0.309,0.116,0.353,0.613,4530.000,2244.000,-17597.000,1.114,3.4,6.996,24.530,4.842
39.98,2266.68,-13.41,58.539,4,39.153,-75.782,2266.948,0.524,0.980,-4.839,-0.690,1.148,-10.248,2273.760,0.000,59.173,0.804,768.890,12.170,2266.683,39.0829700,-75.8666850,2297.170,0.000,0.000,0.000,8,00:00:00,0.108,-0.567,-1.286,0.040,0.194,0.809,4189.000,2642.000,-17780.000,0.186,0.6,0.366,24.568,4.848
40.24,2263.25,-6.09,58.833,4,39.140,-75.716,2263.229,0.574,1.958,-9.871,-2.225,2.151,-16.788,2273.760,0.000,53.626,1.098,769.220,12.180,2263.250,39.0829779,-75.8665642,2293.310,0.000,0.000,0.000,8,00:00:00,-3.139,2.112,-6.630,-0.245,0.762,0.951,3436.000,3107.000,-17955.000,0.100,0.3,0.317,24.564,4.842
40.5,2257.01,-2.3,59.082,4,39.094,-75.658,2257.454,-0.512,2.283,-15.835,-9.051,5.085,-12.150,2273.760,0.000,42.988,1.347,769.820,12.160,2257.011,39.0829831,-75.8664478,2289.170,0.000,0.000,0.000,8,00:00:00,6.587,-1.839,-8.153,0.328,0.447,0.980,2818.000,3147.000,-18549.000,0.053,0.2,0.125,24.571,4.848
40.76,2253.89,-3.98,59.376,4,38.917,-75.585,2253.195,-2.117,3.158,-18.644,-3.340,5.764,-13.452,2273.760,0.000,51.932,1.641,770.120,12.160,2253.894,39.0829874,-75.8663742,2286.270,0.000,0.000,0.000,8,00:00:00,-1.314,-1.695,-7.283,-0.824,-0.740,1.367,1888.000,3384.000,-18468.000,0.030,0.1,0.126,24.555,4.831
41.02,2252.86,-1.99,59.627,4,38.900,-75.486,2251.512,-1.640,4.028,-19.623,0.514,2.717,-17.390,2273.760,0.000,62.915,1.892,770.220,12.170,2252.855,39.0829942,-75.8662721,2281.200,0.000,0.000,0.000,8,00:00:00,-2.428,5.861,-4.985,-0.196,0.665,1.006,864.000,3461.000,-17980.000,0.011,0.0,-0.003,24.594,4.831
41.28,2247.04,-6.0,59.919,4,38.928,-75.514,2247.036,-1.606,2.838,-24.031,-2.700,-5.640,-20.272,2273.760,0.000,42.145,2.184,770.780,12.160,2247.038,39.0829975,-75.8662063,2277.770,0.000,0.000,0.000,8,00:00:00,6.192,9.115,-5.208,2.692,-0.122,-0.628,366.000,2814.000,-18688.000,0.010,0.0,0.010,24.591,4.842
41.54,2243.51,-9.71,60.172,4,38.903,-75.603,2241.724,-2.193,2.974,-26.108,-8.220,12.546,-13.157,2273.760,0.000,5.862,2.437,771.120,12.170,2243.508,39.0830061,-75.8661082,2273.180,0.000,0.000,0.000,8,00:00:00,1.853,-14.524,-4.669,1.368,-0.496,-0.407,1765.000,2908.000,-19175.000,0.010,0.0,-0.005,24.566,4.836
41.8,2238.42,-11.85,60.471,4,38.816,-75.350,2238.421,-2.615,6.004,-25.620,-0.435,8.002,-7.987,2273.760,0.000,26.414,2.736,771.610,12.180,2238.423,39.0830195,-75.8660145,2267.930,0.000,0.000,0.000,8,00:00:00,-1.767,-7.901,-1.415,-2.880,0.198,-0.682,2567.000,3072.000,-18868.000,0.010,0.0,0.007,24.566,4.836
42.06,2231.06,-4.44,60.858,4,38.869,-75.288,2230.045,-2.032,4.867,-29.606,-4.624,0.701,-26.802,2273.760,0.000,73.469,3.123,772.320,12.170,2231.060,39.0830247,-75.8659596,2264.270,0.000,0.000,0.000,8,00:00:00,-1.932,16.398,-6.163,-0.158,0.291,-1.619,1818.000,2961.000,-19129.000,0.010,0.0,-0.011,24.536,4.848
42.32,2222.05,-3.22,61.157,4,38.864,-75.412,2221.979,-2.067,4.463,-33.954,-0.621,9.014,-12.052,2273.760,0.000,46.000,3.422,773.190,12.170,2222.045,39.0830363,-75.8658778,2257.910,0.000,0.000,0.000,8,00:00:00,3.160,-3.556,-8.002,1.197,1.119,-1.883,3110.000,2439.000,-19278.000,0.010,0.0,-0.044,24.568,4.854
42.58,2216.97,-1.87,61.406,4,38.928,-75.290,2217.154,-1.295,6.511,-33.150,0.242,9.205,-8.918,2273.760,0.000,49.776,3.671,773.680,12.170,2216.971,39.0830464,-75.8658234,2253.350,0.000,0.000,0.000,8,00:00:00,5.445,-3.965,-6.342,-0.965,-1.147,-0.431,4354.000,977.000,-19330.000,0.009,0.0,0.002,24.557,4.831
42.84,2212.73,-2.03,61.704,4,38.995,-75.186,2211.346,-0.776,6.605,-34.676,-3.114,3.749,-25.008,2273.760,0.000,69.517,3.969,774.090,12.160,2212.728,39.0830529,-75.8657504,2246.490,0.000,0.000,0.000,8,00:00:00,-11.651,6.666,-8.634,-0.324,0.325,-0.936,3908.000,1483.000,-19461.000,0.009,0.0,-0.002,24.539,4.825
43.1,2203.83,-8.26,61.958,4,38.960,-75.295,2204.397,-1.307,5.048,-38.011,0.538,5.253,-10.422,2273.760,0.000,34.978,4.223,774.950,12.170,2203.833,39.0830562,-75.8656757,2239.280,0.000,0.000,0.000,8,00:00:00,3.929,-0.826,-3.484,0.897,2.880,-0.858,4132.000,194.000,-19605.000,0.009,0.0,-0.019,24.546,4.836
43.36,2200.01,3.26,62.250,4,39.012,-75.222,2198.745,-0.103,7.212,-36.821,6.586,11.318,-15.116,2273.760,0.000,19.999,4.515,775.320,12.170,2200.009,39.0830625,-75.8656262,2234.350,0.000,0.000,0.000,8,00:00:00,9.733,-6.170,-8.174,-0.902,-0.254,-0.351,4510.000,-1350.000,-18858.000,-0.020,-0.1,0.110,24.543,4.831
43.62,2194.95,-6.92,62.498,4,39.152,-75.164,2193.501,1.127,6.921,-36.357,-1.113,-0.297,-8.123,2273.760,0.000,32.936,4.763,775.810,12.170,2194.946,39.0830706,-75.8655818,2229.560,0.000,0.000,0.000,8,00:00:00,0.417,0.517,1.932,-1.834,-0.685,-0.064,3757.000,-1387.000,-19550.000,-0.026,-0.1,0.011,24.541,4.831
43.88,2217.39,14.27,62.788,4,38.916,-75.478,2207.423,-5.069,6.711,-14.996,-26.868,86.918,-14.918,2273.760,0.000,101.513,5.053,773.640,12.160,2217.385,39.0830775,-75.8655143,2222.430,0.000,0.000,0.000,8,00:00:00,22.604,-1.954,88.249,-11.944,3.183,-3.318,2471.000,-1143.000,-19953.000,-0.026,-0.1,0.001,24.575,4.842
44.14,2187.41,15.31,63.042,4,39.088,-74.869,2197.693,3.118,10.040,-30.166,26.589,-6.411,-35.032,2273.760,0.000,131.194,5.307,776.540,12.160,2187.409,39.0830839,-75.8654384,2213.910,0.000,0.000,0.000,8,00:00:00,6.989,4.058,36.317,-0.871,-7.153,-9.774,1995.000,-1561.000,-14052.000,-0.026,-0.1,-0.005,24.552,4.831
44.4,2175.34,-67.56,63.336,4,39.589,-75.410,2180.243,4.971,1.176,-40.189,-22.242,-22.698,-2.475,2273.760,0.000,60.598,5.601,777.710,12.140,2175.340,39.0830882,-75.8653670,2205.800,0.000,0.000,0.000,8,00:00:00,-2.780,8.979,31.231,-0.900,7.419,-6.749,1081.000,1920.000,-19946.000,-0.026,-0.1,-0.040,24.582,4.836
44.66,2187.93,-39.09,63.727,4,39.238,-75.441,2186.832,2.862,4.039,-15.386,43.733,-0.764,-35.486,2273.760,0.000,63.693,5.992,776.490,12.140,2187.925,39.0830871,-75.8653162,2202.090,0.000,0.000,0.000,8,00:00:00,-15.472,48.290,1.042,-2.617,0.730,-7.319,-436.000,-1025.000,-18620.000,-0.026,-0.1,0.036,24.603,4.848
44.92,2157.62,-23.78,64.021,4,39.742,-75.135,2167.943,7.424,6.875,-26.821,6.986,-25.317,8.145,2273.760,0.000,44.403,6.286,779.430,12.110,2157.625,39.0830938,-75.8652342,2193.850,0.000,0.000,0.000,8,00:00:00,9.194,12.793,27.640,4.429,6.960,3.113,-803.000,782.000,-18805.000,-0.025,-0.1,-0.015,24.610,4.842
45.18,2150.84,13.33,64.274,4,39.816,-75.613,2150.951,7.548,0.381,-42.160,4.773,-7.492,-34.429,2273.760,0.000,84.789,6.540,780.090,12.120,2150.836,39.0831065,-75.8651840,2187.540,0.000,0.000,0.000,8,00:00:00,-6.766,-25.269,-0.833,-1.989,-1.756,8.297,4455.000,-1343.000,-18931.000,-0.025,-0.1,0.026,24.621,4.836
45.44,2140.97,-26.02,64.565,4,39.687,-75.926,2139.847,4.766,-0.222,-46.813,-3.606,18.278,-14.079,2273.760,0.000,31.115,6.830,781.050,12.130,2140.969,39.0831056,-75.8651355,2181.820,0.000,0.000,0.000,8,00:00:00,12.484,14.452,0.783,1.904,3.841,3.997,2602.000,328.000,-20227.000,-0.025,-0.1,-0.001,24.623,4.836
45.7,2134.4,-14.2,64.819,4,39.647,-75.600,2134.419,6.370,3.812,-44.075,16.842,3.962,-10.928,2273.760,0.000,5.852,7.084,781.690,12.120,2134.397,39.0831121,-75.8650469,2172.980,0.000,0.000,0.000,8,00:00:00,-4.935,-16.621,0.007,0.017,-1.970,5.638,4792.000,689.000,-18790.000,-0.025,-0.1,-0.031,24.623,4.848
45.96,2128.14,0.15,65.113,4,39.921,-75.592,2127.986,9.281,1.452,-42.907,9.401,-14.881,-16.145,2273.760,0.000,18.139,7.378,782.300,12.110,2128.136,39.0831224,-75.8649998,2165.920,0.000,0.000,0.000,8,00:00:00,-6.443,16.844,-4.971,1.649,1.943,3.667,2445.000,3091.000,-18859.000,-0.025,-0.1,-0.042,24.619,4.842
46.22,2125.37,-1.35,65.371,4,39.911,-75.787,2124.067,7.556,0.741,-40.603,4.764,11.030,-23.433,2273.760,0.000,39.897,7.636,782.570,12.120,2125.367,39.0831393,-75.8649323,2156.090,0.000,0.000,0.000,8,00:00:00,-10.983,-11.888,-8.246,1.858,-0.957,3.461,1729.000,2117.000,-19788.000,-0.025,-0.1,-0.016,24.655,4.842
46.48,2118.8,-1.9,65.661,4,39.736,-75.662,2117.921,6.009,2.437,-42.743,1.690,3.050,-20.650,2273.760,0.000,34.030,7.927,783.210,12.120,2118.805,39.0831474,-75.8648844,2149.910,0.000,0.000,0.000,8,00:00:00,-7.779,-1.990,-8.074,-1.408,0.258,1.850,904.000,2244.000,-19486.000,-0.025,-0.1,-0.023,24.653,4.836
46.74,2109.48,-0.91,65.911,4,39.702,-75.622,2107.842,6.625,2.551,-46.181,12.865,2.378,-18.341,2273.760,0.000,26.642,8.176,784.120,12.130,2109.481,39.0831643,-75.8648193,2140.650,0.000,0.000,0.000,8,00:00:00,-4.037,12.836,-7.930,-0.079,0.158,0.410,-665.000,1186.000,-18804.000,-0.025,-0.1,-0.011,24.667,4.836
47.0,2097.41,-4.3,66.205,4,39.791,-75.597,2097.188,6.818,2.688,-48.693,-3.903,1.709,-19.170,2273.760,0.000,27.268,8.470,785.300,12.130,2097.405,39.0831785,-75.8647524,2131.200,0.000,0.000,0.000,8,00:00:00,-5.265,-5.911,-6.565,0.314,0.277,-0.696,-346.000,1137.000,-19307.000,-0.025,-0.1,0.017,24.651,4.854
47.26,2095.56,-2.49,66.597,4,39.617,-75.620,2092.946,4.220,1.725,-40.225,3.683,-2.526,-17.832,2273.760,0.000,28.245,8.862,785.480,12.130,2095.564,39.0831860,-75.8647075,2124.860,0.000,0.000,0.000,8,00:00:00,-1.803,1.839,-8.813,-0.677,-1.080,-0.764,-310.000,1476.000,-19269.000,-0.024,-0.1,0.025,24.662,4.831
47.52,2089.94,0.8,66.891,4,39.632,-75.725,2088.665,6.319,1.338,-38.660,11.474,4.055,-10.888,2273.760,0.000,53.037,9.156,786.030,12.120,2089.942,39.0831987,-75.8646383,2115.620,0.000,0.000,0.000,8,00:00:00,-9.517,7.571,-1.171,2.802,-0.411,-0.925,291.000,2676.000,-18837.000,-0.024,-0.1,-0.011,24.685,4.842
47.78,2094.34,1.44,67.141,4,39.711,-75.670,2090.459,6.112,2.286,-33.158,2.316,4.462,-19.228,2273.760,0.000,89.904,9.406,785.600,12.120,2094.337,39.0832029,-75.8645910,2109.350,0.000,0.000,0.000,8,00:00:00,-8.030,-6.924,1.250,2.734,0.461,-0.460,1916.000,2833.000,-19288.000,-0.024,-0.1,-0.010,24.671,4.848
48.04,2089.43,-0.99,67.434,4,39.674,-75.651,2089.277,5.799,2.076,-32.090,4.627,1.215,-19.041,2273.760,0.000,101.503,9.700,786.080,12.120,2089.431,39.0832078,-75.8645261,2100.400,0.000,0.000,0.000,8,00:00:00,-6.551,-7.865,-1.824,0.204,0.839,-0.004,3407.000,2277.000,-19221.000,-0.024,-0.1,-0.002,24.680,4.836
48.3,2067.18,-2.0,67.689,4,39.661,-75.616,2072.512,5.376,2.864,-43.894,0.241,8.212,-19.673,2273.760,0.000,85.596,9.954,788.260,12.140,2067.177,39.0832166,-75.8644574,2092.070,0.000,0.000,0.000,8,00:00:00,-10.631,-7.176,0.517,-1.534,1.690,-1.150,3393.000,1804.000,-19541.000,-0.024,-0.1,-0.016,24.674,4.842
48.56,2049.35,-7.6,67.978,4,39.521,-75.479,2051.183,4.177,4.227,-55.045,6.080,2.127,-8.334,2273.760,0.000,51.002,10.243,790.010,12.130,2049.349,39.0832234,-75.8644126,2086.460,0.000,0.000,0.000,8,00:00:00,-1.465,5.085,-3.958,-2.053,2.187,-2.054,1818.000,-316.000,-20206.000,-0.024,-0.1,0.004,24.669,4.848
48.82,2037.75,-3.72,68.227,4,39.609,-75.628,2037.145,5.991,1.105,-59.082,8.617,-8.480,-16.657,2273.760,0.000,43.409,10.492,791.150,12.120,2037.752,39.0832309,-75.8643461,2078.540,0.000,0.000,0.000,8,00:00:00,5.567,10.810,-6.723,1.582,-1.340,-4.017,381.000,-797.000,-19571.000,-0.024,-0.1,-0.011,24.694,4.836
49.08,2041.82,-3.73,68.521,4,39.733,-75.749,2037.634,7.179,1.767,-47.159,14.716,12.491,-7.654,2273.760,0.000,54.172,10.787,790.750,12.110,2041.819,39.0832338,-75.8642972,2073.440,0.000,0.000,0.000,8,00:00:00,-3.828,-17.828,-6.687,0.129,1.929,-3.091,2439.000,1044.000,-20161.000,-0.023,-0.1,0.001,24.692,4.842
49.34,2030.84,-3.19,68.771,4,39.819,-75.500,2029.824,7.132,4.649,-47.868,1.737,7.857,-13.773,2273.760,0.000,65.370,11.037,791.830,12.110,2030.841,39.0832323,-75.8642237,2065.860,0.000,0.000,0.000,8,00:00:00,6.651,-5.236,-2.967,-1.713,-0.647,0.543,2773.000,-480.000,-20183.000,-0.023,-0.1,-0.003,24.678,4.854
49.6,2020.08,-8.39,69.066,4,39.722,-75.453,2020.162,5.916,3.741,-48.982,3.163,-0.476,-14.040,2273.760,0.000,54.579,11.331,792.890,12.120,2020.078,39.0832351,-75.8641603,2058.000,0.000,0.000,0.000,8,00:00:00,0.948,2.255,-4.705,-0.070,-1.340,1.002,1395.000,314.000,-20244.000,-0.023,-0.1,0.028,24.683,4.842
49.86,2011.45,-8.49,69.440,4,39.671,-75.569,2009.600,5.390,2.172,-46.448,7.340,0.183,-14.106,2273.760,0.000,30.122,11.705,793.740,12.120,2011.455,39.0832392,-75.8641156,2052.270,0.000,0.000,0.000,8,00:00:00,-3.951,2.320,-7.168,0.898,-0.706,0.853,1215.000,1146.000,-20031.000,-0.023,-0.1,-0.001,24.692,4.831
50.12,2010.85,1.03,69.734,4,39.652,-75.661,2007.739,5.684,2.057,-41.952,5.469,5.913,-19.434,2273.760,0.000,33.044,11.999,793.800,12.130,2010.847,39.0832432,-75.8640467,2043.130,0.000,0.000,0.000,8,00:00:00,-3.893,-6.465,-10.027,1.144,0.009,1.460,1681.000,1605.000,-20091.000,-0.023,-0.1,-0.012,24.701,4.842
50.38,2004.77,0.83,69.985,4,39.613,-75.603,2005.675,4.845,2.776,-40.496,-1.389,2.687,-23.582,2273.760,0.000,40.541,12.250,794.400,12.120,2004.765,39.0832480,-75.8639794,2033.770,0.000,0.000,0.000,8,00:00:00,-0.783,-10.961,-8.835,-0.166,-0.682,2.340,2081.000,1662.000,-20093.000,-0.023,-0.1,-0.021,24.710,4.842
50.64,1997.67,-0.31,70.280,4,39.545,-75.582,1996.818,4.748,2.894,-43.504,11.188,4.707,-17.094,2273.760,0.000,28.566,12.545,795.100,12.120,1997.675,39.0832529,-75.8639355,2027.610,0.000,0.000,0.000,8,00:00:00,-7.097,8.483,-8.835,0.004,0.190,2.174,329.000,1594.000,-19564.000,-0.022,-0.1,-0.039,24.676,4.854
50.9,1989.68,-1.99,70.529,4,39.591,-75.564,1988.589,4.966,3.058,-45.912,0.757,2.355,-22.455,2273.760,0.000,35.427,12.794,795.890,12.120,1989.679,39.0832605,-75.8638715,2018.600,0.000,0.000,0.000,8,00:00:00,-7.779,-1.580,-10.149,0.937,-0.063,2.228,284.000,723.000,-19734.000,-0.022,-0.1,0.027,24.674,4.854
51.16,1981.39,-0.93,70.818,4,39.498,-75.581,1979.203,3.784,2.645,-48.309,0.485,-0.934,-21.856,2273.760,0.000,33.351,13.084,796.710,12.120,1981.386,39.0832637,-75.8638281,2012.850,0.000,0.000,0.000,8,00:00:00,-5.876,-1.954,-10.386,0.120,0.753,1.687,784.000,27.000,-20011.000,-0.022,-0.1,-0.013,24.699,4.831
51.42,1974.82,1.04,71.073,4,39.456,-75.619,1972.397,3.902,2.362,-47.996,9.636,2.166,-18.672,2273.760,0.000,14.533,13.338,797.360,12.120,1974.817,39.0832708,-75.8637629,2004.110,0.000,0.000,0.000,8,00:00:00,7.233,3.160,-10.667,-0.231,1.399,0.624,1288.000,-1428.000,-19707.000,-0.022,-0.1,0.002,24.653,4.854
51.68,1969.06,0.65,71.368,4,39.556,-75.638,1966.517,4.798,2.220,-46.320,1.771,1.799,-21.481,2273.760,0.000,9.068,13.633,797.930,12.110,1969.060,39.0832766,-75.8637181,1998.270,0.000,0.000,0.000,8,00:00:00,0.876,3.326,-11.435,-0.111,0.663,-0.360,1419.000,-2100.000,-19274.000,-0.003,-0.0,-0.067,24.660,4.831
51.94,1959.67,-0.61,71.618,4,39.553,-75.660,1959.862,4.813,1.967,-47.077,5.108,2.668,-21.140,2273.760,0.000,12.995,13.884,798.860,12.120,1959.675,39.0832832,-75.8636497,1989.450,0.000,0.000,0.000,8,00:00:00,4.180,5.854,-10.480,-0.490,-0.225,-1.015,1176.000,-2410.000,-18883.000,0.004,0.0,0.026,24.669,4.836
52.2,1951.71,-4.05,71.908,4,39.446,-75.553,1950.346,3.287,3.653,-48.593,4.591,4.082,-14.852,2273.760,0.000,10.378,14.173,799.650,12.120,1951.709,39.0832919,-75.8635795,1980.950,0.000,0.000,0.000,8,00:00:00,1.990,6.637,-3.893,0.251,1.245,-1.683,240.000,-1960.000,-18681.000,0.004,0.0,-0.010,24.674,4.831
52.46,1946.07,-3.38,72.289,4,39.520,-75.575,1944.736,4.670,1.721,-41.257,8.852,-7.144,-14.855,2273.760,0.000,2.271,14.554,800.210,12.120,1946.067,39.0832989,-75.8635358,1975.320,0.000,0.000,0.000,8,00:00:00,6.917,9.259,-4.611,2.179,-1.379,-3.913,-411.000,-1357.000,-18522.000,0.004,0.0,-0.019,24.680,4.831
52.72,1940.23,-5.02,72.579,4,39.522,-75.745,1938.315,3.953,1.216,-41.214,-3.024,6.106,-20.044,2273.760,0.000,42.945,14.844,800.790,12.110,1940.226,39.0833076,-75.8634702,1966.270,0.000,0.000,0.000,8,00:00:00,3.232,-11.442,-3.132,1.962,0.336,-3.359,1550.000,1650.000,-20005.000,0.004,0.0,0.001,24.662,4.831
52.98,1932.58,2.24,72.832,4,39.439,-75.630,1931.647,3.318,3.164,-43.907,6.126,10.504,-20.493,2273.760,0.000,36.043,15.097,801.550,12.120,1932.578,39.0833173,-75.8634032,1957.050,0.000,0.000,0.000,8,00:00:00,-0.345,-15.386,-5.014,-1.050,-2.077,-0.940,3498.000,1248.000,-19785.000,0.004,0.0,-0.015,24.655,4.842
53.24,1922.12,-5.28,73.126,4,39.552,-75.519,1921.623,5.210,2.929,-45.841,6.384,-7.261,-16.060,2273.760,0.000,3.479,15.391,802.590,12.110,1922.121,39.0833280,-75.8633621,1950.950,0.000,0.000,0.000,8,00:00:00,-8.957,2.457,-6.802,-0.937,-0.602,-1.359,3067.000,2045.000,-19578.000,0.004,0.0,0.035,24.683,4.842
53.5,1916.6,-2.59,73.375,4,39.578,-75.713,1916.287,4.781,0.768,-45.002,3.721,-0.283,-19.720,2273.760,0.000,16.661,15.640,803.140,12.110,1916.596,39.0833351,-75.8633211,1945.470,0.000,0.000,0.000,8,00:00:00,0.453,-3.354,-10.034,0.770,1.577,-1.176,3665.000,1383.000,-19572.000,0.004,0.0,0.001,24.685,4.854
53.76,1909.17,-4.28,73.668,4,39.582,-75.715,1907.702,5.210,2.012,-46.374,6.988,6.166,-18.564,2273.760,0.000,25.285,15.934,803.880,12.120,1909.166,39.0833431,-75.8632542,1937.250,0.000,0.000,0.000,8,00:00:00,4.209,-9.905,-6.903,-0.587,-0.425,1.107,4086.000,393.000,-19584.000,0.004,0.0,0.029,24.690,4.842
54.02,1901.14,-4.27,73.918,4,39.572,-75.657,1899.997,4.657,1.943,-47.219,0.547,-2.796,-16.689,2273.760,0.000,12.839,16.183,804.680,12.120,1901.141,39.0833477,-75.8632109,1932.270,0.000,0.000,0.000,8,00:00:00,-0.194,2.004,-7.168,-0.461,-0.623,2.035,3204.000,1488.000,-19784.000,0.004,0.0,-0.025,24.669,4.831
54.28,1897.93,-1.28,74.212,4,39.519,-75.769,1895.653,4.043,0.526,-44.204,1.432,-1.263,-18.398,2273.760,0.000,19.182,16.477,805.000,12.110,1897.932,39.0833556,-75.8631471,1924.660,0.000,0.000,0.000,8,00:00:00,-0.869,-1.451,-8.634,1.119,-0.372,2.174,2501.000,2180.000,-19692.000,0.004,0.0,0.010,24.658,4.836
54.54,1893.82,0.71,74.466,4,39.462,-75.722,1891.694,3.750,1.917,-42.874,6.165,4.924,-20.931,2273.760,0.000,21.084,16.731,805.410,12.110,1893.823,39.0833610,-75.8631004,1919.360,0.000,0.000,0.000,8,00:00:00,-10.523,-2.248,-8.375,-0.459,-0.002,2.197,1364.000,2718.000,-19258.000,0.004,0.0,-0.012,24.669,4.848
54.8,1881.61,-4.89,74.760,4,39.476,-75.651,1881.642,3.840,2.145,-45.512,1.013,1.259,-17.230,2273.760,0.000,17.456,17.025,806.630,12.120,1881.605,39.0833752,-75.8630111,1908.740,0.000,0.000,0.000,8,00:00:00,-3.132,-0.711,-6.881,1.143,0.212,2.139,143.000,1553.000,-19483.000,0.004,0.0,0.006,24.694,4.842
55.06,1874.2,-4.0,75.151,4,39.404,-75.648,1872.803,2.426,1.972,-42.772,-0.204,1.812,-19.757,2273.760,0.000,29.477,17.416,807.370,12.110,1874.202,39.0833799,-75.8629678,1903.760,0.000,0.000,0.000,8,00:00:00,-5.502,-1.781,-8.296,0.747,-0.008,2.030,329.000,643.000,-19820.000,0.004,0.0,-0.022,24.699,4.842
55.32,1865.81,-2.07,75.445,4,39.325,-75.666,1864.979,2.178,1.965,-44.394,-0.070,3.612,-18.852,2273.760,0.000,34.377,17.710,808.210,12.120,1865.805,39.0833884,-75.8629019,1895.650,0.000,0.000,0.000,8,00:00:00,-6.041,1.745,-7.434,0.400,0.350,1.635,1083.000,-148.000,-20087.000,0.004,0.0,-0.032,24.680,4.836
55.58,1857.91,-3.8,75.693,4,39.238,-75.566,1857.399,0.791,3.831,-45.555,-6.539,10.940,-13.089,2273.760,0.000,27.642,17.959,809.000,12.110,1857.914,39.0833965,-75.8628585,1890.370,0.000,0.000,0.000,8,00:00:00,-7.183,9.489,-5.617,2.661,2.401,0.934,1706.000,-900.000,-20025.000,0.004,0.0,0.001,24.694,4.842
55.84,1851.72,2.02,75.987,4,39.181,-75.586,1849.063,1.746,1.853,-47.473,13.632,-2.800,-25.999,2273.760,0.000,42.717,18.252,809.620,12.110,1851.725,39.0834121,-75.8627999,1882.340,0.000,0.000,0.000,8,00:00:00,8.023,-19.415,-3.800,-1.121,2.214,2.537,4051.000,-2542.000,-18098.000,0.004,0.0,-0.018,24.683,4.854
56.1,1842.75,-4.32,76.236,4,39.461,-75.679,1842.259,4.859,2.151,-48.071,5.966,10.621,-14.892,2273.760,0.000,14.953,18.501,810.520,12.120,1842.749,39.0834315,-75.8627345,1874.270,0.000,0.000,0.000,8,00:00:00,8.842,-9.639,-1.774,-2.644,2.867,4.753,4856.000,-1575.000,-18066.000,0.004,0.0,0.005,24.701,4.842
56.36,1841.55,8.91,76.525,4,39.432,-75.542,1838.511,2.333,3.412,-44.846,-12.352,-0.472,-23.474,2273.760,0.000,30.177,18.790,810.640,12.120,1841.553,39.0834390,-75.8626850,1869.210,0.000,0.000,0.000,8,00:00:00,10.810,-13.612,-6.113,-1.204,0.863,8.463,3709.000,1227.000,-19745.000,0.004,0.0,-0.008,24.678,4.859
56.62,1830.3,-0.37,76.774,4,39.123,-75.520,1830.086,-0.829,3.494,-46.361,-2.282,4.379,-7.794,2273.760,0.000,16.606,19.039,811.770,12.100,1830.295,39.0834468,-75.8626397,1863.770,0.000,0.000,0.000,8,00:00:00,-3.247,4.188,0.603,0.834,3.538,7.800,511.000,941.000,-19912.000,0.004,0.0,0.013,24.685,4.836
56.88,1824.92,-11.65,77.072,4,39.213,-75.514,1823.563,2.928,3.533,-44.859,20.550,6.215,-20.020,2273.760,0.000,40.994,19.337,812.310,12.100,1824.919,39.0834652,-75.8625768,1854.660,0.000,0.000,0.000,8,00:00:00,-12.893,-19.466,-4.475,-1.247,0.751,7.654,4881.000,-1008.000,-18466.000,0.004,0.0,-0.004,24.683,4.842
