State - Time (s),State - Stage,State - Stage,State - PX (m),State - PY (m),State - PZ (m),State - VX (m/s),State - VY (m/s),State - VZ (m/s),State - AX (m/s/s),State - AY (m/s/s),State - AZ (m/s/s),State - Actuation Angle (deg),State - Acutal Angle (deg),State - CdA,State - Est Apo (m),State - Target Apogee (m),State - Mach Number,State - Tilt [deg],State - Pos - Accel Integrated [m],State - Velo - Accel Integrated [m/s],MockBarometer - Pres (hPa),MockBarometer - Temp (C),MockBarometer - Alt ASL (m),MockBarometer - Alt AGL (m),MockIMU - AccX (m/s^2),MockIMU - AccY (m/s^2),MockIMU - AccZ (m/s^2),MockIMU - GyroX (rad/s),MockIMU - GyroY (rad/s),MockIMU - GyroZ (rad/s),MockIMU - MagX (uT),MockIMU - MagY (uT),MockIMU - MagZ (uT),MockIMU - OriX,MockIMU - OriY,MockIMU - OriZ,MockIMU - OriW,MockGPS - Lat,MockGPS - Lon,MockGPS - Alt (m),MockGPS - Disp X (m),MockGPS - Disp Y (m),MockGPS - Disp Z (m),MockGPS - Fix Quality,MockGPS - Time of Day,E5 - Rel Steps,MockBR - Battery Voltage (V),MockBR - ALT (m),MockBR - PRES (Pa),MockBR - TEMP (C),MockBR - VEL (m/s),MockBR - ANG (deg),MockBR - ACCX (m/s^2),MockBR - ACCY (m/s^2),MockBR - ACCZ (m/s^2),MockBR - GYROX (rad/s),MockBR - GYROY (rad/s),MockBR - GYROZ (rad/s),MockBR - ROLL (deg),MockBR - TILT (deg)
22.155,0,0,0.000,0.000,0.000,0.000,0.000,0.049,0.000,0.000,0.000,0.000,0.000,0.0103675,0.000,9144.000,0.000,0.000,0.098,0.981,0.000,0.000,44307.690,0.000,0.000,0.000,0.000,0.000,0.000,0.000,0.000,0.000,0.000,0.000,0.000,0.000,1.000,0.0000000,0.0000000,0.000,0.000,0.000,0.000,0,00:00:00,-22,0.000,0.000,0.000,0.000,0.000,0.000,0.000,0.000,0.000,0.000,0.000,0.000,0.000,0.000
22.256,0,0,-0.000,-0.000,-5368.922,-0.745,-0.009,-15949.510,-7.409,-0.088,-6.576,0.000,0.000,0.0103675,0.000,9144.000,0.000,90.000,0.229,1.304,915.222,9.475,849.619,-5369.976,-9.899,-0.086,0.386,-0.003,-0.022,-0.027,0.000,0.000,0.000,-0.003,0.373,-0.001,0.928,0.0000000,0.0000000,0.000,0.000,0.000,0.000,0,00:00:00,-21,0.000,0.000,91516.898,9.472,0.000,0.000,0.305,-9.875,0.003,-0.011,-0.004,0.005,0.000,0.000
22.357,0,0,-0.048,-0.001,-3226.861,-1.187,-0.016,20158.082,-4.420,-0.072,-8.866,0.000,0.000,0.0103675,0.000,9144.000,47.413,46.178,0.368,1.399,915.222,9.475,849.619,-3226.861,-9.899,-0.086,0.386,-0.003,-0.022,-0.027,0.000,0.000,0.000,-0.004,0.543,-0.002,0.840,0.0000000,0.0000000,0.000,0.000,0.000,0.000,0,00:00:00,-21,0.000,0.000,91516.898,9.472,0.000,0.000,0.305,-9.875,0.003,-0.011,-0.004,0.005,0.000,0.000
22.458,0,0,-0.119,-0.002,0.512,-1.422,-0.031,1.438,-2.381,-0.147,-9.417,0.000,0.000,0.0103675,0.000,9144.000,59.923,24.268,0.512,1.438,915.210,9.474,849.733,-2314.931,-9.711,-0.178,0.227,0.003,-0.022,-0.010,0.000,0.000,0.000,-0.007,0.623,-0.003,0.782,0.0000000,0.0000000,0.000,0.000,0.000,0.000,0,00:00:00,-21,0.000,0.000,91518.602,9.473,0.000,0.000,0.443,-9.835,-0.051,0.001,-0.017,-0.003,0.000,0.000
22.559,0,0,-0.202,-0.004,-1796.230,-1.580,-0.024,1510.833,-1.629,0.070,-9.683,0.000,0.000,0.0103675,0.000,9144.000,0.006,12.864,0.657,1.451,915.217,9.475,849.662,-1806.626,-9.813,0.043,0.354,0.011,-0.006,-0.019,0.000,0.000,0.000,-0.003,0.659,-0.001,0.752,0.0000000,0.0000000,0.000,0.000,0.000,0.000,0,00:00:00,-21,0.000,0.000,91522.883,9.476,0.000,0.000,0.321,-9.802,-0.070,0.014,-0.001,0.004,0.000,0.000
22.660,0,0,-0.292,-0.005,0.805,-1.706,-0.020,1.475,-1.315,0.036,-9.563,0.000,0.000,0.0103675,0.000,9144.000,4.491,7.482,0.805,1.475,915.240,9.476,849.458,-1481.993,-9.642,0.003,0.462,-0.003,0.009,-0.001,0.000,0.000,0.000,-0.002,0.675,0.000,0.738,0.0000000,0.0000000,0.000,0.000,0.000,0.000,0,00:00:00,-21,0.000,0.000,91524.812,9.477,0.000,0.000,0.327,-9.802,0.003,0.003,-0.012,-0.009,0.000,0.000
22.761,0,0,-0.386,-0.005,-1248.756,-1.779,-0.003,671.773,-0.798,0.163,-9.869,0.000,0.000,0.0103675,0.000,9144.000,0.007,5.087,0.952,1.470,915.217,9.475,849.666,-1256.176,-9.899,0.114,0.236,-0.014,-0.012,0.001,0.000,0.000,0.000,-0.000,0.687,0.003,0.727,0.0000000,0.0000000,0.000,0.000,0.000,0.000,0,00:00:00,-21,0.000,0.000,91523.125,9.476,0.000,0.000,0.297,-9.808,-0.045,-0.012,-0.007,-0.026,0.000,0.000
22.862,0,0,-0.484,-0.004,1.100,-1.863,0.008,1.478,-0.925,0.114,-9.721,0.000,0.000,0.0103675,0.000,9144.000,1.997,3.261,1.100,1.478,915.221,9.475,849.625,-1090.311,-9.756,0.024,0.432,-0.042,-0.001,0.013,0.000,0.000,0.000,-0.002,0.689,0.005,0.725,0.0000000,0.0000000,0.000,0.000,0.000,0.000,0,00:00:00,-21,0.000,0.000,91521.758,9.475,0.000,0.000,0.278,-9.882,0.004,0.003,0.024,0.006,0.000,0.000
22.963,0,0,-0.585,-0.002,-957.440,-1.919,0.018,378.755,-0.654,0.100,-9.891,0.000,0.000,0.0103675,0.000,9144.000,0.007,2.901,1.247,1.470,915.220,9.475,849.643,-963.143,-9.909,0.007,0.270,-0.002,0.001,0.016,0.000,0.000,0.000,-0.002,0.693,0.004,0.721,0.0000000,0.0000000,0.000,0.000,0.000,0.000,0,00:00:00,-21,0.000,0.000,91527.094,9.478,0.000,0.000,0.272,-9.761,-0.060,-0.005,-0.002,0.012,0.000,0.000
23.064,0,0,-0.688,0.000,1.393,-1.967,0.029,1.462,-0.596,0.103,-9.894,0.000,0.000,0.0103675,0.000,9144.000,1.126,2.226,1.393,1.462,915.220,9.475,849.643,-862.577,-9.909,0.007,0.270,-0.002,0.001,0.016,0.000,0.000,0.000,-0.002,0.695,0.004,0.719,0.0000000,0.0000000,0.000,0.000,0.000,0.000,0,00:00:00,-21,0.000,0.000,91527.094,9.478,0.000,0.000,0.272,-9.761,-0.060,-0.005,-0.002,0.012,0.000,0.000
23.165,0,0,-0.791,0.003,-857.510,-2.003,0.029,1.075,-0.491,0.002,-9.632,0.000,0.000,0.0103675,0.000,9144.000,0.007,1.889,1.541,1.480,915.218,9.475,849.656,-862.563,-9.642,-0.088,0.212,0.002,-0.030,-0.007,0.000,0.000,0.000,-0.005,0.697,0.002,0.717,0.0000000,0.0000000,0.000,0.000,0.000,0.000,0,00:00:00,-19,0.000,0.000,91523.078,9.476,0.000,0.000,0.354,-9.735,0.020,0.012,0.008,0.004,0.000,0.000
23.266,0,0,-0.896,0.006,-859.138,-2.063,0.038,0.171,-0.755,0.092,-9.768,0.000,0.000,0.0103675,0.000,9144.000,0.007,1.660,1.689,1.484,915.250,9.477,849.364,-862.856,-9.789,0.056,0.409,0.057,-0.001,-0.012,0.000,0.000,0.000,-0.001,0.694,0.002,0.720,0.0000000,0.0000000,0.000,0.000,0.000,0.000,0,00:00:00,-18,0.000,0.000,91529.812,9.480,0.000,0.000,0.330,-9.808,0.049,-0.004,-0.004,0.007,0.000,0.000
23.367,0,0,-1.002,0.009,-861.938,-2.119,0.057,2.007,-0.740,0.185,-9.871,0.000,0.000,0.0103675,0.000,9144.000,0.006,2.030,1.837,1.478,915.214,9.475,849.691,-862.528,-9.893,0.133,0.368,-0.014,-0.030,-0.012,0.000,0.000,0.000,0.001,0.694,0.004,0.720,0.0000000,0.0000000,0.000,0.000,0.000,0.000,0,00:00:00,-17,0.000,0.000,91519.781,9.474,0.000,0.000,0.347,-9.792,-0.003,0.004,0.016,0.007,0.000,0.000
23.468,0,0,-1.109,0.014,-855.366,-2.148,0.066,1.693,-0.502,0.092,-9.837,0.000,0.000,0.0103675,0.000,9144.000,0.009,2.166,1.985,1.475,915.190,9.473,849.914,-862.306,-9.848,0.057,0.206,0.014,-0.015,-0.005,0.000,0.000,0.000,0.001,0.696,0.003,0.718,0.0000000,0.0000000,0.000,0.000,0.000,0.000,0,00:00:00,-16,0.000,0.000,91535.062,9.483,0.000,0.000,0.333,-9.800,0.030,-0.002,-0.005,-0.008,0.000,0.000
23.569,0,0,-1.215,0.018,-856.837,-2.200,0.055,-0.106,-0.769,-0.100,-9.648,0.000,0.000,0.0103675,0.000,9144.000,0.008,1.724,2.134,1.491,915.232,9.476,849.527,-862.693,-9.669,-0.137,0.416,-0.006,0.001,-0.022,0.000,0.000,0.000,-0.003,0.694,-0.000,0.720,0.0000000,0.0000000,0.000,0.000,0.000,0.000,0,00:00:00,-16,0.000,0.000,91520.898,9.474,0.000,0.000,0.355,-9.727,0.003,0.009,-0.013,-0.006,0.000,0.000
23.670,0,0,-1.321,0.022,-862.815,-2.229,0.048,-1.073,-0.579,-0.063,-10.041,0.000,0.000,0.0103675,0.000,9144.000,0.007,2.093,2.280,1.468,915.246,9.477,849.405,-862.815,-10.054,-0.123,0.255,-0.022,-0.026,0.005,0.000,0.000,0.000,-0.005,0.696,-0.001,0.718,0.0000000,0.0000000,0.000,0.000,0.000,0.000,0,00:00:00,-18,0.000,0.000,91522.055,9.475,0.000,0.000,0.388,-9.831,0.078,0.001,-0.017,-0.002,0.000,0.000
23.771,0,0,-1.425,0.024,-862.818,-2.260,0.045,0.043,-0.649,-0.030,-9.699,0.000,0.000,0.0103675,0.000,9144.000,0.007,1.848,2.428,1.479,915.246,9.477,849.401,-862.818,-9.714,-0.089,0.325,-0.003,-0.011,-0.019,0.000,0.000,0.000,-0.006,0.695,-0.001,0.719,0.0000000,0.0000000,0.000,0.000,0.000,0.000,0,00:00:00,-18,0.000,0.000,91530.836,9.480,0.000,0.000,0.257,-9.754,-0.030,-0.002,-0.011,0.003,0.000,0.000
23.872,0,0,-1.526,0.026,-862.811,-2.279,0.032,0.629,-0.591,-0.117,-9.622,0.000,0.000,0.0103675,0.000,9144.000,0.007,1.913,2.578,1.498,915.262,9.478,849.260,-862.959,-9.635,-0.147,0.293,0.029,0.016,-0.006,0.000,0.000,0.000,-0.006,0.696,-0.003,0.718,0.0000000,0.0000000,0.000,0.000,0.000,0.000,0,00:00:00,-20,0.000,0.000,91513.961,9.470,0.000,0.000,0.397,-9.825,-0.090,0.001,0.016,0.000,0.000,0.000
23.973,0,0,-1.622,0.027,-860.734,-2.264,0.038,1.170,-0.294,0.069,-10.021,0.000,0.000,0.0103675,0.000,9144.000,0.007,1.782,2.726,1.477,915.257,9.477,849.306,-862.913,-10.025,0.063,0.097,0.030,0.017,0.002,0.000,0.000,0.000,-0.001,0.700,-0.001,0.714,0.0000000,0.0000000,0.000,0.000,0.000,0.000,0,00:00:00,-20,0.000,0.000,91517.000,9.472,0.000,0.000,0.318,-9.816,0.032,-0.003,0.007,-0.006,0.000,0.000
24.074,0,0,-1.711,0.029,-858.266,-2.260,0.046,2.812,-0.474,0.083,-9.802,0.000,0.000,0.0103675,0.000,9144.000,0.008,1.121,2.874,1.478,915.191,9.473,849.904,-862.315,-9.810,0.071,0.258,-0.004,0.018,0.022,0.000,0.000,0.000,0.001,0.699,0.001,0.715,0.0000000,0.0000000,0.000,0.000,0.000,0.000,0,00:00:00,-20,0.000,0.000,91523.016,9.476,0.000,0.000,0.334,-9.721,0.096,-0.001,-0.011,0.016,0.000,0.000
24.175,0,0,-1.795,0.032,0.033,-2.276,0.052,2562.364,-0.722,0.070,-9.799,0.000,0.000,0.0103675,0.000,9144.000,0.011,1.262,3.022,1.479,915.221,9.475,849.631,-0.001,-9.817,0.060,0.414,0.003,0.014,0.001,0.000,0.000,0.000,0.001,0.696,0.002,0.718,0.0000000,0.0000000,0.000,0.000,0.000,0.000,0,00:00:00,-17,0.000,0.000,91521.500,9.475,0.000,0.000,0.292,-9.787,-0.008,0.006,-0.003,-0.013,0.000,0.000
24.276,0,0,-1.875,0.034,3.171,-2.311,0.060,1.492,-0.981,0.088,-9.678,0.000,0.000,0.0103675,0.000,9144.000,7.617,1.800,3.171,1.492,915.243,9.476,849.429,-0.178,-9.711,0.113,0.560,0.040,0.019,0.004,0.000,0.000,0.000,0.004,0.692,0.002,0.722,0.0000000,0.0000000,0.000,0.000,0.000,0.000,0,00:00:00,-17,0.000,0.000,91524.906,9.477,0.000,0.000,0.334,-9.798,0.031,-0.010,0.005,-0.012,0.000,0.000
24.377,0,0,-1.951,0.038,-0.146,-2.332,0.073,1.070,-0.908,0.143,-9.910,0.000,0.000,0.0103675,0.000,9144.000,0.008,2.493,3.319,1.482,915.241,9.476,849.447,-0.167,-9.940,0.173,0.466,0.006,0.008,0.006,0.000,0.000,0.000,0.006,0.691,0.003,0.723,0.0000000,0.0000000,0.000,0.000,0.000,0.000,0,00:00:00,-17,0.000,0.000,91516.523,9.472,0.000,0.000,0.351,-9.714,0.120,-0.007,0.004,-0.029,0.000,0.000
24.478,0,0,-2.021,0.042,-0.016,-2.350,0.073,1.439,-0.936,0.020,-9.835,0.000,0.000,0.0103675,0.000,9144.000,0.008,2.564,3.467,1.480,915.224,9.475,849.601,-0.031,-9.868,0.036,0.473,-0.017,-0.014,-0.010,0.000,0.000,0.000,0.004,0.690,0.002,0.724,0.0000000,0.0000000,0.000,0.000,0.000,0.000,0,00:00:00,-17,0.000,0.000,91512.844,9.470,0.000,0.000,0.374,-9.860,0.055,-0.017,0.022,-0.015,0.000,0.000
24.579,0,0,-2.085,0.046,-0.166,-2.341,0.088,0.577,-0.735,0.161,-9.701,0.000,0.000,0.0103675,0.000,9144.000,0.008,2.693,3.616,1.491,915.243,9.476,849.431,-0.188,-9.723,0.165,0.342,-0.012,0.010,0.008,0.000,0.000,0.000,0.005,0.693,0.004,0.721,0.0000000,0.0000000,0.000,0.000,0.000,0.000,0,00:00:00,-20,0.000,0.000,91518.914,9.473,0.000,0.000,0.338,-9.781,-0.104,-0.005,-0.013,-0.004,0.000,0.000
24.680,0,0,-2.140,0.051,-0.408,-2.328,0.099,0.357,-0.754,0.136,-9.869,0.000,0.000,0.0103675,0.000,9144.000,0.007,2.326,3.765,1.485,915.269,9.478,849.196,-0.418,-9.890,0.116,0.378,-0.025,0.024,-0.019,0.000,0.000,0.000,0.003,0.693,0.004,0.720,0.0000000,0.0000000,0.000,0.000,0.000,0.000,0,00:00:00,-20,0.000,0.000,91521.719,9.475,0.000,0.000,0.321,-9.852,0.038,-0.008,-0.003,-0.001,0.000,0.000
24.781,0,0,-2.188,0.057,0.184,-2.318,0.116,2.824,-0.846,0.194,-9.616,0.000,0.000,0.0103675,0.000,9144.000,0.007,2.190,3.915,1.504,915.206,9.474,849.765,0.178,-9.643,0.183,0.436,0.011,-0.025,0.007,0.000,0.000,0.000,0.005,0.692,0.006,0.722,0.0000000,0.0000000,0.000,0.000,0.000,0.000,0,00:00:00,-20,0.000,0.000,91519.195,9.473,0.000,0.000,0.342,-9.844,-0.016,-0.011,-0.020,0.004,0.000,0.000
24.882,0,0,-2.226,0.064,0.111,-2.275,0.129,0.724,-0.576,0.151,-9.719,0.000,0.000,0.0103675,0.000,9144.000,0.011,2.458,4.066,1.513,915.223,9.475,849.616,0.066,-9.733,0.139,0.247,-0.004,0.002,0.019,0.000,0.000,0.000,0.005,0.695,0.006,0.719,0.0000000,0.0000000,0.000,0.000,0.000,0.000,0,00:00:00,-20,0.000,0.000,91521.453,9.475,0.000,0.000,0.349,-9.785,-0.028,-0.002,-0.001,0.013,0.000,0.000
24.983,0,0,-2.254,0.071,-0.330,-2.230,0.124,-0.149,-0.596,-0.013,-9.731,0.000,0.000,0.0103675,0.000,9144.000,0.007,1.951,4.218,1.521,915.271,9.478,849.174,-0.343,-9.745,-0.045,0.283,-0.022,-0.010,0.035,0.000,0.000,0.000,0.002,0.696,0.004,0.718,0.0000000,0.0000000,0.000,0.000,0.000,0.000,0,00:00:00,-20,0.000,0.000,91528.781,9.479,0.000,0.000,0.305,-9.729,0.014,0.018,0.007,-0.002,0.000,0.000
25.084,0,0,-2.272,0.077,-0.125,-2.180,0.134,2.127,-0.587,0.139,-9.929,0.000,0.000,0.0103675,0.000,9144.000,0.007,1.839,4.369,1.509,915.244,9.477,849.418,-0.125,-9.942,0.117,0.282,0.011,-0.013,-0.005,0.000,0.000,0.000,0.003,0.696,0.004,0.718,0.0000000,0.0000000,0.000,0.000,0.000,0.000,0,00:00:00,-20,0.000,0.000,91518.680,9.473,0.000,0.000,0.333,-9.861,0.078,-0.013,0.007,0.003,0.000,0.000
25.185,0,0,-2.281,0.083,-0.285,-2.130,0.133,0.454,-0.625,0.030,-9.864,0.000,0.000,0.0103675,0.000,9144.000,0.009,1.768,4.520,1.504,915.267,9.478,849.214,-0.326,-9.879,0.012,0.297,0.003,-0.054,0.004,0.000,0.000,0.000,0.001,0.695,0.002,0.719,0.0000000,0.0000000,0.000,0.000,0.000,0.000,0,00:00:00,-19,0.000,0.000,91523.352,9.476,0.000,0.000,0.397,-9.827,-0.050,-0.005,-0.012,0.012,0.000,0.000
25.286,0,0,-2.282,0.089,-0.168,-2.100,0.146,1.495,-0.844,0.172,-9.839,0.000,0.000,0.0103675,0.000,9144.000,0.006,1.900,4.670,1.501,915.250,9.477,849.370,-0.177,-9.866,0.146,0.452,-0.006,-0.007,-0.030,0.000,0.000,0.000,0.002,0.693,0.004,0.721,0.0000000,0.0000000,0.000,0.000,0.000,0.000,0,00:00:00,-18,0.000,0.000,91532.578,9.481,0.000,0.000,0.289,-9.805,0.069,-0.000,0.005,0.001,0.000,0.000
25.387,0,0,-2.277,0.095,-0.033,-2.066,0.160,1.389,-0.818,0.186,-9.831,0.000,0.000,0.0103675,0.000,9144.000,0.008,2.284,4.820,1.499,915.240,9.476,849.460,-0.063,-9.856,0.179,0.411,0.022,-0.017,0.016,0.000,0.000,0.000,0.005,0.692,0.005,0.722,0.0000000,0.0000000,0.000,0.000,0.000,0.000,0,00:00:00,-17,0.000,0.000,91516.312,9.472,0.000,0.000,0.305,-9.768,0.060,-0.005,-0.007,-0.011,0.000,0.000
25.488,0,0,-2.266,0.102,-0.042,-2.008,0.169,1.037,-0.604,0.143,-9.679,0.000,0.000,0.0103675,0.000,9144.000,0.007,2.384,4.971,1.512,915.244,9.476,849.421,-0.070,-9.694,0.163,0.273,0.026,0.009,-0.009,0.000,0.000,0.000,0.006,0.695,0.004,0.719,0.0000000,0.0000000,0.000,0.000,0.000,0.000,0,00:00:00,-17,0.000,0.000,91529.055,9.479,0.000,0.000,0.268,-9.880,0.040,0.002,0.007,-0.011,0.000,0.000
25.589,0,0,-2.248,0.109,0.213,-1.966,0.179,1.843,-0.764,0.150,-9.748,0.000,0.000,0.0103675,0.000,9144.000,0.007,1.971,5.123,1.518,915.216,9.475,849.674,0.193,-9.770,0.153,0.398,-0.017,-0.002,-0.011,0.000,0.000,0.000,0.006,0.694,0.005,0.720,0.0000000,0.0000000,0.000,0.000,0.000,0.000,0,00:00:00,-17,0.000,0.000,91517.883,9.473,0.000,0.000,0.369,-9.833,-0.008,0.004,-0.003,0.005,0.000,0.000
25.690,0,0,-2.226,0.115,0.103,-1.942,0.176,0.690,-0.940,0.031,-9.697,0.000,0.000,0.0103675,0.000,9144.000,0.008,2.160,5.276,1.529,915.233,9.476,849.525,0.065,-9.729,0.030,0.508,-0.007,0.008,-0.036,0.000,0.000,0.000,0.003,0.691,0.002,0.723,0.0000000,0.0000000,0.000,0.000,0.000,0.000,0,00:00:00,-19,0.000,0.000,91524.758,9.477,0.000,0.000,0.282,-9.894,0.077,-0.016,-0.007,0.004,0.000,0.000
25.791,0,0,-2.201,0.121,0.049,-1.895,0.183,0.979,-0.713,0.143,-9.832,0.000,0.000,0.0103675,0.000,9144.000,0.006,2.550,5.428,1.527,915.232,9.476,849.532,0.034,-9.852,0.144,0.318,0.001,-0.038,0.003,0.000,0.000,0.000,0.004,0.693,0.004,0.721,0.0000000,0.0000000,0.000,0.000,0.000,0.000,0,00:00:00,-20,0.000,0.000,91520.359,9.474,0.000,0.000,0.294,-9.780,0.030,-0.008,0.014,0.006,0.000,0.000
25.892,0,0,-2.173,0.127,0.088,-1.869,0.179,1.158,-0.915,0.024,-9.890,0.000,0.000,0.0103675,0.000,9144.000,0.006,2.308,5.580,1.519,915.224,9.475,849.599,0.066,-9.921,0.043,0.470,0.019,-0.022,0.018,0.000,0.000,0.000,0.004,0.691,0.002,0.723,0.0000000,0.0000000,0.000,0.000,0.000,0.000,0,00:00:00,-20,0.000,0.000,91512.016,9.469,0.000,0.000,0.327,-9.800,0.042,0.009,-0.012,-0.008,0.000,0.000
25.993,0,0,-2.144,0.131,0.075,-1.845,0.169,1.009,-0.924,-0.030,-9.836,0.000,0.000,0.0103675,0.000,9144.000,0.007,2.572,5.732,1.517,915.228,9.476,849.568,0.049,-9.869,-0.042,0.463,-0.036,-0.016,-0.031,0.000,0.000,0.000,-0.000,0.690,0.001,0.723,0.0000000,0.0000000,0.000,0.000,0.000,0.000,0,00:00:00,-20,0.000,0.000,91520.844,9.474,0.000,0.000,0.337,-9.810,0.054,-0.004,-0.000,-0.016,0.000,0.000
26.094,0,0,-2.113,0.135,0.133,-1.810,0.184,1.248,-0.798,0.226,-9.721,0.000,0.000,0.0103675,0.000,9144.000,0.006,2.677,5.885,1.526,915.227,9.475,849.580,0.109,-9.747,0.183,0.387,-0.030,0.017,-0.024,0.000,0.000,0.000,0.002,0.692,0.004,0.722,0.0000000,0.0000000,0.000,0.000,0.000,0.000,0,00:00:00,-20,0.000,0.000,91530.742,9.480,0.000,0.000,0.400,-9.701,-0.040,-0.003,0.007,-0.009,0.000,0.000
26.195,0,0,-2.080,0.139,0.211,-1.763,0.164,1.296,-0.669,-0.122,-9.618,0.000,0.000,0.0103675,0.000,9144.000,0.007,2.427,6.039,1.545,915.223,9.475,849.610,0.181,-9.635,-0.174,0.311,-0.015,-0.000,0.006,0.000,0.000,0.000,-0.004,0.694,0.000,0.720,0.0000000,0.0000000,0.000,0.000,0.000,0.000,0,00:00:00,-20,0.000,0.000,91523.016,9.476,0.000,0.000,0.366,-9.788,0.014,0.004,0.011,-0.005,0.000,0.000
26.296,0,0,-2.045,0.140,0.023,-1.718,0.154,0.504,-0.674,-0.024,-9.955,0.000,0.000,0.0103675,0.000,9144.000,0.007,2.138,6.192,1.530,915.245,9.477,849.414,-0.010,-9.973,-0.106,0.323,-0.031,-0.008,-0.035,0.000,0.000,0.000,-0.006,0.695,-0.000,0.719,0.0000000,0.0000000,0.000,0.000,0.000,0.000,0,00:00:00,-20,0.000,0.000,91520.477,9.474,0.000,0.000,0.344,-9.813,-0.041,-0.002,0.003,0.006,0.000,0.000
26.397,0,0,-2.009,0.142,-0.036,-1.700,0.168,0.955,-0.914,0.215,-9.807,0.000,0.000,0.0103675,0.000,9144.000,0.005,2.019,6.345,1.531,915.249,9.477,849.375,-0.049,-9.839,0.132,0.487,0.003,-0.022,0.003,0.000,0.000,0.000,-0.002,0.692,0.004,0.722,0.0000000,0.0000000,0.000,0.000,0.000,0.000,0,00:00:00,-21,0.000,0.000,91525.703,9.477,0.000,0.000,0.383,-9.804,-0.010,0.015,0.000,-0.010,0.000,0.000
26.498,0,0,-1.975,0.144,-0.006,-1.687,0.182,1.125,-0.953,0.215,-9.803,0.000,0.000,0.0103675,0.000,9144.000,0.006,2.490,6.498,1.531,915.249,9.477,849.375,-0.031,-9.839,0.132,0.487,0.003,-0.022,0.003,0.000,0.000,0.000,0.000,0.690,0.006,0.724,0.0000000,0.0000000,0.000,0.000,0.000,0.000,0,00:00:00,-22,0.000,0.000,91525.703,9.477,0.000,0.000,0.383,-9.804,-0.010,0.015,0.000,-0.010,0.000,0.000
26.599,0,0,-1.940,0.147,0.324,-1.636,0.168,2.052,-0.557,-0.059,-9.659,0.000,0.000,0.0103675,0.000,9144.000,0.006,2.725,6.653,1.546,915.210,9.475,849.726,0.295,-9.672,-0.141,0.221,-0.005,0.009,-0.008,0.000,0.000,0.000,-0.004,0.695,0.002,0.719,0.0000000,0.0000000,0.000,0.000,0.000,0.000,0,00:00:00,-22,0.000,0.000,91525.578,9.477,0.000,0.000,0.328,-9.806,0.040,0.014,0.000,-0.002,0.000,0.000
26.700,0,0,-1.904,0.149,-0.029,-1.585,0.195,-0.046,-0.529,0.353,-9.771,0.000,0.000,0.0103675,0.000,9144.000,0.008,1.991,6.808,1.550,915.249,9.477,849.378,-0.086,-9.784,0.284,0.247,0.018,0.013,0.023,0.000,0.000,0.000,0.003,0.697,0.007,0.717,0.0000000,0.0000000,0.000,0.000,0.000,0.000,0,00:00:00,-22,0.000,0.000,91530.469,9.480,0.000,0.000,0.361,-9.799,0.042,0.010,-0.004,-0.013,0.000,0.000
26.801,0,0,-1.867,0.153,-0.096,-1.549,0.202,-0.018,-0.657,0.152,-9.638,0.000,0.000,0.0103675,0.000,9144.000,0.005,1.681,6.965,1.567,915.253,9.477,849.345,-0.096,-9.655,0.078,0.347,-0.004,0.007,0.012,0.000,0.000,0.000,0.002,0.696,0.007,0.718,0.0000000,0.0000000,0.000,0.000,0.000,0.000,0,00:00:00,-22,0.000,0.000,91526.008,9.477,0.000,0.000,0.359,-9.852,-0.049,0.003,0.006,-0.004,0.000,0.000
26.902,0,0,-1.829,0.157,-0.030,-1.495,0.196,0.702,-0.452,0.030,-9.579,0.000,0.000,0.0103675,0.000,9144.000,0.005,1.851,7.124,1.591,915.245,9.477,849.409,-0.030,-9.588,-0.015,0.189,0.026,-0.029,-0.005,0.000,0.000,0.000,0.000,0.697,0.003,0.717,0.0000000,0.0000000,0.000,0.000,0.000,0.000,0,00:00:00,-22,0.000,0.000,91518.977,9.473,0.000,0.000,0.296,-9.822,-0.091,-0.014,-0.005,0.014,0.000,0.000
27.003,0,0,-1.791,0.160,-0.043,-1.475,0.195,1.019,-0.773,0.072,-9.697,0.000,0.000,0.0103675,0.000,9144.000,0.005,1.573,7.284,1.602,915.245,9.477,849.414,-0.064,-9.718,0.014,0.433,-0.012,0.020,0.002,0.000,0.000,0.000,-0.001,0.695,0.003,0.719,0.0000000,0.0000000,0.000,0.000,0.000,0.000,0,00:00:00,-22,0.000,0.000,91526.461,9.478,0.000,0.000,0.333,-9.881,-0.047,-0.006,-0.009,-0.010,0.000,0.000
27.104,0,0,-1.756,0.162,0.179,-1.466,0.181,1.758,-0.856,-0.047,-9.788,0.000,0.000,0.0103675,0.000,9144.000,0.005,2.005,7.444,1.604,915.219,9.475,849.644,0.150,-9.815,-0.098,0.460,0.006,0.010,0.024,0.000,0.000,0.000,-0.003,0.693,0.001,0.721,0.0000000,0.0000000,0.000,0.000,0.000,0.000,0,00:00:00,-22,0.000,0.000,91532.984,9.482,0.000,0.000,0.429,-9.771,-0.008,-0.001,0.027,-0.016,0.000,0.000
27.205,0,0,-1.723,0.163,0.163,-1.461,0.167,1.007,-0.882,-0.054,-9.786,0.000,0.000,0.0103675,0.000,9144.000,0.007,2.315,7.605,1.607,915.219,9.475,849.644,0.110,-9.815,-0.098,0.460,0.006,0.010,0.024,0.000,0.000,0.000,-0.003,0.692,0.000,0.722,0.0000000,0.0000000,0.000,0.000,0.000,0.000,0,00:00:00,-22,0.000,0.000,91532.984,9.482,0.000,0.000,0.429,-9.771,-0.008,-0.001,0.027,-0.016,0.000,0.000
27.306,0,0,-1.693,0.162,-0.211,-1.463,0.160,0.080,-0.925,0.017,-9.734,0.000,0.000,0.0103675,0.000,9144.000,0.005,2.471,7.766,1.614,915.258,9.477,849.295,-0.243,-9.766,-0.020,0.487,0.008,0.031,0.002,0.000,0.000,0.000,-0.003,0.691,0.000,0.723,0.0000000,0.0000000,0.000,0.000,0.000,0.000,0,00:00:00,-22,0.000,0.000,91518.031,9.473,0.000,0.000,0.347,-9.732,-0.003,-0.013,-0.009,-0.006,0.000,0.000
27.407,0,0,-1.665,0.162,0.005,-1.445,0.167,1.865,-0.717,0.156,-9.734,0.000,0.000,0.0103675,0.000,9144.000,0.004,2.575,7.929,1.622,915.232,9.476,849.532,0.002,-9.756,0.100,0.340,-0.020,0.025,-0.046,0.000,0.000,0.000,-0.002,0.693,0.002,0.721,0.0000000,0.0000000,0.000,0.000,0.000,0.000,0,00:00:00,-22,0.000,0.000,91518.883,9.473,0.000,0.000,0.339,-9.782,0.051,0.004,0.006,-0.003,0.000,0.000
27.508,0,0,-1.639,0.161,0.035,-1.430,0.159,1.060,-0.728,0.010,-9.717,0.000,0.000,0.0103675,0.000,9144.000,0.007,2.215,8.092,1.631,915.235,9.476,849.500,-0.025,-9.737,-0.061,0.363,-0.018,0.010,-0.014,0.000,0.000,0.000,-0.004,0.694,0.002,0.720,0.0000000,0.0000000,0.000,0.000,0.000,0.000,0,00:00:00,-23,0.000,0.000,91523.695,9.476,0.000,0.000,0.334,-9.797,0.045,0.014,-0.018,0.006,0.000,0.000
27.609,0,0,-1.613,0.160,0.019,-1.413,0.144,1.162,-0.688,-0.071,-9.906,0.000,0.000,0.0103675,0.000,9144.000,0.005,2.146,8.254,1.621,915.234,9.476,849.514,-0.016,-9.923,-0.137,0.336,0.003,0.003,-0.020,0.000,0.000,0.000,-0.006,0.694,-0.001,0.720,0.0000000,0.0000000,0.000,0.000,0.000,0.000,0,00:00:00,-21,0.000,0.000,91525.133,9.477,0.000,0.000,0.320,-9.831,-0.025,-0.007,0.004,-0.003,0.000,0.000
27.710,0,0,-1.589,0.158,0.158,-1.391,0.150,1.532,-0.631,0.146,-9.885,0.000,0.000,0.0103675,0.000,9144.000,0.005,2.034,8.415,1.614,915.220,9.475,849.635,0.119,-9.901,0.095,0.311,0.019,0.022,-0.009,0.000,0.000,0.000,-0.002,0.696,0.002,0.718,0.0000000,0.0000000,0.000,0.000,0.000,0.000,0,00:00:00,-21,0.000,0.000,91521.734,9.475,0.000,0.000,0.333,-9.759,-0.027,-0.001,-0.016,0.000,0.000,0.000
27.811,0,0,-1.565,0.156,0.030,-1.382,0.123,0.711,-0.743,-0.178,-9.746,0.000,0.000,0.0103675,0.000,9144.000,0.006,1.852,8.577,1.620,915.238,9.476,849.474,-0.023,-9.765,-0.230,0.393,-0.009,0.005,-0.019,0.000,0.000,0.000,-0.007,0.694,-0.002,0.720,0.0000000,0.0000000,0.000,0.000,0.000,0.000,0,00:00:00,-21,0.000,0.000,91522.211,9.475,0.000,0.000,0.348,-9.824,0.104,0.012,-0.001,-0.000,0.000,0.000
27.912,0,0,-1.543,0.152,-0.019,-1.359,0.114,1.064,-0.588,-0.013,-9.908,0.000,0.000,0.0103675,0.000,9144.000,0.005,2.066,8.738,1.610,915.243,9.476,849.434,-0.044,-9.922,-0.059,0.268,0.012,-0.015,0.018,0.000,0.000,0.000,-0.005,0.696,-0.001,0.718,0.0000000,0.0000000,0.000,0.000,0.000,0.000,0,00:00:00,-21,0.000,0.000,91523.352,9.476,0.000,0.000,0.308,-9.764,-0.037,-0.013,0.003,0.011,0.000,0.000
28.013,0,0,-1.520,0.147,0.009,-1.335,0.104,1.166,-0.569,-0.024,-9.909,0.000,0.000,0.0103675,0.000,9144.000,0.005,1.850,8.898,1.601,915.243,9.476,849.434,-0.029,-9.922,-0.059,0.268,0.012,-0.015,0.018,0.000,0.000,0.000,-0.004,0.696,-0.001,0.718,0.0000000,0.0000000,0.000,0.000,0.000,0.000,0,00:00:00,-21,0.000,0.000,91523.352,9.476,0.000,0.000,0.308,-9.764,-0.037,-0.013,0.003,0.011,0.000,0.000
28.114,0,0,-1.498,0.143,0.080,-1.332,0.094,1.326,-0.762,-0.018,-9.720,0.000,0.000,0.0103675,0.000,9144.000,0.005,1.741,9.059,1.610,915.235,9.476,849.507,0.038,-9.741,-0.045,0.401,0.005,-0.026,-0.021,0.000,0.000,0.000,-0.003,0.694,-0.001,0.720,0.0000000,0.0000000,0.000,0.000,0.000,0.000,0,00:00:00,-21,0.000,0.000,91520.250,9.474,0.000,0.000,0.366,-9.686,-0.032,-0.019,-0.003,-0.004,0.000,0.000
28.215,0,0,-1.479,0.137,-0.025,-1.335,0.089,0.799,-0.807,0.022,-9.736,0.000,0.000,0.0103675,0.000,9144.000,0.006,2.124,9.221,1.617,915.247,9.477,849.399,-0.074,-9.760,-0.025,0.424,-0.019,0.020,0.001,0.000,0.000,0.000,-0.003,0.693,0.000,0.721,0.0000000,0.0000000,0.000,0.000,0.000,0.000,0,00:00:00,-21,0.000,0.000,91527.602,9.478,0.000,0.000,0.301,-9.780,-0.044,0.019,0.003,0.008,0.000,0.000
28.316,0,0,-1.462,0.133,0.244,-1.340,0.087,2.003,-0.825,0.047,-9.617,0.000,0.000,0.0103675,0.000,9144.000,0.005,2.249,9.385,1.636,915.216,9.475,849.675,0.215,-9.643,-0.016,0.425,-0.016,0.003,0.011,0.000,0.000,0.000,-0.003,0.692,0.001,0.722,0.0000000,0.0000000,0.000,0.000,0.000,0.000,0,00:00:00,-21,0.000,0.000,91520.227,9.474,0.000,0.000,0.343,-9.727,-0.021,0.013,-0.006,0.004,0.000,0.000
28.417,0,0,-1.446,0.128,0.432,-1.325,0.094,1.571,-0.615,0.137,-9.824,0.000,0.000,0.0103675,0.000,9144.000,0.007,2.378,9.548,1.635,915.198,9.474,849.835,0.359,-9.840,0.087,0.275,0.016,0.003,-0.002,0.000,0.000,0.000,-0.001,0.695,0.003,0.719,0.0000000,0.0000000,0.000,0.000,0.000,0.000,0,00:00:00,-21,0.000,0.000,91521.984,9.475,0.000,0.000,0.434,-9.838,-0.033,-0.020,0.005,0.004,0.000,0.000
28.518,0,0,-1.431,0.125,0.078,-1.317,0.094,0.133,-0.671,0.064,-9.765,0.000,0.000,0.0103675,0.000,9144.000,0.006,1.981,9.712,1.639,915.235,9.476,849.506,0.017,-9.782,-0.036,0.343,-0.052,0.025,0.020,0.000,0.000,0.000,-0.003,0.695,0.004,0.719,0.0000000,0.0000000,0.000,0.000,0.000,0.000,0,00:00:00,-21,0.000,0.000,91510.898,9.469,0.000,0.000,0.344,-9.770,0.015,0.026,-0.012,-0.001,0.000,0.000
28.619,0,0,-1.416,0.122,-0.366,-1.311,0.106,-0.001,-0.686,0.187,-9.733,0.000,0.000,0.0103675,0.000,9144.000,0.004,1.924,9.877,1.647,915.280,9.479,849.096,-0.372,-9.752,0.084,0.346,-0.001,-0.009,0.015,0.000,0.000,0.000,-0.002,0.695,0.006,0.719,0.0000000,0.0000000,0.000,0.000,0.000,0.000,0,00:00:00,-21,0.000,0.000,91510.000,9.468,0.000,0.000,0.315,-9.879,0.009,-0.004,0.005,-0.005,0.000,0.000
28.720,0,0,-1.403,0.121,0.147,-1.311,0.112,4.966,-0.735,0.121,-9.741,0.000,0.000,0.0103675,0.000,9144.000,0.004,2.004,10.042,1.654,915.220,9.475,849.641,0.147,-9.763,0.006,0.373,-0.012,-0.012,0.015,0.000,0.000,0.000,-0.003,0.694,0.005,0.720,0.0000000,0.0000000,0.000,0.000,0.000,0.000,0,00:00:00,-21,0.000,0.000,91533.438,9.482,0.000,0.000,0.335,-9.844,0.049,0.019,-0.001,0.001,0.000,0.000
28.821,0,0,-1.391,0.120,0.086,-1.318,0.117,0.368,-0.804,0.114,-9.781,0.000,0.000,0.0103675,0.000,9144.000,0.015,2.131,10.208,1.657,915.248,9.477,849.387,-0.119,-9.806,-0.014,0.415,-0.015,0.002,-0.024,0.000,0.000,0.000,-0.005,0.693,0.005,0.721,0.0000000,0.0000000,0.000,0.000,0.000,0.000,0,00:00:00,-21,0.000,0.000,91525.875,9.477,0.000,0.000,0.435,-9.773,-0.031,-0.002,0.003,-0.004,0.000,0.000
28.922,0,0,-1.382,0.120,-0.078,-1.329,0.127,1.236,-0.832,0.160,-9.813,0.000,0.000,0.0103675,0.000,9144.000,0.004,2.274,10.373,1.657,915.245,9.477,849.415,-0.094,-9.840,0.021,0.420,-0.012,-0.014,-0.037,0.000,0.000,0.000,-0.005,0.692,0.005,0.722,0.0000000,0.0000000,0.000,0.000,0.000,0.000,0,00:00:00,-21,0.000,0.000,91527.914,9.479,0.000,0.000,0.350,-9.849,0.020,0.002,0.006,0.023,0.000,0.000
29.023,0,0,-1.374,0.121,-0.043,-1.341,0.138,1.154,-0.843,0.170,-9.812,0.000,0.000,0.0103675,0.000,9144.000,0.005,2.401,10.539,1.656,915.245,9.477,849.415,-0.096,-9.840,0.021,0.420,-0.012,-0.014,-0.037,0.000,0.000,0.000,-0.006,0.692,0.005,0.722,0.0000000,0.0000000,0.000,0.000,0.000,0.000,0,00:00:00,-21,0.000,0.000,91527.914,9.479,0.000,0.000,0.350,-9.849,0.020,0.002,0.006,0.023,0.000,0.000
29.124,0,0,-1.369,0.122,0.012,-1.371,0.152,1.333,-1.013,0.211,-9.785,0.000,0.000,0.0103675,0.000,9144.000,0.005,2.465,10.705,1.659,915.240,9.476,849.459,-0.038,-9.825,0.030,0.539,-0.033,0.011,-0.020,0.000,0.000,0.000,-0.006,0.690,0.007,0.724,0.0000000,0.0000000,0.000,0.000,0.000,0.000,0,00:00:00,-21,0.000,0.000,91529.234,9.479,0.000,0.000,0.393,-9.871,0.046,-0.001,-0.012,-0.014,0.000,0.000
29.225,0,0,-1.367,0.126,0.045,-1.403,0.170,1.236,-1.039,0.242,-9.782,0.000,0.000,0.0103675,0.000,9144.000,0.006,2.770,10.871,1.662,915.240,9.476,849.459,-0.013,-9.825,0.030,0.539,-0.033,0.011,-0.020,0.000,0.000,0.000,-0.007,0.689,0.008,0.725,0.0000000,0.0000000,0.000,0.000,0.000,0.000,0,00:00:00,-21,0.000,0.000,91529.234,9.479,0.000,0.000,0.393,-9.871,0.046,-0.001,-0.012,-0.014,0.000,0.000
29.326,0,0,-1.368,0.130,-0.108,-1.416,0.177,0.720,-0.847,0.131,-9.749,0.000,0.000,0.0103675,0.000,9144.000,0.006,2.922,11.038,1.668,915.252,9.477,849.347,-0.164,-9.778,-0.109,0.402,-0.030,0.012,0.017,0.000,0.000,0.000,-0.010,0.691,0.007,0.723,0.0000000,0.0000000,0.000,0.000,0.000,0.000,0,00:00:00,-21,0.000,0.000,91535.695,9.483,0.000,0.000,0.391,-9.795,0.023,0.014,-0.006,-0.011,0.000,0.000
29.427,0,0,-1.368,0.134,-0.003,-1.382,0.184,1.553,-0.381,0.143,-9.753,0.000,0.000,0.0103675,0.000,9144.000,0.005,2.605,11.205,1.674,915.235,9.476,849.506,-0.035,-9.760,-0.102,0.098,-0.004,-0.024,-0.014,0.000,0.000,0.000,-0.012,0.697,0.006,0.717,0.0000000,0.0000000,0.000,0.000,0.000,0.000,0,00:00:00,-21,0.000,0.000,91526.586,9.478,0.000,0.000,0.339,-9.714,0.023,-0.000,-0.009,0.009,0.000,0.000
29.528,0,0,-1.366,0.139,0.158,-1.393,0.197,1.535,-0.826,0.200,-9.863,0.000,0.000,0.0103675,0.000,9144.000,0.006,1.658,11.372,1.668,915.221,9.475,849.630,0.088,-9.889,-0.059,0.460,-0.014,0.014,0.024,0.000,0.000,0.000,-0.011,0.694,0.007,0.720,0.0000000,0.0000000,0.000,0.000,0.000,0.000,0,00:00:00,-21,0.000,0.000,91521.594,9.475,0.000,0.000,0.355,-9.757,0.082,0.007,0.008,0.007,0.000,0.000
29.629,0,0,-1.366,0.145,0.200,-1.408,0.211,1.289,-0.865,0.215,-9.860,0.000,0.000,0.0103675,0.000,9144.000,0.006,2.118,11.538,1.663,915.221,9.475,849.630,0.130,-9.889,-0.059,0.460,-0.014,0.014,0.024,0.000,0.000,0.000,-0.011,0.692,0.008,0.721,0.0000000,0.0000000,0.000,0.000,0.000,0.000,0,00:00:00,-21,0.000,0.000,91521.594,9.475,0.000,0.000,0.355,-9.757,0.082,0.007,0.008,0.007,0.000,0.000
29.730,0,0,-1.368,0.151,0.189,-1.425,0.226,1.159,-0.885,0.230,-9.857,0.000,0.000,0.0103675,0.000,9144.000,0.006,2.348,11.704,1.658,915.221,9.475,849.630,0.130,-9.889,-0.059,0.460,-0.014,0.014,0.024,0.000,0.000,0.000,-0.012,0.692,0.009,0.722,0.0000000,0.0000000,0.000,0.000,0.000,0.000,0,00:00:00,-21,0.000,0.000,91521.594,9.475,0.000,0.000,0.355,-9.757,0.082,0.007,0.008,0.007,0.000,0.000
29.831,0,0,-1.369,0.158,0.176,-1.412,0.246,1.133,-0.595,0.285,-9.881,0.000,0.000,0.0103675,0.000,9144.000,0.006,2.463,11.869,1.651,915.223,9.475,849.613,0.122,-9.900,0.013,0.249,0.019,-0.018,-0.006,0.000,0.000,0.000,-0.010,0.695,0.009,0.719,0.0000000,0.0000000,0.000,0.000,0.000,0.000,0,00:00:00,-21,0.000,0.000,91523.625,9.476,0.000,0.000,0.275,-9.740,-0.047,0.018,0.009,-0.009,0.000,0.000
29.932,0,0,-1.369,0.167,0.178,-1.396,0.264,1.156,-0.555,0.266,-9.884,0.000,0.000,0.0103675,0.000,9144.000,0.005,2.003,12.034,1.644,915.223,9.475,849.613,0.124,-9.900,0.013,0.249,0.019,-0.018,-0.006,0.000,0.000,0.000,-0.009,0.696,0.009,0.718,0.0000000,0.0000000,0.000,0.000,0.000,0.000,0,00:00:00,-22,0.000,0.000,91523.625,9.476,0.000,0.000,0.275,-9.740,-0.047,0.018,0.009,-0.009,0.000,0.000
30.033,0,0,-1.370,0.176,0.212,-1.416,0.269,1.254,-0.914,0.137,-9.702,0.000,0.000,0.0103675,0.000,9144.000,0.005,1.773,12.199,1.655,915.219,9.475,849.643,0.156,-9.732,-0.119,0.510,-0.009,0.002,0.013,0.000,0.000,0.000,-0.011,0.692,0.008,0.722,0.0000000,0.0000000,0.000,0.000,0.000,0.000,0,00:00:00,-22,0.000,0.000,91518.414,9.473,0.000,0.000,0.401,-9.858,0.037,-0.004,0.008,0.023,0.000,0.000
30.134,0,0,-1.372,0.184,0.222,-1.440,0.274,1.181,-0.966,0.145,-9.697,0.000,0.000,0.0103675,0.000,9144.000,0.006,2.380,12.366,1.666,915.219,9.475,849.643,0.161,-9.732,-0.119,0.510,-0.009,0.002,0.013,0.000,0.000,0.000,-0.013,0.690,0.007,0.723,0.0000000,0.0000000,0.000,0.000,0.000,0.000,0,00:00:00,-22,0.000,0.000,91518.414,9.473,0.000,0.000,0.401,-9.858,0.037,-0.004,0.008,0.023,0.000,0.000
30.235,0,0,-1.376,0.193,0.376,-1.460,0.293,1.632,-0.912,0.293,-9.847,0.000,0.000,0.0103675,0.000,9144.000,0.006,2.683,12.532,1.663,915.201,9.474,849.807,0.318,-9.883,-0.008,0.449,-0.033,-0.014,-0.016,0.000,0.000,0.000,-0.013,0.690,0.009,0.723,0.0000000,0.0000000,0.000,0.000,0.000,0.000,0,00:00:00,-21,0.000,0.000,91521.172,9.475,0.000,0.000,0.324,-9.860,0.066,0.008,-0.008,-0.010,0.000,0.000
30.336,0,0,-1.380,0.202,0.486,-1.451,0.298,1.424,-0.639,0.149,-9.810,0.000,0.000,0.0103675,0.000,9144.000,0.007,2.682,12.698,1.663,915.195,9.474,849.862,0.406,-9.827,-0.107,0.273,0.046,0.002,0.027,0.000,0.000,0.000,-0.012,0.694,0.007,0.720,0.0000000,0.0000000,0.000,0.000,0.000,0.000,0,00:00:00,-21,0.000,0.000,91523.656,9.476,0.000,0.000,0.385,-9.817,-0.072,0.020,-0.012,-0.001,0.000,0.000
30.437,0,0,-1.383,0.211,0.151,-1.441,0.320,0.194,-0.626,0.332,-9.757,0.000,0.000,0.0103675,0.000,9144.000,0.006,2.131,12.865,1.668,915.235,9.476,849.501,0.078,-9.778,0.054,0.295,-0.022,-0.002,-0.026,0.000,0.000,0.000,-0.011,0.695,0.010,0.719,0.0000000,0.0000000,0.000,0.000,0.000,0.000,0,00:00:00,-21,0.000,0.000,91518.047,9.473,0.000,0.000,0.380,-9.826,-0.071,0.017,0.005,-0.011,0.000,0.000
30.538,0,0,-1.385,0.222,-0.045,-1.435,0.358,0.763,-0.670,0.494,-9.931,0.000,0.000,0.0103675,0.000,9144.000,0.004,1.937,13.031,1.656,915.249,9.477,849.380,-0.055,-9.958,0.219,0.333,0.011,-0.014,-0.010,0.000,0.000,0.000,-0.006,0.695,0.013,0.719,0.0000000,0.0000000,0.000,0.000,0.000,0.000,0,00:00:00,-21,0.000,0.000,91523.805,9.476,0.000,0.000,0.334,-9.738,0.002,0.006,0.008,-0.005,0.000,0.000
30.639,0,0,-1.386,0.235,0.457,-1.439,0.384,2.563,-0.772,0.385,-9.812,0.000,0.000,0.0103675,0.000,9144.000,0.005,1.967,13.196,1.656,915.190,9.473,849.907,0.418,-9.839,0.147,0.417,0.035,0.036,-0.019,0.000,0.000,0.000,-0.004,0.694,0.012,0.720,0.0000000,0.0000000,0.000,0.000,0.000,0.000,0,00:00:00,-21,0.000,0.000,91520.266,9.474,0.000,0.000,0.338,-9.752,0.016,-0.018,-0.003,0.001,0.000,0.000
30.740,0,0,-1.387,0.249,0.320,-1.416,0.389,0.479,-0.497,0.171,-9.651,0.000,0.000,0.0103675,0.000,9144.000,0.009,2.093,13.363,1.671,915.216,9.475,849.673,0.185,-9.663,-0.049,0.209,0.010,-0.016,-0.013,0.000,0.000,0.000,-0.007,0.696,0.009,0.718,0.0000000,0.0000000,0.000,0.000,0.000,0.000,0,00:00:00,-21,0.000,0.000,91523.664,9.476,0.000,0.000,0.352,-9.766,-0.005,0.007,-0.012,-0.004,0.000,0.000
30.841,0,0,-1.386,0.261,0.065,-1.416,0.390,0.743,-0.729,0.154,-9.710,0.000,0.000,0.0103675,0.000,9144.000,0.005,1.713,13.532,1.681,915.230,9.476,849.549,0.039,-9.730,-0.065,0.392,0.005,0.008,0.053,0.000,0.000,0.000,-0.008,0.695,0.008,0.719,0.0000000,0.0000000,0.000,0.000,0.000,0.000,0,00:00:00,-21,0.000,0.000,91514.898,9.471,0.000,0.000,0.345,-9.787,-0.017,0.005,0.008,-0.006,0.000,0.000
30.942,0,0,-1.386,0.273,-0.083,-1.418,0.397,0.689,-0.750,0.210,-9.886,0.000,0.000,0.0103675,0.000,9144.000,0.005,1.988,13.699,1.674,915.246,9.477,849.406,-0.124,-9.909,0.029,0.388,0.043,0.007,0.004,0.000,0.000,0.000,-0.006,0.694,0.007,0.720,0.0000000,0.0000000,0.000,0.000,0.000,0.000,0,00:00:00,-21,0.000,0.000,91526.648,9.478,0.000,0.000,0.446,-9.765,-0.060,0.013,-0.002,-0.003,0.000,0.000
31.043,0,0,-1.386,0.284,0.073,-1.424,0.406,1.642,-0.782,0.236,-9.816,0.000,0.000,0.0103675,0.000,9144.000,0.005,2.095,13.866,1.673,915.226,9.475,849.588,0.035,-9.841,0.061,0.406,0.006,0.012,-0.003,0.000,0.000,0.000,-0.005,0.693,0.008,0.720,0.0000000,0.0000000,0.000,0.000,0.000,0.000,0,00:00:00,-21,0.000,0.000,91523.023,9.476,0.000,0.000,0.345,-9.722,0.027,-0.001,-0.003,-0.007,0.000,0.000
31.144,0,0,-1.387,0.295,0.170,-1.432,0.414,1.290,-0.817,0.236,-9.960,0.000,0.000,0.0103675,0.000,9144.000,0.007,2.194,14.032,1.658,915.219,9.475,849.650,0.078,-9.987,0.066,0.420,0.008,0.004,-0.005,0.000,0.000,0.000,-0.004,0.693,0.008,0.721,0.0000000,0.0000000,0.000,0.000,0.000,0.000,0,00:00:00,-21,0.000,0.000,91523.289,9.476,0.000,0.000,0.345,-9.766,-0.014,-0.013,-0.007,0.019,0.000,0.000
31.245,0,0,-1.388,0.305,0.116,-1.442,0.421,1.047,-0.826,0.228,-9.959,0.000,0.000,0.0103675,0.000,9144.000,0.006,2.290,14.197,1.643,915.219,9.475,849.650,0.043,-9.987,0.066,0.420,0.008,0.004,-0.005,0.000,0.000,0.000,-0.004,0.693,0.008,0.721,0.0000000,0.0000000,0.000,0.000,0.000,0.000,0,00:00:00,-21,0.000,0.000,91523.289,9.476,0.000,0.000,0.345,-9.766,-0.014,-0.013,-0.007,0.019,0.000,0.000
31.346,0,0,-1.390,0.314,-0.223,-1.452,0.410,0.173,-0.824,0.055,-9.858,0.000,0.000,0.0103675,0.000,9144.000,0.005,2.338,14.360,1.639,915.249,9.477,849.373,-0.284,-9.884,-0.101,0.405,-0.000,-0.030,-0.015,0.000,0.000,0.000,-0.007,0.692,0.005,0.722,0.0000000,0.0000000,0.000,0.000,0.000,0.000,0,00:00:00,-21,0.000,0.000,91524.164,9.476,0.000,0.000,0.347,-9.839,-0.019,-0.012,0.006,0.001,0.000,0.000
31.447,0,0,-1.392,0.323,-0.341,-1.433,0.420,0.937,-0.548,0.271,-9.976,0.000,0.000,0.0103675,0.000,9144.000,0.005,2.428,14.523,1.622,915.257,9.477,849.306,-0.351,-9.992,0.095,0.216,-0.016,-0.027,0.017,0.000,0.000,0.000,-0.005,0.695,0.008,0.719,0.0000000,0.0000000,0.000,0.000,0.000,0.000,0,00:00:00,-21,0.000,0.000,91519.422,9.474,0.000,0.000,0.236,-9.878,-0.039,0.005,-0.009,0.004,0.000,0.000
31.548,0,0,-1.393,0.331,-0.284,-1.447,0.421,1.165,-0.868,0.184,-9.843,0.000,0.000,0.0103675,0.000,9144.000,0.005,1.911,14.684,1.619,915.258,9.477,849.292,-0.341,-9.872,-0.025,0.459,-0.034,-0.033,0.034,0.000,0.000,0.000,-0.006,0.692,0.008,0.722,0.0000000,0.0000000,0.000,0.000,0.000,0.000,0,00:00:00,-21,0.000,0.000,91522.906,9.476,0.000,0.000,0.494,-9.810,-0.066,-0.004,-0.001,0.010,0.000,0.000
31.649,0,0,-1.394,0.338,-0.341,-1.443,0.414,0.917,-0.698,0.109,-9.851,0.000,0.000,0.0103675,0.000,9144.000,0.006,2.381,14.846,1.615,915.263,9.478,849.248,-0.412,-9.870,-0.130,0.333,-0.032,0.014,0.028,0.000,0.000,0.000,-0.010,0.694,0.007,0.720,0.0000000,0.0000000,0.000,0.000,0.000,0.000,0,00:00:00,-21,0.000,0.000,91509.703,9.468,0.000,0.000,0.387,-9.741,-0.011,0.003,0.014,-0.009,0.000,0.000
31.750,0,0,-1.395,0.344,0.098,-1.431,0.413,2.477,-0.617,0.175,-9.902,0.000,0.000,0.0103675,0.000,9144.000,0.005,2.118,15.006,1.605,915.212,9.475,849.707,0.043,-9.918,-0.093,0.293,-0.029,0.014,-0.025,0.000,0.000,0.000,-0.012,0.695,0.007,0.718,0.0000000,0.0000000,0.000,0.000,0.000,0.000,0,00:00:00,-21,0.000,0.000,91525.102,9.477,0.000,0.000,0.448,-9.847,0.057,-0.018,0.000,-0.012,0.000,0.000
31.851,0,0,-1.394,0.350,0.105,-1.406,0.422,0.867,-0.486,0.270,-9.703,0.000,0.000,0.0103675,0.000,9144.000,0.009,1.863,15.168,1.616,915.223,9.475,849.612,-0.046,-9.716,-0.026,0.208,-0.033,-0.030,-0.000,0.000,0.000,0.000,-0.013,0.697,0.009,0.717,0.0000000,0.0000000,0.000,0.000,0.000,0.000,0,00:00:00,-21,0.000,0.000,91535.531,9.483,0.000,0.000,0.269,-9.843,0.114,-0.003,0.009,0.001,0.000,0.000
31.952,0,0,-1.392,0.357,0.095,-1.401,0.442,1.388,-0.683,0.390,-9.846,0.000,0.000,0.0103675,0.000,9144.000,0.005,1.631,15.329,1.613,915.216,9.475,849.679,0.042,-9.871,0.091,0.359,0.002,-0.011,0.000,0.000,0.000,0.000,-0.010,0.695,0.012,0.719,0.0000000,0.0000000,0.000,0.000,0.000,0.000,0,00:00:00,-22,0.000,0.000,91525.266,9.477,0.000,0.000,0.407,-9.773,-0.044,0.004,-0.010,-0.003,0.000,0.000
32.053,0,0,-1.389,0.365,0.133,-1.399,0.462,1.143,-0.704,0.389,-9.845,0.000,0.000,0.0103675,0.000,9144.000,0.006,1.889,15.490,1.609,915.216,9.475,849.679,0.047,-9.871,0.091,0.359,0.002,-0.011,0.000,0.000,0.000,0.000,-0.008,0.694,0.013,0.719,0.0000000,0.0000000,0.000,0.000,0.000,0.000,0,00:00:00,-22,0.000,0.000,91525.266,9.477,0.000,0.000,0.407,-9.773,-0.044,0.004,-0.010,-0.003,0.000,0.000
32.154,0,0,-1.387,0.373,-0.163,-1.397,0.473,0.283,-0.711,0.302,-9.880,0.000,0.000,0.0103675,0.000,9144.000,0.006,2.018,15.650,1.602,915.247,9.477,849.397,-0.235,-9.904,0.008,0.357,0.006,-0.004,0.015,0.000,0.000,0.000,-0.009,0.694,0.012,0.720,0.0000000,0.0000000,0.000,0.000,0.000,0.000,0,00:00:00,-22,0.000,0.000,91521.617,9.475,0.000,0.000,0.285,-9.762,0.000,-0.011,-0.007,-0.008,0.000,0.000
